연도,명절,날짜,요일,시도,시군구,사고,사망,중상,부상
2021,설날,2021-02-11,목,강원,강릉시,1,0,0,1
2021,설날,2021-02-11,목,강원,고성군,1,0,0,1
2021,설날,2021-02-11,목,강원,동해시,0,0,0,0
2021,설날,2021-02-11,목,강원,삼척시,0,0,0,0
2021,설날,2021-02-11,목,강원,소계,9,0,8,18
2021,설날,2021-02-11,목,강원,속초시,2,0,6,9
2021,설날,2021-02-11,목,강원,양구군,1,0,0,1
2021,설날,2021-02-11,목,강원,양양군,0,0,0,0
2021,설날,2021-02-11,목,강원,영월군,0,0,0,0
2021,설날,2021-02-11,목,강원,원주시,2,0,1,3
2021,설날,2021-02-11,목,강원,인제군,0,0,0,0
2021,설날,2021-02-11,목,강원,정선군,1,0,0,2
2021,설날,2021-02-11,목,강원,철원군,1,0,1,1
2021,설날,2021-02-11,목,강원,춘천시,0,0,0,0
2021,설날,2021-02-11,목,강원,태백시,0,0,0,0
2021,설날,2021-02-11,목,강원,평창군,0,0,0,0
2021,설날,2021-02-11,목,강원,홍천군,0,0,0,0
2021,설날,2021-02-11,목,강원,화천군,0,0,0,0
2021,설날,2021-02-11,목,강원,횡성군,0,0,0,0
2021,설날,2021-02-11,목,경기,가평군,0,0,0,0
2021,설날,2021-02-11,목,경기,고양시,6,0,2,10
2021,설날,2021-02-11,목,경기,과천시,0,0,0,0
2021,설날,2021-02-11,목,경기,광명시,3,0,0,4
2021,설날,2021-02-11,목,경기,광주시,2,0,0,5
2021,설날,2021-02-11,목,경기,구리시,1,0,0,3
2021,설날,2021-02-11,목,경기,군포시,2,0,0,3
2021,설날,2021-02-11,목,경기,김포시,4,0,1,7
2021,설날,2021-02-11,목,경기,남양주시,8,0,1,14
2021,설날,2021-02-11,목,경기,동두천시,1,0,1,3
2021,설날,2021-02-11,목,경기,부천시,7,0,2,10
2021,설날,2021-02-11,목,경기,성남시,3,0,0,5
2021,설날,2021-02-11,목,경기,소계,100,1,29,156
2021,설날,2021-02-11,목,경기,수원시,10,0,2,12
2021,설날,2021-02-11,목,경기,시흥시,4,0,0,4
2021,설날,2021-02-11,목,경기,안산시,10,0,4,11
2021,설날,2021-02-11,목,경기,안성시,2,0,1,3
2021,설날,2021-02-11,목,경기,안양시,2,0,0,2
2021,설날,2021-02-11,목,경기,양주시,0,0,0,0
2021,설날,2021-02-11,목,경기,양평군,1,1,0,0
2021,설날,2021-02-11,목,경기,여주시,3,0,0,6
2021,설날,2021-02-11,목,경기,연천군,0,0,0,0
2021,설날,2021-02-11,목,경기,오산시,2,0,1,2
2021,설날,2021-02-11,목,경기,용인시,4,0,2,6
2021,설날,2021-02-11,목,경기,의왕시,0,0,0,0
2021,설날,2021-02-11,목,경기,의정부시,4,0,2,8
2021,설날,2021-02-11,목,경기,이천시,1,0,1,1
2021,설날,2021-02-11,목,경기,파주시,4,0,2,4
2021,설날,2021-02-11,목,경기,평택시,8,0,4,19
2021,설날,2021-02-11,목,경기,포천시,1,0,0,1
2021,설날,2021-02-11,목,경기,하남시,2,0,0,3
2021,설날,2021-02-11,목,경기,화성시,5,0,3,10
2021,설날,2021-02-11,목,경남,거제시,2,0,2,2
2021,설날,2021-02-11,목,경남,거창군,0,0,0,0
2021,설날,2021-02-11,목,경남,고성군,0,0,0,0
2021,설날,2021-02-11,목,경남,김해시,4,0,1,5
2021,설날,2021-02-11,목,경남,남해군,0,0,0,0
2021,설날,2021-02-11,목,경남,밀양시,0,0,0,0
2021,설날,2021-02-11,목,경남,사천시,0,0,0,0
2021,설날,2021-02-11,목,경남,산청군,0,0,0,0
2021,설날,2021-02-11,목,경남,소계,15,1,7,22
2021,설날,2021-02-11,목,경남,양산시,2,0,1,4
2021,설날,2021-02-11,목,경남,의령군,0,0,0,0
2021,설날,2021-02-11,목,경남,진주시,1,0,0,5
2021,설날,2021-02-11,목,경남,창녕군,0,0,0,0
2021,설날,2021-02-11,목,경남,창원시,5,1,3,4
2021,설날,2021-02-11,목,경남,통영시,0,0,0,0
2021,설날,2021-02-11,목,경남,하동군,0,0,0,0
2021,설날,2021-02-11,목,경남,함안군,1,0,0,2
2021,설날,2021-02-11,목,경남,함양군,0,0,0,0
2021,설날,2021-02-11,목,경남,합천군,0,0,0,0
2021,설날,2021-02-11,목,경북,경산시,0,0,0,0
2021,설날,2021-02-11,목,경북,경주시,0,0,0,0
2021,설날,2021-02-11,목,경북,고령군,0,0,0,0
2021,설날,2021-02-11,목,경북,구미시,3,0,1,3
2021,설날,2021-02-11,목,경북,군위군,0,0,0,0
2021,설날,2021-02-11,목,경북,김천시,0,0,0,0
2021,설날,2021-02-11,목,경북,문경시,1,0,0,3
2021,설날,2021-02-11,목,경북,봉화군,0,0,0,0
2021,설날,2021-02-11,목,경북,상주시,1,0,0,1
2021,설날,2021-02-11,목,경북,성주군,1,0,0,1
2021,설날,2021-02-11,목,경북,소계,21,0,5,31
2021,설날,2021-02-11,목,경북,안동시,0,0,0,0
2021,설날,2021-02-11,목,경북,영덕군,0,0,0,0
2021,설날,2021-02-11,목,경북,영양군,1,0,0,1
2021,설날,2021-02-11,목,경북,영주시,4,0,1,4
2021,설날,2021-02-11,목,경북,영천시,3,0,0,4
2021,설날,2021-02-11,목,경북,예천군,1,0,1,1
2021,설날,2021-02-11,목,경북,울릉군,0,0,0,0
2021,설날,2021-02-11,목,경북,울진군,0,0,0,0
2021,설날,2021-02-11,목,경북,의성군,0,0,0,0
2021,설날,2021-02-11,목,경북,청도군,1,0,1,1
2021,설날,2021-02-11,목,경북,청송군,0,0,0,0
2021,설날,2021-02-11,목,경북,칠곡군,1,0,0,5
2021,설날,2021-02-11,목,경북,포항시,4,0,1,7
2021,설날,2021-02-11,목,광주,광산구,2,0,0,3
2021,설날,2021-02-11,목,광주,남구,1,0,0,2
2021,설날,2021-02-11,목,광주,동구,2,0,0,3
2021,설날,2021-02-11,목,광주,북구,3,0,1,3
2021,설날,2021-02-11,목,광주,서구,3,1,0,4
2021,설날,2021-02-11,목,광주,소계,11,1,1,15
2021,설날,2021-02-11,목,대구,남구,2,0,1,2
2021,설날,2021-02-11,목,대구,달서구,4,0,0,4
2021,설날,2021-02-11,목,대구,달성군,2,1,0,1
2021,설날,2021-02-11,목,대구,동구,4,0,0,9
2021,설날,2021-02-11,목,대구,북구,2,0,1,2
2021,설날,2021-02-11,목,대구,서구,0,0,0,0
2021,설날,2021-02-11,목,대구,소계,17,1,2,24
2021,설날,2021-02-11,목,대구,수성구,1,0,0,3
2021,설날,2021-02-11,목,대구,중구,2,0,0,3
2021,설날,2021-02-11,목,대전,대덕구,1,0,0,1
2021,설날,2021-02-11,목,대전,동구,1,0,0,2
2021,설날,2021-02-11,목,대전,서구,7,0,1,10
2021,설날,2021-02-11,목,대전,소계,12,0,2,18
2021,설날,2021-02-11,목,대전,유성구,3,0,1,5
2021,설날,2021-02-11,목,대전,중구,0,0,0,0
2021,설날,2021-02-11,목,부산,강서구,2,0,0,4
2021,설날,2021-02-11,목,부산,금정구,2,0,0,2
2021,설날,2021-02-11,목,부산,기장군,0,0,0,0
2021,설날,2021-02-11,목,부산,남구,1,0,1,1
2021,설날,2021-02-11,목,부산,동구,0,0,0,0
2021,설날,2021-02-11,목,부산,동래구,1,0,0,1
2021,설날,2021-02-11,목,부산,북구,2,0,0,3
2021,설날,2021-02-11,목,부산,사상구,2,0,1,2
2021,설날,2021-02-11,목,부산,사하구,2,0,1,2
2021,설날,2021-02-11,목,부산,서구,0,0,0,0
2021,설날,2021-02-11,목,부산,소계,27,0,8,38
2021,설날,2021-02-11,목,부산,수영구,1,0,0,1
2021,설날,2021-02-11,목,부산,연제구,3,0,3,5
2021,설날,2021-02-11,목,부산,영도구,1,0,0,2
2021,설날,2021-02-11,목,부산,중구,0,0,0,0
2021,설날,2021-02-11,목,부산,진구,8,0,2,11
2021,설날,2021-02-11,목,부산,해운대구,2,0,0,4
2021,설날,2021-02-11,목,서울,강남구,7,0,2,8
2021,설날,2021-02-11,목,서울,강동구,0,0,0,0
2021,설날,2021-02-11,목,서울,강북구,6,0,3,7
2021,설날,2021-02-11,목,서울,강서구,3,0,1,5
2021,설날,2021-02-11,목,서울,관악구,0,0,0,0
2021,설날,2021-02-11,목,서울,광진구,2,0,1,2
2021,설날,2021-02-11,목,서울,구로구,2,0,0,5
2021,설날,2021-02-11,목,서울,금천구,2,0,0,3
2021,설날,2021-02-11,목,서울,노원구,0,0,0,0
2021,설날,2021-02-11,목,서울,도봉구,3,0,1,3
2021,설날,2021-02-11,목,서울,동대문구,2,0,0,2
2021,설날,2021-02-11,목,서울,동작구,2,0,0,3
2021,설날,2021-02-11,목,서울,마포구,2,0,0,2
2021,설날,2021-02-11,목,서울,서대문구,0,0,0,0
2021,설날,2021-02-11,목,서울,서초구,2,0,1,2
2021,설날,2021-02-11,목,서울,성동구,2,0,1,2
2021,설날,2021-02-11,목,서울,성북구,2,0,0,4
2021,설날,2021-02-11,목,서울,소계,58,0,15,76
2021,설날,2021-02-11,목,서울,송파구,4,0,1,5
2021,설날,2021-02-11,목,서울,양천구,3,0,0,3
2021,설날,2021-02-11,목,서울,영등포구,2,0,1,2
2021,설날,2021-02-11,목,서울,용산구,1,0,1,1
2021,설날,2021-02-11,목,서울,은평구,2,0,0,4
2021,설날,2021-02-11,목,서울,종로구,0,0,0,0
2021,설날,2021-02-11,목,서울,중구,2,0,0,3
2021,설날,2021-02-11,목,서울,중랑구,7,0,2,10
2021,설날,2021-02-11,목,세종,세종시,0,0,0,0
2021,설날,2021-02-11,목,세종,소계,0,0,0,0
2021,설날,2021-02-11,목,울산,남구,1,0,0,1
2021,설날,2021-02-11,목,울산,동구,2,0,0,2
2021,설날,2021-02-11,목,울산,북구,1,0,1,1
2021,설날,2021-02-11,목,울산,소계,8,0,3,8
2021,설날,2021-02-11,목,울산,울주군,4,0,2,4
2021,설날,2021-02-11,목,울산,중구,0,0,0,0
2021,설날,2021-02-11,목,인천,강화군,0,0,0,0
2021,설날,2021-02-11,목,인천,계양구,2,0,1,2
2021,설날,2021-02-11,목,인천,남동구,4,0,0,6
2021,설날,2021-02-11,목,인천,동구,0,0,0,0
2021,설날,2021-02-11,목,인천,미추홀구,5,0,0,8
2021,설날,2021-02-11,목,인천,부평구,6,0,1,9
2021,설날,2021-02-11,목,인천,서구,2,0,0,3
2021,설날,2021-02-11,목,인천,소계,22,0,2,33
2021,설날,2021-02-11,목,인천,연수구,1,0,0,1
2021,설날,2021-02-11,목,인천,옹진군,0,0,0,0
2021,설날,2021-02-11,목,인천,중구,2,0,0,4
2021,설날,2021-02-11,목,전국,전국,355,5,98,524
2021,설날,2021-02-11,목,전남,강진군,1,0,1,2
2021,설날,2021-02-11,목,전남,고흥군,0,0,0,0
2021,설날,2021-02-11,목,전남,곡성군,0,0,0,0
2021,설날,2021-02-11,목,전남,광양시,1,0,0,1
2021,설날,2021-02-11,목,전남,구례군,0,0,0,0
2021,설날,2021-02-11,목,전남,나주시,0,0,0,0
2021,설날,2021-02-11,목,전남,담양군,2,0,3,3
2021,설날,2021-02-11,목,전남,목포시,3,0,1,3
2021,설날,2021-02-11,목,전남,무안군,2,0,0,2
2021,설날,2021-02-11,목,전남,보성군,0,0,0,0
2021,설날,2021-02-11,목,전남,소계,18,0,7,27
2021,설날,2021-02-11,목,전남,순천시,1,0,1,1
2021,설날,2021-02-11,목,전남,신안군,0,0,0,0
2021,설날,2021-02-11,목,전남,여수시,6,0,1,12
2021,설날,2021-02-11,목,전남,영광군,0,0,0,0
2021,설날,2021-02-11,목,전남,영암군,0,0,0,0
2021,설날,2021-02-11,목,전남,완도군,1,0,0,1
2021,설날,2021-02-11,목,전남,장성군,0,0,0,0
2021,설날,2021-02-11,목,전남,장흥군,0,0,0,0
2021,설날,2021-02-11,목,전남,진도군,0,0,0,0
2021,설날,2021-02-11,목,전남,함평군,0,0,0,0
2021,설날,2021-02-11,목,전남,해남군,1,0,0,2
2021,설날,2021-02-11,목,전남,화순군,0,0,0,0
2021,설날,2021-02-11,목,전북,고창군,1,0,0,1
2021,설날,2021-02-11,목,전북,군산시,1,0,0,1
2021,설날,2021-02-11,목,전북,김제시,0,0,0,0
2021,설날,2021-02-11,목,전북,남원시,0,0,0,0
2021,설날,2021-02-11,목,전북,무주군,0,0,0,0
2021,설날,2021-02-11,목,전북,부안군,0,0,0,0
2021,설날,2021-02-11,목,전북,소계,6,1,0,6
2021,설날,2021-02-11,목,전북,순창군,0,0,0,0
2021,설날,2021-02-11,목,전북,완주군,1,0,0,1
2021,설날,2021-02-11,목,전북,익산시,1,0,0,2
2021,설날,2021-02-11,목,전북,임실군,0,0,0,0
2021,설날,2021-02-11,목,전북,장수군,0,0,0,0
2021,설날,2021-02-11,목,전북,전주시,2,1,0,1
2021,설날,2021-02-11,목,전북,정읍시,0,0,0,0
2021,설날,2021-02-11,목,전북,진안군,0,0,0,0
2021,설날,2021-02-11,목,제주,서귀포시,3,0,0,6
2021,설날,2021-02-11,목,제주,소계,7,0,1,12
2021,설날,2021-02-11,목,제주,제주시,4,0,1,6
2021,설날,2021-02-11,목,충남,계룡시,0,0,0,0
2021,설날,2021-02-11,목,충남,공주시,2,0,1,2
2021,설날,2021-02-11,목,충남,금산군,0,0,0,0
2021,설날,2021-02-11,목,충남,논산시,0,0,0,0
2021,설날,2021-02-11,목,충남,당진시,1,0,0,1
2021,설날,2021-02-11,목,충남,보령시,0,0,0,0
2021,설날,2021-02-11,목,충남,부여군,0,0,0,0
2021,설날,2021-02-11,목,충남,서산시,1,0,4,4
2021,설날,2021-02-11,목,충남,서천군,1,0,0,4
2021,설날,2021-02-11,목,충남,소계,13,0,7,25
2021,설날,2021-02-11,목,충남,아산시,5,0,0,11
2021,설날,2021-02-11,목,충남,예산군,0,0,0,0
2021,설날,2021-02-11,목,충남,천안시,2,0,1,2
2021,설날,2021-02-11,목,충남,청양군,1,0,1,1
2021,설날,2021-02-11,목,충남,태안군,0,0,0,0
2021,설날,2021-02-11,목,충남,홍성군,0,0,0,0
2021,설날,2021-02-11,목,충북,괴산군,1,0,0,2
2021,설날,2021-02-11,목,충북,단양군,0,0,0,0
2021,설날,2021-02-11,목,충북,보은군,0,0,0,0
2021,설날,2021-02-11,목,충북,소계,11,0,1,15
2021,설날,2021-02-11,목,충북,영동군,1,0,0,1
2021,설날,2021-02-11,목,충북,옥천군,0,0,0,0
2021,설날,2021-02-11,목,충북,음성군,0,0,0,0
2021,설날,2021-02-11,목,충북,제천시,0,0,0,0
2021,설날,2021-02-11,목,충북,증평군,0,0,0,0
2021,설날,2021-02-11,목,충북,진천군,0,0,0,0
2021,설날,2021-02-11,목,충북,청주시,8,0,1,10
2021,설날,2021-02-11,목,충북,충주시,1,0,0,2
2021,설날,2021-02-12,금,강원,강릉시,0,0,0,0
2021,설날,2021-02-12,금,강원,고성군,1,0,0,1
2021,설날,2021-02-12,금,강원,동해시,0,0,0,0
2021,설날,2021-02-12,금,강원,삼척시,0,0,0,0
2021,설날,2021-02-12,금,강원,소계,11,0,9,21
2021,설날,2021-02-12,금,강원,속초시,4,0,5,9
2021,설날,2021-02-12,금,강원,양구군,0,0,0,0
2021,설날,2021-02-12,금,강원,양양군,1,0,1,1
2021,설날,2021-02-12,금,강원,영월군,0,0,0,0
2021,설날,2021-02-12,금,강원,원주시,4,0,3,9
2021,설날,2021-02-12,금,강원,인제군,0,0,0,0
2021,설날,2021-02-12,금,강원,정선군,0,0,0,0
2021,설날,2021-02-12,금,강원,철원군,0,0,0,0
2021,설날,2021-02-12,금,강원,춘천시,1,0,0,1
2021,설날,2021-02-12,금,강원,태백시,0,0,0,0
2021,설날,2021-02-12,금,강원,평창군,0,0,0,0
2021,설날,2021-02-12,금,강원,홍천군,0,0,0,0
2021,설날,2021-02-12,금,강원,화천군,0,0,0,0
2021,설날,2021-02-12,금,강원,횡성군,0,0,0,0
2021,설날,2021-02-12,금,경기,가평군,0,0,0,0
2021,설날,2021-02-12,금,경기,고양시,9,0,8,17
2021,설날,2021-02-12,금,경기,과천시,0,0,0,0
2021,설날,2021-02-12,금,경기,광명시,1,0,1,4
2021,설날,2021-02-12,금,경기,광주시,3,0,0,9
2021,설날,2021-02-12,금,경기,구리시,0,0,0,0
2021,설날,2021-02-12,금,경기,군포시,0,0,0,0
2021,설날,2021-02-12,금,경기,김포시,2,0,2,6
2021,설날,2021-02-12,금,경기,남양주시,1,0,0,4
2021,설날,2021-02-12,금,경기,동두천시,0,0,0,0
2021,설날,2021-02-12,금,경기,부천시,8,0,2,17
2021,설날,2021-02-12,금,경기,성남시,1,0,0,1
2021,설날,2021-02-12,금,경기,소계,61,1,23,125
2021,설날,2021-02-12,금,경기,수원시,4,0,1,6
2021,설날,2021-02-12,금,경기,시흥시,3,0,0,4
2021,설날,2021-02-12,금,경기,안산시,2,0,0,5
2021,설날,2021-02-12,금,경기,안성시,1,0,0,1
2021,설날,2021-02-12,금,경기,안양시,0,0,0,0
2021,설날,2021-02-12,금,경기,양주시,0,0,0,0
2021,설날,2021-02-12,금,경기,양평군,3,1,2,5
2021,설날,2021-02-12,금,경기,여주시,3,0,2,7
2021,설날,2021-02-12,금,경기,연천군,0,0,0,0
2021,설날,2021-02-12,금,경기,오산시,1,0,0,3
2021,설날,2021-02-12,금,경기,용인시,5,0,2,15
2021,설날,2021-02-12,금,경기,의왕시,0,0,0,0
2021,설날,2021-02-12,금,경기,의정부시,0,0,0,0
2021,설날,2021-02-12,금,경기,이천시,2,0,0,5
2021,설날,2021-02-12,금,경기,파주시,1,0,0,1
2021,설날,2021-02-12,금,경기,평택시,6,0,2,9
2021,설날,2021-02-12,금,경기,포천시,2,0,1,2
2021,설날,2021-02-12,금,경기,하남시,0,0,0,0
2021,설날,2021-02-12,금,경기,화성시,3,0,0,4
2021,설날,2021-02-12,금,경남,거제시,2,0,0,5
2021,설날,2021-02-12,금,경남,거창군,0,0,0,0
2021,설날,2021-02-12,금,경남,고성군,0,0,0,0
2021,설날,2021-02-12,금,경남,김해시,5,0,0,8
2021,설날,2021-02-12,금,경남,남해군,0,0,0,0
2021,설날,2021-02-12,금,경남,밀양시,2,0,0,2
2021,설날,2021-02-12,금,경남,사천시,1,0,0,1
2021,설날,2021-02-12,금,경남,산청군,0,0,0,0
2021,설날,2021-02-12,금,경남,소계,21,0,9,33
2021,설날,2021-02-12,금,경남,양산시,3,0,3,5
2021,설날,2021-02-12,금,경남,의령군,1,0,1,1
2021,설날,2021-02-12,금,경남,진주시,0,0,0,0
2021,설날,2021-02-12,금,경남,창녕군,0,0,0,0
2021,설날,2021-02-12,금,경남,창원시,7,0,5,11
2021,설날,2021-02-12,금,경남,통영시,0,0,0,0
2021,설날,2021-02-12,금,경남,하동군,0,0,0,0
2021,설날,2021-02-12,금,경남,함안군,0,0,0,0
2021,설날,2021-02-12,금,경남,함양군,0,0,0,0
2021,설날,2021-02-12,금,경남,합천군,0,0,0,0
2021,설날,2021-02-12,금,경북,경산시,0,0,0,0
2021,설날,2021-02-12,금,경북,경주시,2,0,3,5
2021,설날,2021-02-12,금,경북,고령군,0,0,0,0
2021,설날,2021-02-12,금,경북,구미시,3,0,2,3
2021,설날,2021-02-12,금,경북,군위군,1,0,0,2
2021,설날,2021-02-12,금,경북,김천시,0,0,0,0
2021,설날,2021-02-12,금,경북,문경시,1,0,1,1
2021,설날,2021-02-12,금,경북,봉화군,1,0,1,1
2021,설날,2021-02-12,금,경북,상주시,0,0,0,0
2021,설날,2021-02-12,금,경북,성주군,0,0,0,0
2021,설날,2021-02-12,금,경북,소계,25,1,8,40
2021,설날,2021-02-12,금,경북,안동시,2,0,0,2
2021,설날,2021-02-12,금,경북,영덕군,2,0,0,3
2021,설날,2021-02-12,금,경북,영양군,1,1,0,0
2021,설날,2021-02-12,금,경북,영주시,1,0,0,1
2021,설날,2021-02-12,금,경북,영천시,2,0,0,7
2021,설날,2021-02-12,금,경북,예천군,0,0,0,0
2021,설날,2021-02-12,금,경북,울릉군,0,0,0,0
2021,설날,2021-02-12,금,경북,울진군,0,0,0,0
2021,설날,2021-02-12,금,경북,의성군,0,0,0,0
2021,설날,2021-02-12,금,경북,청도군,0,0,0,0
2021,설날,2021-02-12,금,경북,청송군,0,0,0,0
2021,설날,2021-02-12,금,경북,칠곡군,2,0,0,3
2021,설날,2021-02-12,금,경북,포항시,7,0,1,12
2021,설날,2021-02-12,금,광주,광산구,1,0,0,2
2021,설날,2021-02-12,금,광주,남구,1,0,0,1
2021,설날,2021-02-12,금,광주,동구,2,0,0,2
2021,설날,2021-02-12,금,광주,북구,1,0,0,1
2021,설날,2021-02-12,금,광주,서구,1,0,0,2
2021,설날,2021-02-12,금,광주,소계,6,0,0,8
2021,설날,2021-02-12,금,대구,남구,2,0,1,2
2021,설날,2021-02-12,금,대구,달서구,8,0,3,17
2021,설날,2021-02-12,금,대구,달성군,2,0,1,6
2021,설날,2021-02-12,금,대구,동구,1,0,0,1
2021,설날,2021-02-12,금,대구,북구,0,0,0,0
2021,설날,2021-02-12,금,대구,서구,3,0,2,3
2021,설날,2021-02-12,금,대구,소계,18,0,8,31
2021,설날,2021-02-12,금,대구,수성구,2,0,1,2
2021,설날,2021-02-12,금,대구,중구,0,0,0,0
2021,설날,2021-02-12,금,대전,대덕구,2,0,2,2
2021,설날,2021-02-12,금,대전,동구,2,0,0,3
2021,설날,2021-02-12,금,대전,서구,0,0,0,0
2021,설날,2021-02-12,금,대전,소계,11,0,4,32
2021,설날,2021-02-12,금,대전,유성구,5,0,2,17
2021,설날,2021-02-12,금,대전,중구,2,0,0,10
2021,설날,2021-02-12,금,부산,강서구,0,0,0,0
2021,설날,2021-02-12,금,부산,금정구,3,0,1,3
2021,설날,2021-02-12,금,부산,기장군,1,0,1,1
2021,설날,2021-02-12,금,부산,남구,1,0,0,1
2021,설날,2021-02-12,금,부산,동구,1,0,0,2
2021,설날,2021-02-12,금,부산,동래구,0,0,0,0
2021,설날,2021-02-12,금,부산,북구,1,0,0,1
2021,설날,2021-02-12,금,부산,사상구,1,0,0,1
2021,설날,2021-02-12,금,부산,사하구,1,0,1,1
2021,설날,2021-02-12,금,부산,서구,3,0,2,5
2021,설날,2021-02-12,금,부산,소계,23,0,6,36
2021,설날,2021-02-12,금,부산,수영구,1,0,0,1
2021,설날,2021-02-12,금,부산,연제구,1,0,0,2
2021,설날,2021-02-12,금,부산,영도구,1,0,0,1
2021,설날,2021-02-12,금,부산,중구,1,0,1,2
2021,설날,2021-02-12,금,부산,진구,3,0,0,4
2021,설날,2021-02-12,금,부산,해운대구,4,0,0,11
2021,설날,2021-02-12,금,서울,강남구,3,0,0,7
2021,설날,2021-02-12,금,서울,강동구,0,0,0,0
2021,설날,2021-02-12,금,서울,강북구,2,0,1,3
2021,설날,2021-02-12,금,서울,강서구,2,0,0,2
2021,설날,2021-02-12,금,서울,관악구,1,0,0,1
2021,설날,2021-02-12,금,서울,광진구,2,0,1,4
2021,설날,2021-02-12,금,서울,구로구,2,0,0,2
2021,설날,2021-02-12,금,서울,금천구,0,0,0,0
2021,설날,2021-02-12,금,서울,노원구,1,0,0,2
2021,설날,2021-02-12,금,서울,도봉구,0,0,0,0
2021,설날,2021-02-12,금,서울,동대문구,3,0,0,4
2021,설날,2021-02-12,금,서울,동작구,2,0,0,3
2021,설날,2021-02-12,금,서울,마포구,2,0,0,3
2021,설날,2021-02-12,금,서울,서대문구,0,0,0,0
2021,설날,2021-02-12,금,서울,서초구,1,0,3,3
2021,설날,2021-02-12,금,서울,성동구,1,0,0,2
2021,설날,2021-02-12,금,서울,성북구,0,0,0,0
2021,설날,2021-02-12,금,서울,소계,37,0,8,53
2021,설날,2021-02-12,금,서울,송파구,1,0,0,1
2021,설날,2021-02-12,금,서울,양천구,3,0,1,4
2021,설날,2021-02-12,금,서울,영등포구,1,0,0,1
2021,설날,2021-02-12,금,서울,용산구,0,0,0,0
2021,설날,2021-02-12,금,서울,은평구,2,0,0,2
2021,설날,2021-02-12,금,서울,종로구,2,0,1,2
2021,설날,2021-02-12,금,서울,중구,0,0,0,0
2021,설날,2021-02-12,금,서울,중랑구,6,0,1,7
2021,설날,2021-02-12,금,세종,세종시,0,0,0,0
2021,설날,2021-02-12,금,세종,소계,0,0,0,0
2021,설날,2021-02-12,금,울산,남구,1,0,0,1
2021,설날,2021-02-12,금,울산,동구,2,0,0,2
2021,설날,2021-02-12,금,울산,북구,0,0,0,0
2021,설날,2021-02-12,금,울산,소계,6,0,1,7
2021,설날,2021-02-12,금,울산,울주군,2,0,1,3
2021,설날,2021-02-12,금,울산,중구,1,0,0,1
2021,설날,2021-02-12,금,인천,강화군,0,0,0,0
2021,설날,2021-02-12,금,인천,계양구,0,0,0,0
2021,설날,2021-02-12,금,인천,남동구,0,0,0,0
2021,설날,2021-02-12,금,인천,동구,0,0,0,0
2021,설날,2021-02-12,금,인천,미추홀구,2,0,0,3
2021,설날,2021-02-12,금,인천,부평구,2,0,0,2
2021,설날,2021-02-12,금,인천,서구,3,0,0,6
2021,설날,2021-02-12,금,인천,소계,11,0,1,20
2021,설날,2021-02-12,금,인천,연수구,2,0,1,3
2021,설날,2021-02-12,금,인천,옹진군,0,0,0,0
2021,설날,2021-02-12,금,인천,중구,2,0,0,6
2021,설날,2021-02-12,금,전국,전국,288,3,88,518
2021,설날,2021-02-12,금,전남,강진군,2,0,0,4
2021,설날,2021-02-12,금,전남,고흥군,1,0,0,6
2021,설날,2021-02-12,금,전남,곡성군,0,0,0,0
2021,설날,2021-02-12,금,전남,광양시,1,0,1,2
2021,설날,2021-02-12,금,전남,구례군,0,0,0,0
2021,설날,2021-02-12,금,전남,나주시,1,0,0,1
2021,설날,2021-02-12,금,전남,담양군,0,0,0,0
2021,설날,2021-02-12,금,전남,목포시,2,0,0,6
2021,설날,2021-02-12,금,전남,무안군,1,0,0,3
2021,설날,2021-02-12,금,전남,보성군,0,0,0,0
2021,설날,2021-02-12,금,전남,소계,15,0,1,34
2021,설날,2021-02-12,금,전남,순천시,2,0,0,5
2021,설날,2021-02-12,금,전남,신안군,0,0,0,0
2021,설날,2021-02-12,금,전남,여수시,3,0,0,3
2021,설날,2021-02-12,금,전남,영광군,0,0,0,0
2021,설날,2021-02-12,금,전남,영암군,0,0,0,0
2021,설날,2021-02-12,금,전남,완도군,1,0,0,1
2021,설날,2021-02-12,금,전남,장성군,0,0,0,0
2021,설날,2021-02-12,금,전남,장흥군,1,0,0,3
2021,설날,2021-02-12,금,전남,진도군,0,0,0,0
2021,설날,2021-02-12,금,전남,함평군,0,0,0,0
2021,설날,2021-02-12,금,전남,해남군,0,0,0,0
2021,설날,2021-02-12,금,전남,화순군,0,0,0,0
2021,설날,2021-02-12,금,전북,고창군,0,0,0,0
2021,설날,2021-02-12,금,전북,군산시,1,0,0,1
2021,설날,2021-02-12,금,전북,김제시,2,0,0,4
2021,설날,2021-02-12,금,전북,남원시,0,0,0,0
2021,설날,2021-02-12,금,전북,무주군,0,0,0,0
2021,설날,2021-02-12,금,전북,부안군,0,0,0,0
2021,설날,2021-02-12,금,전북,소계,9,1,1,16
2021,설날,2021-02-12,금,전북,순창군,0,0,0,0
2021,설날,2021-02-12,금,전북,완주군,0,0,0,0
2021,설날,2021-02-12,금,전북,익산시,5,1,1,7
2021,설날,2021-02-12,금,전북,임실군,0,0,0,0
2021,설날,2021-02-12,금,전북,장수군,0,0,0,0
2021,설날,2021-02-12,금,전북,전주시,1,0,0,4
2021,설날,2021-02-12,금,전북,정읍시,0,0,0,0
2021,설날,2021-02-12,금,전북,진안군,0,0,0,0
2021,설날,2021-02-12,금,제주,서귀포시,5,0,2,7
2021,설날,2021-02-12,금,제주,소계,6,0,2,8
2021,설날,2021-02-12,금,제주,제주시,1,0,0,1
2021,설날,2021-02-12,금,충남,계룡시,0,0,0,0
2021,설날,2021-02-12,금,충남,공주시,1,0,0,2
2021,설날,2021-02-12,금,충남,금산군,0,0,0,0
2021,설날,2021-02-12,금,충남,논산시,2,0,1,2
2021,설날,2021-02-12,금,충남,당진시,1,0,0,1
2021,설날,2021-02-12,금,충남,보령시,1,0,1,1
2021,설날,2021-02-12,금,충남,부여군,0,0,0,0
2021,설날,2021-02-12,금,충남,서산시,0,0,0,0
2021,설날,2021-02-12,금,충남,서천군,1,0,1,1
2021,설날,2021-02-12,금,충남,소계,15,0,5,26
2021,설날,2021-02-12,금,충남,아산시,1,0,0,1
2021,설날,2021-02-12,금,충남,예산군,1,0,0,1
2021,설날,2021-02-12,금,충남,천안시,4,0,1,7
2021,설날,2021-02-12,금,충남,청양군,0,0,0,0
2021,설날,2021-02-12,금,충남,태안군,1,0,1,5
2021,설날,2021-02-12,금,충남,홍성군,2,0,0,5
2021,설날,2021-02-12,금,충북,괴산군,0,0,0,0
2021,설날,2021-02-12,금,충북,단양군,0,0,0,0
2021,설날,2021-02-12,금,충북,보은군,0,0,0,0
2021,설날,2021-02-12,금,충북,소계,13,0,2,28
2021,설날,2021-02-12,금,충북,영동군,0,0,0,0
2021,설날,2021-02-12,금,충북,옥천군,1,0,0,1
2021,설날,2021-02-12,금,충북,음성군,0,0,0,0
2021,설날,2021-02-12,금,충북,제천시,0,0,0,0
2021,설날,2021-02-12,금,충북,증평군,1,0,1,1
2021,설날,2021-02-12,금,충북,진천군,1,0,1,1
2021,설날,2021-02-12,금,충북,청주시,9,0,0,23
2021,설날,2021-02-12,금,충북,충주시,1,0,0,2
2021,설날,2021-02-13,토,강원,강릉시,3,0,1,5
2021,설날,2021-02-13,토,강원,고성군,0,0,0,0
2021,설날,2021-02-13,토,강원,동해시,0,0,0,0
2021,설날,2021-02-13,토,강원,삼척시,2,1,0,3
2021,설날,2021-02-13,토,강원,소계,16,1,5,37
2021,설날,2021-02-13,토,강원,속초시,2,0,1,3
2021,설날,2021-02-13,토,강원,양구군,0,0,0,0
2021,설날,2021-02-13,토,강원,양양군,1,0,0,4
2021,설날,2021-02-13,토,강원,영월군,0,0,0,0
2021,설날,2021-02-13,토,강원,원주시,1,0,1,1
2021,설날,2021-02-13,토,강원,인제군,0,0,0,0
2021,설날,2021-02-13,토,강원,정선군,1,0,0,1
2021,설날,2021-02-13,토,강원,철원군,1,0,1,1
2021,설날,2021-02-13,토,강원,춘천시,3,0,0,5
2021,설날,2021-02-13,토,강원,태백시,0,0,0,0
2021,설날,2021-02-13,토,강원,평창군,2,0,1,14
2021,설날,2021-02-13,토,강원,홍천군,0,0,0,0
2021,설날,2021-02-13,토,강원,화천군,0,0,0,0
2021,설날,2021-02-13,토,강원,횡성군,0,0,0,0
2021,설날,2021-02-13,토,경기,가평군,0,0,0,0
2021,설날,2021-02-13,토,경기,고양시,7,0,2,12
2021,설날,2021-02-13,토,경기,과천시,0,0,0,0
2021,설날,2021-02-13,토,경기,광명시,4,0,0,6
2021,설날,2021-02-13,토,경기,광주시,4,0,0,4
2021,설날,2021-02-13,토,경기,구리시,1,0,0,2
2021,설날,2021-02-13,토,경기,군포시,1,0,0,1
2021,설날,2021-02-13,토,경기,김포시,4,0,2,12
2021,설날,2021-02-13,토,경기,남양주시,10,0,1,18
2021,설날,2021-02-13,토,경기,동두천시,0,0,0,0
2021,설날,2021-02-13,토,경기,부천시,10,0,8,22
2021,설날,2021-02-13,토,경기,성남시,6,0,2,7
2021,설날,2021-02-13,토,경기,소계,100,0,30,188
2021,설날,2021-02-13,토,경기,수원시,9,0,2,14
2021,설날,2021-02-13,토,경기,시흥시,3,0,3,13
2021,설날,2021-02-13,토,경기,안산시,7,0,1,9
2021,설날,2021-02-13,토,경기,안성시,0,0,0,0
2021,설날,2021-02-13,토,경기,안양시,2,0,1,4
2021,설날,2021-02-13,토,경기,양주시,1,0,0,3
2021,설날,2021-02-13,토,경기,양평군,2,0,0,2
2021,설날,2021-02-13,토,경기,여주시,1,0,0,3
2021,설날,2021-02-13,토,경기,연천군,0,0,0,0
2021,설날,2021-02-13,토,경기,오산시,5,0,2,13
2021,설날,2021-02-13,토,경기,용인시,7,0,1,13
2021,설날,2021-02-13,토,경기,의왕시,0,0,0,0
2021,설날,2021-02-13,토,경기,의정부시,1,0,0,1
2021,설날,2021-02-13,토,경기,이천시,4,0,3,11
2021,설날,2021-02-13,토,경기,파주시,4,0,0,10
2021,설날,2021-02-13,토,경기,평택시,3,0,2,4
2021,설날,2021-02-13,토,경기,포천시,1,0,0,1
2021,설날,2021-02-13,토,경기,하남시,1,0,0,1
2021,설날,2021-02-13,토,경기,화성시,2,0,0,2
2021,설날,2021-02-13,토,경남,거제시,4,0,4,11
2021,설날,2021-02-13,토,경남,거창군,0,0,0,0
2021,설날,2021-02-13,토,경남,고성군,2,0,1,2
2021,설날,2021-02-13,토,경남,김해시,3,0,1,3
2021,설날,2021-02-13,토,경남,남해군,1,0,2,3
2021,설날,2021-02-13,토,경남,밀양시,1,0,0,1
2021,설날,2021-02-13,토,경남,사천시,2,0,0,7
2021,설날,2021-02-13,토,경남,산청군,0,0,0,0
2021,설날,2021-02-13,토,경남,소계,26,0,9,46
2021,설날,2021-02-13,토,경남,양산시,2,0,0,2
2021,설날,2021-02-13,토,경남,의령군,0,0,0,0
2021,설날,2021-02-13,토,경남,진주시,1,0,0,1
2021,설날,2021-02-13,토,경남,창녕군,1,0,0,1
2021,설날,2021-02-13,토,경남,창원시,7,0,1,13
2021,설날,2021-02-13,토,경남,통영시,1,0,0,1
2021,설날,2021-02-13,토,경남,하동군,1,0,0,1
2021,설날,2021-02-13,토,경남,함안군,0,0,0,0
2021,설날,2021-02-13,토,경남,함양군,0,0,0,0
2021,설날,2021-02-13,토,경남,합천군,0,0,0,0
2021,설날,2021-02-13,토,경북,경산시,1,0,0,1
2021,설날,2021-02-13,토,경북,경주시,6,0,2,12
2021,설날,2021-02-13,토,경북,고령군,0,0,0,0
2021,설날,2021-02-13,토,경북,구미시,4,0,0,7
2021,설날,2021-02-13,토,경북,군위군,0,0,0,0
2021,설날,2021-02-13,토,경북,김천시,3,0,1,3
2021,설날,2021-02-13,토,경북,문경시,1,0,0,6
2021,설날,2021-02-13,토,경북,봉화군,0,0,0,0
2021,설날,2021-02-13,토,경북,상주시,1,0,0,1
2021,설날,2021-02-13,토,경북,성주군,0,0,0,0
2021,설날,2021-02-13,토,경북,소계,28,0,4,55
2021,설날,2021-02-13,토,경북,안동시,0,0,0,0
2021,설날,2021-02-13,토,경북,영덕군,0,0,0,0
2021,설날,2021-02-13,토,경북,영양군,0,0,0,0
2021,설날,2021-02-13,토,경북,영주시,1,0,0,1
2021,설날,2021-02-13,토,경북,영천시,1,0,0,2
2021,설날,2021-02-13,토,경북,예천군,0,0,0,0
2021,설날,2021-02-13,토,경북,울릉군,0,0,0,0
2021,설날,2021-02-13,토,경북,울진군,0,0,0,0
2021,설날,2021-02-13,토,경북,의성군,2,0,0,4
2021,설날,2021-02-13,토,경북,청도군,0,0,0,0
2021,설날,2021-02-13,토,경북,청송군,0,0,0,0
2021,설날,2021-02-13,토,경북,칠곡군,1,0,0,1
2021,설날,2021-02-13,토,경북,포항시,7,0,1,17
2021,설날,2021-02-13,토,광주,광산구,1,0,0,2
2021,설날,2021-02-13,토,광주,남구,2,0,0,2
2021,설날,2021-02-13,토,광주,동구,2,0,0,7
2021,설날,2021-02-13,토,광주,북구,2,0,0,7
2021,설날,2021-02-13,토,광주,서구,7,0,0,12
2021,설날,2021-02-13,토,광주,소계,14,0,0,30
2021,설날,2021-02-13,토,대구,남구,3,0,1,5
2021,설날,2021-02-13,토,대구,달서구,4,0,0,8
2021,설날,2021-02-13,토,대구,달성군,0,0,0,0
2021,설날,2021-02-13,토,대구,동구,4,0,0,6
2021,설날,2021-02-13,토,대구,북구,3,0,0,3
2021,설날,2021-02-13,토,대구,서구,2,0,0,7
2021,설날,2021-02-13,토,대구,소계,22,0,2,36
2021,설날,2021-02-13,토,대구,수성구,5,0,1,6
2021,설날,2021-02-13,토,대구,중구,1,0,0,1
2021,설날,2021-02-13,토,대전,대덕구,0,0,0,0
2021,설날,2021-02-13,토,대전,동구,1,0,1,1
2021,설날,2021-02-13,토,대전,서구,4,0,2,9
2021,설날,2021-02-13,토,대전,소계,11,0,4,18
2021,설날,2021-02-13,토,대전,유성구,3,0,1,5
2021,설날,2021-02-13,토,대전,중구,3,0,0,3
2021,설날,2021-02-13,토,부산,강서구,2,0,0,4
2021,설날,2021-02-13,토,부산,금정구,2,0,4,7
2021,설날,2021-02-13,토,부산,기장군,0,0,0,0
2021,설날,2021-02-13,토,부산,남구,1,0,3,4
2021,설날,2021-02-13,토,부산,동구,1,0,0,1
2021,설날,2021-02-13,토,부산,동래구,3,0,2,5
2021,설날,2021-02-13,토,부산,북구,3,0,0,7
2021,설날,2021-02-13,토,부산,사상구,2,1,2,2
2021,설날,2021-02-13,토,부산,사하구,2,0,1,3
2021,설날,2021-02-13,토,부산,서구,0,0,0,0
2021,설날,2021-02-13,토,부산,소계,29,1,20,56
2021,설날,2021-02-13,토,부산,수영구,2,0,2,2
2021,설날,2021-02-13,토,부산,연제구,2,0,2,5
2021,설날,2021-02-13,토,부산,영도구,1,0,3,3
2021,설날,2021-02-13,토,부산,중구,0,0,0,0
2021,설날,2021-02-13,토,부산,진구,3,0,1,4
2021,설날,2021-02-13,토,부산,해운대구,5,0,0,9
2021,설날,2021-02-13,토,서울,강남구,3,0,0,3
2021,설날,2021-02-13,토,서울,강동구,4,0,1,6
2021,설날,2021-02-13,토,서울,강북구,1,0,0,1
2021,설날,2021-02-13,토,서울,강서구,2,0,0,2
2021,설날,2021-02-13,토,서울,관악구,1,0,0,1
2021,설날,2021-02-13,토,서울,광진구,4,0,1,4
2021,설날,2021-02-13,토,서울,구로구,5,0,1,6
2021,설날,2021-02-13,토,서울,금천구,2,0,1,3
2021,설날,2021-02-13,토,서울,노원구,5,0,0,12
2021,설날,2021-02-13,토,서울,도봉구,5,0,1,11
2021,설날,2021-02-13,토,서울,동대문구,2,0,0,3
2021,설날,2021-02-13,토,서울,동작구,3,0,0,4
2021,설날,2021-02-13,토,서울,마포구,3,0,1,4
2021,설날,2021-02-13,토,서울,서대문구,1,0,0,2
2021,설날,2021-02-13,토,서울,서초구,2,0,1,2
2021,설날,2021-02-13,토,서울,성동구,0,0,0,0
2021,설날,2021-02-13,토,서울,성북구,2,0,0,2
2021,설날,2021-02-13,토,서울,소계,63,0,14,95
2021,설날,2021-02-13,토,서울,송파구,4,0,1,5
2021,설날,2021-02-13,토,서울,양천구,3,0,2,4
2021,설날,2021-02-13,토,서울,영등포구,1,0,0,1
2021,설날,2021-02-13,토,서울,용산구,4,0,1,5
2021,설날,2021-02-13,토,서울,은평구,3,0,2,7
2021,설날,2021-02-13,토,서울,종로구,1,0,1,1
2021,설날,2021-02-13,토,서울,중구,1,0,0,5
2021,설날,2021-02-13,토,서울,중랑구,1,0,0,1
2021,설날,2021-02-13,토,세종,세종시,2,0,0,3
2021,설날,2021-02-13,토,세종,소계,2,0,0,3
2021,설날,2021-02-13,토,울산,남구,3,0,2,7
2021,설날,2021-02-13,토,울산,동구,1,0,0,1
2021,설날,2021-02-13,토,울산,북구,2,0,2,3
2021,설날,2021-02-13,토,울산,소계,8,0,5,13
2021,설날,2021-02-13,토,울산,울주군,0,0,0,0
2021,설날,2021-02-13,토,울산,중구,2,0,1,2
2021,설날,2021-02-13,토,인천,강화군,0,0,0,0
2021,설날,2021-02-13,토,인천,계양구,2,0,0,2
2021,설날,2021-02-13,토,인천,남동구,2,0,0,3
2021,설날,2021-02-13,토,인천,동구,1,0,1,2
2021,설날,2021-02-13,토,인천,미추홀구,5,0,1,9
2021,설날,2021-02-13,토,인천,부평구,4,0,1,4
2021,설날,2021-02-13,토,인천,서구,6,0,0,11
2021,설날,2021-02-13,토,인천,소계,20,0,3,31
2021,설날,2021-02-13,토,인천,연수구,0,0,0,0
2021,설날,2021-02-13,토,인천,옹진군,0,0,0,0
2021,설날,2021-02-13,토,인천,중구,0,0,0,0
2021,설날,2021-02-13,토,전국,전국,406,6,106,719
2021,설날,2021-02-13,토,전남,강진군,0,0,0,0
2021,설날,2021-02-13,토,전남,고흥군,0,0,0,0
2021,설날,2021-02-13,토,전남,곡성군,0,0,0,0
2021,설날,2021-02-13,토,전남,광양시,0,0,0,0
2021,설날,2021-02-13,토,전남,구례군,1,1,0,0
2021,설날,2021-02-13,토,전남,나주시,1,0,1,2
2021,설날,2021-02-13,토,전남,담양군,1,0,0,1
2021,설날,2021-02-13,토,전남,목포시,5,0,1,12
2021,설날,2021-02-13,토,전남,무안군,0,0,0,0
2021,설날,2021-02-13,토,전남,보성군,1,1,1,1
2021,설날,2021-02-13,토,전남,소계,19,2,3,33
2021,설날,2021-02-13,토,전남,순천시,3,0,0,5
2021,설날,2021-02-13,토,전남,신안군,0,0,0,0
2021,설날,2021-02-13,토,전남,여수시,4,0,0,6
2021,설날,2021-02-13,토,전남,영광군,0,0,0,0
2021,설날,2021-02-13,토,전남,영암군,0,0,0,0
2021,설날,2021-02-13,토,전남,완도군,0,0,0,0
2021,설날,2021-02-13,토,전남,장성군,0,0,0,0
2021,설날,2021-02-13,토,전남,장흥군,2,0,0,3
2021,설날,2021-02-13,토,전남,진도군,0,0,0,0
2021,설날,2021-02-13,토,전남,함평군,0,0,0,0
2021,설날,2021-02-13,토,전남,해남군,0,0,0,0
2021,설날,2021-02-13,토,전남,화순군,1,0,0,3
2021,설날,2021-02-13,토,전북,고창군,0,0,0,0
2021,설날,2021-02-13,토,전북,군산시,3,0,0,5
2021,설날,2021-02-13,토,전북,김제시,0,0,0,0
2021,설날,2021-02-13,토,전북,남원시,0,0,0,0
2021,설날,2021-02-13,토,전북,무주군,0,0,0,0
2021,설날,2021-02-13,토,전북,부안군,1,0,0,1
2021,설날,2021-02-13,토,전북,소계,13,1,2,21
2021,설날,2021-02-13,토,전북,순창군,0,0,0,0
2021,설날,2021-02-13,토,전북,완주군,1,1,0,0
2021,설날,2021-02-13,토,전북,익산시,4,0,1,7
2021,설날,2021-02-13,토,전북,임실군,0,0,0,0
2021,설날,2021-02-13,토,전북,장수군,0,0,0,0
2021,설날,2021-02-13,토,전북,전주시,4,0,1,8
2021,설날,2021-02-13,토,전북,정읍시,0,0,0,0
2021,설날,2021-02-13,토,전북,진안군,0,0,0,0
2021,설날,2021-02-13,토,제주,서귀포시,1,0,1,1
2021,설날,2021-02-13,토,제주,소계,7,0,2,10
2021,설날,2021-02-13,토,제주,제주시,6,0,1,9
2021,설날,2021-02-13,토,충남,계룡시,0,0,0,0
2021,설날,2021-02-13,토,충남,공주시,1,0,0,2
2021,설날,2021-02-13,토,충남,금산군,0,0,0,0
2021,설날,2021-02-13,토,충남,논산시,1,0,0,1
2021,설날,2021-02-13,토,충남,당진시,0,0,0,0
2021,설날,2021-02-13,토,충남,보령시,0,0,0,0
2021,설날,2021-02-13,토,충남,부여군,1,0,1,6
2021,설날,2021-02-13,토,충남,서산시,0,0,0,0
2021,설날,2021-02-13,토,충남,서천군,0,0,0,0
2021,설날,2021-02-13,토,충남,소계,16,1,2,28
2021,설날,2021-02-13,토,충남,아산시,4,0,0,7
2021,설날,2021-02-13,토,충남,예산군,4,1,0,4
2021,설날,2021-02-13,토,충남,천안시,4,0,1,6
2021,설날,2021-02-13,토,충남,청양군,0,0,0,0
2021,설날,2021-02-13,토,충남,태안군,0,0,0,0
2021,설날,2021-02-13,토,충남,홍성군,1,0,0,2
2021,설날,2021-02-13,토,충북,괴산군,0,0,0,0
2021,설날,2021-02-13,토,충북,단양군,0,0,0,0
2021,설날,2021-02-13,토,충북,보은군,0,0,0,0
2021,설날,2021-02-13,토,충북,소계,12,0,1,19
2021,설날,2021-02-13,토,충북,영동군,0,0,0,0
2021,설날,2021-02-13,토,충북,옥천군,0,0,0,0
2021,설날,2021-02-13,토,충북,음성군,1,0,0,2
2021,설날,2021-02-13,토,충북,제천시,0,0,0,0
2021,설날,2021-02-13,토,충북,증평군,1,0,0,2
2021,설날,2021-02-13,토,충북,진천군,0,0,0,0
2021,설날,2021-02-13,토,충북,청주시,7,0,1,12
2021,설날,2021-02-13,토,충북,충주시,3,0,0,3
2021,추석,2021-09-20,월,강원,강릉시,2,0,1,3
2021,추석,2021-09-20,월,강원,고성군,0,0,0,0
2021,추석,2021-09-20,월,강원,동해시,1,0,0,2
2021,추석,2021-09-20,월,강원,삼척시,1,0,0,1
2021,추석,2021-09-20,월,강원,소계,19,0,7,35
2021,추석,2021-09-20,월,강원,속초시,2,0,1,2
2021,추석,2021-09-20,월,강원,양구군,0,0,0,0
2021,추석,2021-09-20,월,강원,양양군,0,0,0,0
2021,추석,2021-09-20,월,강원,영월군,0,0,0,0
2021,추석,2021-09-20,월,강원,원주시,6,0,3,11
2021,추석,2021-09-20,월,강원,인제군,1,0,1,1
2021,추석,2021-09-20,월,강원,정선군,1,0,0,1
2021,추석,2021-09-20,월,강원,철원군,0,0,0,0
2021,추석,2021-09-20,월,강원,춘천시,2,0,0,3
2021,추석,2021-09-20,월,강원,태백시,0,0,0,0
2021,추석,2021-09-20,월,강원,평창군,2,0,1,8
2021,추석,2021-09-20,월,강원,홍천군,0,0,0,0
2021,추석,2021-09-20,월,강원,화천군,0,0,0,0
2021,추석,2021-09-20,월,강원,횡성군,1,0,0,3
2021,추석,2021-09-20,월,경기,가평군,2,0,0,2
2021,추석,2021-09-20,월,경기,고양시,8,0,3,14
2021,추석,2021-09-20,월,경기,과천시,0,0,0,0
2021,추석,2021-09-20,월,경기,광명시,4,1,1,3
2021,추석,2021-09-20,월,경기,광주시,2,0,1,2
2021,추석,2021-09-20,월,경기,구리시,0,0,0,0
2021,추석,2021-09-20,월,경기,군포시,0,0,0,0
2021,추석,2021-09-20,월,경기,김포시,8,0,5,17
2021,추석,2021-09-20,월,경기,남양주시,8,0,1,20
2021,추석,2021-09-20,월,경기,동두천시,4,0,0,7
2021,추석,2021-09-20,월,경기,부천시,9,0,1,12
2021,추석,2021-09-20,월,경기,성남시,5,0,1,9
2021,추석,2021-09-20,월,경기,소계,118,2,43,222
2021,추석,2021-09-20,월,경기,수원시,9,0,1,16
2021,추석,2021-09-20,월,경기,시흥시,10,0,6,22
2021,추석,2021-09-20,월,경기,안산시,11,0,7,21
2021,추석,2021-09-20,월,경기,안성시,1,0,0,3
2021,추석,2021-09-20,월,경기,안양시,0,0,0,0
2021,추석,2021-09-20,월,경기,양주시,3,0,1,4
2021,추석,2021-09-20,월,경기,양평군,3,0,1,3
2021,추석,2021-09-20,월,경기,여주시,0,0,0,0
2021,추석,2021-09-20,월,경기,연천군,1,0,0,1
2021,추석,2021-09-20,월,경기,오산시,2,0,0,2
2021,추석,2021-09-20,월,경기,용인시,1,0,1,1
2021,추석,2021-09-20,월,경기,의왕시,0,0,0,0
2021,추석,2021-09-20,월,경기,의정부시,2,0,0,2
2021,추석,2021-09-20,월,경기,이천시,2,0,1,2
2021,추석,2021-09-20,월,경기,파주시,7,1,1,9
2021,추석,2021-09-20,월,경기,평택시,5,0,3,23
2021,추석,2021-09-20,월,경기,포천시,2,0,0,8
2021,추석,2021-09-20,월,경기,하남시,3,0,0,6
2021,추석,2021-09-20,월,경기,화성시,6,0,8,13
2021,추석,2021-09-20,월,경남,거제시,1,0,0,2
2021,추석,2021-09-20,월,경남,거창군,1,0,2,4
2021,추석,2021-09-20,월,경남,고성군,1,0,0,1
2021,추석,2021-09-20,월,경남,김해시,2,0,1,2
2021,추석,2021-09-20,월,경남,남해군,2,0,3,3
2021,추석,2021-09-20,월,경남,밀양시,0,0,0,0
2021,추석,2021-09-20,월,경남,사천시,2,0,1,2
2021,추석,2021-09-20,월,경남,산청군,0,0,0,0
2021,추석,2021-09-20,월,경남,소계,26,0,18,47
2021,추석,2021-09-20,월,경남,양산시,5,0,5,9
2021,추석,2021-09-20,월,경남,의령군,0,0,0,0
2021,추석,2021-09-20,월,경남,진주시,2,0,2,6
2021,추석,2021-09-20,월,경남,창녕군,0,0,0,0
2021,추석,2021-09-20,월,경남,창원시,6,0,3,13
2021,추석,2021-09-20,월,경남,통영시,3,0,0,4
2021,추석,2021-09-20,월,경남,하동군,0,0,0,0
2021,추석,2021-09-20,월,경남,함안군,0,0,0,0
2021,추석,2021-09-20,월,경남,함양군,0,0,0,0
2021,추석,2021-09-20,월,경남,합천군,1,0,1,1
2021,추석,2021-09-20,월,경북,경산시,8,0,3,9
2021,추석,2021-09-20,월,경북,경주시,2,0,0,2
2021,추석,2021-09-20,월,경북,고령군,0,0,0,0
2021,추석,2021-09-20,월,경북,구미시,0,0,0,0
2021,추석,2021-09-20,월,경북,군위군,0,0,0,0
2021,추석,2021-09-20,월,경북,김천시,4,0,2,5
2021,추석,2021-09-20,월,경북,문경시,1,0,0,2
2021,추석,2021-09-20,월,경북,봉화군,0,0,0,0
2021,추석,2021-09-20,월,경북,상주시,1,0,0,1
2021,추석,2021-09-20,월,경북,성주군,1,0,1,2
2021,추석,2021-09-20,월,경북,소계,36,0,8,50
2021,추석,2021-09-20,월,경북,안동시,2,0,1,4
2021,추석,2021-09-20,월,경북,영덕군,0,0,0,0
2021,추석,2021-09-20,월,경북,영양군,0,0,0,0
2021,추석,2021-09-20,월,경북,영주시,1,0,0,1
2021,추석,2021-09-20,월,경북,영천시,3,0,0,4
2021,추석,2021-09-20,월,경북,예천군,0,0,0,0
2021,추석,2021-09-20,월,경북,울릉군,0,0,0,0
2021,추석,2021-09-20,월,경북,울진군,1,0,0,4
2021,추석,2021-09-20,월,경북,의성군,1,0,0,2
2021,추석,2021-09-20,월,경북,청도군,0,0,0,0
2021,추석,2021-09-20,월,경북,청송군,0,0,0,0
2021,추석,2021-09-20,월,경북,칠곡군,1,0,0,1
2021,추석,2021-09-20,월,경북,포항시,10,0,1,13
2021,추석,2021-09-20,월,광주,광산구,5,0,1,7
2021,추석,2021-09-20,월,광주,남구,0,0,0,0
2021,추석,2021-09-20,월,광주,동구,2,0,0,2
2021,추석,2021-09-20,월,광주,북구,8,0,1,14
2021,추석,2021-09-20,월,광주,서구,6,0,0,8
2021,추석,2021-09-20,월,광주,소계,21,0,2,31
2021,추석,2021-09-20,월,대구,남구,4,0,0,5
2021,추석,2021-09-20,월,대구,달서구,3,0,1,6
2021,추석,2021-09-20,월,대구,달성군,3,0,0,8
2021,추석,2021-09-20,월,대구,동구,1,0,0,1
2021,추석,2021-09-20,월,대구,북구,3,0,0,3
2021,추석,2021-09-20,월,대구,서구,1,0,1,2
2021,추석,2021-09-20,월,대구,소계,17,0,2,27
2021,추석,2021-09-20,월,대구,수성구,2,0,0,2
2021,추석,2021-09-20,월,대구,중구,0,0,0,0
2021,추석,2021-09-20,월,대전,대덕구,1,0,1,1
2021,추석,2021-09-20,월,대전,동구,2,0,0,4
2021,추석,2021-09-20,월,대전,서구,2,0,0,2
2021,추석,2021-09-20,월,대전,소계,14,0,3,17
2021,추석,2021-09-20,월,대전,유성구,6,0,0,7
2021,추석,2021-09-20,월,대전,중구,3,0,2,3
2021,추석,2021-09-20,월,부산,강서구,1,0,0,3
2021,추석,2021-09-20,월,부산,금정구,1,0,1,1
2021,추석,2021-09-20,월,부산,기장군,0,0,0,0
2021,추석,2021-09-20,월,부산,남구,0,0,0,0
2021,추석,2021-09-20,월,부산,동구,0,0,0,0
2021,추석,2021-09-20,월,부산,동래구,0,0,0,0
2021,추석,2021-09-20,월,부산,북구,1,0,0,6
2021,추석,2021-09-20,월,부산,사상구,4,0,3,4
2021,추석,2021-09-20,월,부산,사하구,0,0,0,0
2021,추석,2021-09-20,월,부산,서구,0,0,0,0
2021,추석,2021-09-20,월,부산,소계,16,0,7,27
2021,추석,2021-09-20,월,부산,수영구,1,0,0,2
2021,추석,2021-09-20,월,부산,연제구,2,0,1,2
2021,추석,2021-09-20,월,부산,영도구,1,0,1,1
2021,추석,2021-09-20,월,부산,중구,0,0,0,0
2021,추석,2021-09-20,월,부산,진구,5,0,1,8
2021,추석,2021-09-20,월,부산,해운대구,0,0,0,0
2021,추석,2021-09-20,월,서울,강남구,3,0,0,4
2021,추석,2021-09-20,월,서울,강동구,1,0,0,4
2021,추석,2021-09-20,월,서울,강북구,0,0,0,0
2021,추석,2021-09-20,월,서울,강서구,5,0,2,11
2021,추석,2021-09-20,월,서울,관악구,2,0,1,4
2021,추석,2021-09-20,월,서울,광진구,0,0,0,0
2021,추석,2021-09-20,월,서울,구로구,3,0,1,5
2021,추석,2021-09-20,월,서울,금천구,2,0,1,2
2021,추석,2021-09-20,월,서울,노원구,4,0,2,4
2021,추석,2021-09-20,월,서울,도봉구,0,0,0,0
2021,추석,2021-09-20,월,서울,동대문구,1,0,1,1
2021,추석,2021-09-20,월,서울,동작구,0,0,0,0
2021,추석,2021-09-20,월,서울,마포구,3,0,1,9
2021,추석,2021-09-20,월,서울,서대문구,2,0,1,2
2021,추석,2021-09-20,월,서울,서초구,0,0,0,0
2021,추석,2021-09-20,월,서울,성동구,0,0,0,0
2021,추석,2021-09-20,월,서울,성북구,4,0,1,4
2021,추석,2021-09-20,월,서울,소계,60,1,15,93
2021,추석,2021-09-20,월,서울,송파구,9,0,1,11
2021,추석,2021-09-20,월,서울,양천구,4,0,0,11
2021,추석,2021-09-20,월,서울,영등포구,10,1,3,13
2021,추석,2021-09-20,월,서울,용산구,3,0,0,3
2021,추석,2021-09-20,월,서울,은평구,1,0,0,1
2021,추석,2021-09-20,월,서울,종로구,1,0,0,2
2021,추석,2021-09-20,월,서울,중구,2,0,0,2
2021,추석,2021-09-20,월,서울,중랑구,0,0,0,0
2021,추석,2021-09-20,월,세종,세종시,0,0,0,0
2021,추석,2021-09-20,월,세종,소계,0,0,0,0
2021,추석,2021-09-20,월,울산,남구,1,0,0,3
2021,추석,2021-09-20,월,울산,동구,0,0,0,0
2021,추석,2021-09-20,월,울산,북구,2,0,1,3
2021,추석,2021-09-20,월,울산,소계,7,0,1,10
2021,추석,2021-09-20,월,울산,울주군,3,0,0,3
2021,추석,2021-09-20,월,울산,중구,1,0,0,1
2021,추석,2021-09-20,월,인천,강화군,0,0,0,0
2021,추석,2021-09-20,월,인천,계양구,0,0,0,0
2021,추석,2021-09-20,월,인천,남동구,6,0,1,10
2021,추석,2021-09-20,월,인천,동구,0,0,0,0
2021,추석,2021-09-20,월,인천,미추홀구,3,0,1,6
2021,추석,2021-09-20,월,인천,부평구,4,0,0,5
2021,추석,2021-09-20,월,인천,서구,3,0,0,3
2021,추석,2021-09-20,월,인천,소계,17,0,2,25
2021,추석,2021-09-20,월,인천,연수구,1,0,0,1
2021,추석,2021-09-20,월,인천,옹진군,0,0,0,0
2021,추석,2021-09-20,월,인천,중구,0,0,0,0
2021,추석,2021-09-20,월,전국,전국,442,5,135,758
2021,추석,2021-09-20,월,전남,강진군,0,0,0,0
2021,추석,2021-09-20,월,전남,고흥군,0,0,0,0
2021,추석,2021-09-20,월,전남,곡성군,2,0,0,2
2021,추석,2021-09-20,월,전남,광양시,2,0,0,2
2021,추석,2021-09-20,월,전남,구례군,2,0,0,2
2021,추석,2021-09-20,월,전남,나주시,3,0,1,10
2021,추석,2021-09-20,월,전남,담양군,2,0,0,5
2021,추석,2021-09-20,월,전남,목포시,5,0,1,7
2021,추석,2021-09-20,월,전남,무안군,0,0,0,0
2021,추석,2021-09-20,월,전남,보성군,0,0,0,0
2021,추석,2021-09-20,월,전남,소계,39,0,7,81
2021,추석,2021-09-20,월,전남,순천시,8,0,3,21
2021,추석,2021-09-20,월,전남,신안군,1,0,0,1
2021,추석,2021-09-20,월,전남,여수시,7,0,1,12
2021,추석,2021-09-20,월,전남,영광군,0,0,0,0
2021,추석,2021-09-20,월,전남,영암군,0,0,0,0
2021,추석,2021-09-20,월,전남,완도군,3,0,1,10
2021,추석,2021-09-20,월,전남,장성군,1,0,0,3
2021,추석,2021-09-20,월,전남,장흥군,1,0,0,1
2021,추석,2021-09-20,월,전남,진도군,0,0,0,0
2021,추석,2021-09-20,월,전남,함평군,1,0,0,4
2021,추석,2021-09-20,월,전남,해남군,1,0,0,1
2021,추석,2021-09-20,월,전남,화순군,0,0,0,0
2021,추석,2021-09-20,월,전북,고창군,0,0,0,0
2021,추석,2021-09-20,월,전북,군산시,1,0,0,2
2021,추석,2021-09-20,월,전북,김제시,0,0,0,0
2021,추석,2021-09-20,월,전북,남원시,1,0,0,1
2021,추석,2021-09-20,월,전북,무주군,1,0,0,1
2021,추석,2021-09-20,월,전북,부안군,0,0,0,0
2021,추석,2021-09-20,월,전북,소계,8,0,2,13
2021,추석,2021-09-20,월,전북,순창군,0,0,0,0
2021,추석,2021-09-20,월,전북,완주군,0,0,0,0
2021,추석,2021-09-20,월,전북,익산시,3,0,1,7
2021,추석,2021-09-20,월,전북,임실군,0,0,0,0
2021,추석,2021-09-20,월,전북,장수군,0,0,0,0
2021,추석,2021-09-20,월,전북,전주시,2,0,1,2
2021,추석,2021-09-20,월,전북,정읍시,0,0,0,0
2021,추석,2021-09-20,월,전북,진안군,0,0,0,0
2021,추석,2021-09-20,월,제주,서귀포시,6,0,2,21
2021,추석,2021-09-20,월,제주,소계,12,0,6,33
2021,추석,2021-09-20,월,제주,제주시,6,0,4,12
2021,추석,2021-09-20,월,충남,계룡시,0,0,0,0
2021,추석,2021-09-20,월,충남,공주시,4,0,1,4
2021,추석,2021-09-20,월,충남,금산군,0,0,0,0
2021,추석,2021-09-20,월,충남,논산시,1,0,1,4
2021,추석,2021-09-20,월,충남,당진시,1,0,0,2
2021,추석,2021-09-20,월,충남,보령시,0,0,0,0
2021,추석,2021-09-20,월,충남,부여군,1,0,0,3
2021,추석,2021-09-20,월,충남,서산시,1,0,0,1
2021,추석,2021-09-20,월,충남,서천군,0,0,0,0
2021,추석,2021-09-20,월,충남,소계,17,1,6,23
2021,추석,2021-09-20,월,충남,아산시,2,0,1,2
2021,추석,2021-09-20,월,충남,예산군,1,1,1,1
2021,추석,2021-09-20,월,충남,천안시,3,0,0,3
2021,추석,2021-09-20,월,충남,청양군,0,0,0,0
2021,추석,2021-09-20,월,충남,태안군,1,0,0,1
2021,추석,2021-09-20,월,충남,홍성군,2,0,2,2
2021,추석,2021-09-20,월,충북,괴산군,0,0,0,0
2021,추석,2021-09-20,월,충북,단양군,1,0,0,1
2021,추석,2021-09-20,월,충북,보은군,0,0,0,0
2021,추석,2021-09-20,월,충북,소계,15,1,6,24
2021,추석,2021-09-20,월,충북,영동군,0,0,0,0
2021,추석,2021-09-20,월,충북,옥천군,1,0,1,1
2021,추석,2021-09-20,월,충북,음성군,2,0,1,2
2021,추석,2021-09-20,월,충북,제천시,4,0,2,6
2021,추석,2021-09-20,월,충북,증평군,1,0,0,1
2021,추석,2021-09-20,월,충북,진천군,1,0,0,4
2021,추석,2021-09-20,월,충북,청주시,4,0,2,9
2021,추석,2021-09-20,월,충북,충주시,1,1,0,0
2021,추석,2021-09-21,화,강원,강릉시,0,0,0,0
2021,추석,2021-09-21,화,강원,고성군,0,0,0,0
2021,추석,2021-09-21,화,강원,동해시,0,0,0,0
2021,추석,2021-09-21,화,강원,삼척시,1,0,0,2
2021,추석,2021-09-21,화,강원,소계,9,0,1,13
2021,추석,2021-09-21,화,강원,속초시,1,0,1,1
2021,추석,2021-09-21,화,강원,양구군,0,0,0,0
2021,추석,2021-09-21,화,강원,양양군,1,0,0,1
2021,추석,2021-09-21,화,강원,영월군,0,0,0,0
2021,추석,2021-09-21,화,강원,원주시,1,0,0,1
2021,추석,2021-09-21,화,강원,인제군,0,0,0,0
2021,추석,2021-09-21,화,강원,정선군,0,0,0,0
2021,추석,2021-09-21,화,강원,철원군,1,0,0,1
2021,추석,2021-09-21,화,강원,춘천시,1,0,0,2
2021,추석,2021-09-21,화,강원,태백시,1,0,0,2
2021,추석,2021-09-21,화,강원,평창군,1,0,0,1
2021,추석,2021-09-21,화,강원,홍천군,1,0,0,2
2021,추석,2021-09-21,화,강원,화천군,0,0,0,0
2021,추석,2021-09-21,화,강원,횡성군,0,0,0,0
2021,추석,2021-09-21,화,경기,가평군,0,0,0,0
2021,추석,2021-09-21,화,경기,고양시,7,0,4,12
2021,추석,2021-09-21,화,경기,과천시,1,0,0,2
2021,추석,2021-09-21,화,경기,광명시,1,0,0,1
2021,추석,2021-09-21,화,경기,광주시,6,1,0,11
2021,추석,2021-09-21,화,경기,구리시,2,0,2,3
2021,추석,2021-09-21,화,경기,군포시,2,0,0,2
2021,추석,2021-09-21,화,경기,김포시,5,0,1,9
2021,추석,2021-09-21,화,경기,남양주시,3,0,1,6
2021,추석,2021-09-21,화,경기,동두천시,1,0,0,1
2021,추석,2021-09-21,화,경기,부천시,9,0,3,27
2021,추석,2021-09-21,화,경기,성남시,3,0,0,4
2021,추석,2021-09-21,화,경기,소계,97,1,28,171
2021,추석,2021-09-21,화,경기,수원시,8,0,3,9
2021,추석,2021-09-21,화,경기,시흥시,2,0,0,2
2021,추석,2021-09-21,화,경기,안산시,7,0,1,9
2021,추석,2021-09-21,화,경기,안성시,0,0,0,0
2021,추석,2021-09-21,화,경기,안양시,1,0,0,1
2021,추석,2021-09-21,화,경기,양주시,3,0,2,3
2021,추석,2021-09-21,화,경기,양평군,4,0,0,11
2021,추석,2021-09-21,화,경기,여주시,2,0,2,4
2021,추석,2021-09-21,화,경기,연천군,0,0,0,0
2021,추석,2021-09-21,화,경기,오산시,1,0,0,1
2021,추석,2021-09-21,화,경기,용인시,6,0,2,10
2021,추석,2021-09-21,화,경기,의왕시,1,0,2,7
2021,추석,2021-09-21,화,경기,의정부시,3,0,0,4
2021,추석,2021-09-21,화,경기,이천시,3,0,0,4
2021,추석,2021-09-21,화,경기,파주시,3,0,0,4
2021,추석,2021-09-21,화,경기,평택시,5,0,1,5
2021,추석,2021-09-21,화,경기,포천시,3,0,3,12
2021,추석,2021-09-21,화,경기,하남시,2,0,0,2
2021,추석,2021-09-21,화,경기,화성시,3,0,1,5
2021,추석,2021-09-21,화,경남,거제시,2,0,0,5
2021,추석,2021-09-21,화,경남,거창군,0,0,0,0
2021,추석,2021-09-21,화,경남,고성군,0,0,0,0
2021,추석,2021-09-21,화,경남,김해시,3,0,0,4
2021,추석,2021-09-21,화,경남,남해군,2,0,0,3
2021,추석,2021-09-21,화,경남,밀양시,1,0,0,4
2021,추석,2021-09-21,화,경남,사천시,1,0,0,1
2021,추석,2021-09-21,화,경남,산청군,1,0,0,1
2021,추석,2021-09-21,화,경남,소계,25,0,9,42
2021,추석,2021-09-21,화,경남,양산시,2,0,1,4
2021,추석,2021-09-21,화,경남,의령군,0,0,0,0
2021,추석,2021-09-21,화,경남,진주시,5,0,2,5
2021,추석,2021-09-21,화,경남,창녕군,1,0,1,1
2021,추석,2021-09-21,화,경남,창원시,3,0,3,4
2021,추석,2021-09-21,화,경남,통영시,0,0,0,0
2021,추석,2021-09-21,화,경남,하동군,1,0,0,3
2021,추석,2021-09-21,화,경남,함안군,1,0,2,2
2021,추석,2021-09-21,화,경남,함양군,0,0,0,0
2021,추석,2021-09-21,화,경남,합천군,2,0,0,5
2021,추석,2021-09-21,화,경북,경산시,0,0,0,0
2021,추석,2021-09-21,화,경북,경주시,4,1,0,4
2021,추석,2021-09-21,화,경북,고령군,2,0,0,4
2021,추석,2021-09-21,화,경북,구미시,6,0,1,13
2021,추석,2021-09-21,화,경북,군위군,0,0,0,0
2021,추석,2021-09-21,화,경북,김천시,1,0,0,1
2021,추석,2021-09-21,화,경북,문경시,1,0,0,1
2021,추석,2021-09-21,화,경북,봉화군,0,0,0,0
2021,추석,2021-09-21,화,경북,상주시,0,0,0,0
2021,추석,2021-09-21,화,경북,성주군,0,0,0,0
2021,추석,2021-09-21,화,경북,소계,24,2,6,36
2021,추석,2021-09-21,화,경북,안동시,3,1,0,2
2021,추석,2021-09-21,화,경북,영덕군,1,0,3,4
2021,추석,2021-09-21,화,경북,영양군,0,0,0,0
2021,추석,2021-09-21,화,경북,영주시,0,0,0,0
2021,추석,2021-09-21,화,경북,영천시,1,0,0,1
2021,추석,2021-09-21,화,경북,예천군,0,0,0,0
2021,추석,2021-09-21,화,경북,울릉군,0,0,0,0
2021,추석,2021-09-21,화,경북,울진군,0,0,0,0
2021,추석,2021-09-21,화,경북,의성군,1,0,0,1
2021,추석,2021-09-21,화,경북,청도군,0,0,0,0
2021,추석,2021-09-21,화,경북,청송군,0,0,0,0
2021,추석,2021-09-21,화,경북,칠곡군,1,0,1,1
2021,추석,2021-09-21,화,경북,포항시,3,0,1,4
2021,추석,2021-09-21,화,광주,광산구,12,1,0,17
2021,추석,2021-09-21,화,광주,남구,1,0,0,1
2021,추석,2021-09-21,화,광주,동구,0,0,0,0
2021,추석,2021-09-21,화,광주,북구,2,0,0,2
2021,추석,2021-09-21,화,광주,서구,0,0,0,0
2021,추석,2021-09-21,화,광주,소계,15,1,0,20
2021,추석,2021-09-21,화,대구,남구,1,0,0,1
2021,추석,2021-09-21,화,대구,달서구,5,0,0,9
2021,추석,2021-09-21,화,대구,달성군,0,0,0,0
2021,추석,2021-09-21,화,대구,동구,4,0,0,4
2021,추석,2021-09-21,화,대구,북구,4,0,1,9
2021,추석,2021-09-21,화,대구,서구,2,0,0,3
2021,추석,2021-09-21,화,대구,소계,22,0,2,39
2021,추석,2021-09-21,화,대구,수성구,3,0,0,7
2021,추석,2021-09-21,화,대구,중구,3,0,1,6
2021,추석,2021-09-21,화,대전,대덕구,1,0,0,1
2021,추석,2021-09-21,화,대전,동구,3,0,0,4
2021,추석,2021-09-21,화,대전,서구,1,0,0,2
2021,추석,2021-09-21,화,대전,소계,13,0,2,23
2021,추석,2021-09-21,화,대전,유성구,4,0,1,11
2021,추석,2021-09-21,화,대전,중구,4,0,1,5
2021,추석,2021-09-21,화,부산,강서구,1,0,1,1
2021,추석,2021-09-21,화,부산,금정구,1,0,0,1
2021,추석,2021-09-21,화,부산,기장군,0,0,0,0
2021,추석,2021-09-21,화,부산,남구,1,0,0,1
2021,추석,2021-09-21,화,부산,동구,0,0,0,0
2021,추석,2021-09-21,화,부산,동래구,2,0,0,2
2021,추석,2021-09-21,화,부산,북구,1,0,0,1
2021,추석,2021-09-21,화,부산,사상구,1,0,0,1
2021,추석,2021-09-21,화,부산,사하구,2,0,0,3
2021,추석,2021-09-21,화,부산,서구,3,0,1,5
2021,추석,2021-09-21,화,부산,소계,21,0,5,24
2021,추석,2021-09-21,화,부산,수영구,0,0,0,0
2021,추석,2021-09-21,화,부산,연제구,1,0,1,1
2021,추석,2021-09-21,화,부산,영도구,1,0,0,1
2021,추석,2021-09-21,화,부산,중구,1,0,0,1
2021,추석,2021-09-21,화,부산,진구,4,0,1,4
2021,추석,2021-09-21,화,부산,해운대구,2,0,1,2
2021,추석,2021-09-21,화,서울,강남구,5,0,0,8
2021,추석,2021-09-21,화,서울,강동구,0,0,0,0
2021,추석,2021-09-21,화,서울,강북구,0,0,0,0
2021,추석,2021-09-21,화,서울,강서구,2,0,1,2
2021,추석,2021-09-21,화,서울,관악구,3,0,0,4
2021,추석,2021-09-21,화,서울,광진구,6,1,3,7
2021,추석,2021-09-21,화,서울,구로구,2,0,0,2
2021,추석,2021-09-21,화,서울,금천구,1,0,0,1
2021,추석,2021-09-21,화,서울,노원구,2,0,1,2
2021,추석,2021-09-21,화,서울,도봉구,2,0,0,3
2021,추석,2021-09-21,화,서울,동대문구,4,1,1,5
2021,추석,2021-09-21,화,서울,동작구,0,0,0,0
2021,추석,2021-09-21,화,서울,마포구,1,0,0,1
2021,추석,2021-09-21,화,서울,서대문구,3,0,0,5
2021,추석,2021-09-21,화,서울,서초구,2,0,0,3
2021,추석,2021-09-21,화,서울,성동구,3,0,0,4
2021,추석,2021-09-21,화,서울,성북구,0,0,0,0
2021,추석,2021-09-21,화,서울,소계,58,2,11,82
2021,추석,2021-09-21,화,서울,송파구,4,0,1,4
2021,추석,2021-09-21,화,서울,양천구,3,0,1,10
2021,추석,2021-09-21,화,서울,영등포구,4,0,0,6
2021,추석,2021-09-21,화,서울,용산구,3,0,1,5
2021,추석,2021-09-21,화,서울,은평구,2,0,2,2
2021,추석,2021-09-21,화,서울,종로구,4,0,0,6
2021,추석,2021-09-21,화,서울,중구,0,0,0,0
2021,추석,2021-09-21,화,서울,중랑구,2,0,0,2
2021,추석,2021-09-21,화,세종,세종시,2,0,0,4
2021,추석,2021-09-21,화,세종,소계,2,0,0,4
2021,추석,2021-09-21,화,울산,남구,0,0,0,0
2021,추석,2021-09-21,화,울산,동구,1,0,0,1
2021,추석,2021-09-21,화,울산,북구,1,0,0,2
2021,추석,2021-09-21,화,울산,소계,4,0,0,5
2021,추석,2021-09-21,화,울산,울주군,1,0,0,1
2021,추석,2021-09-21,화,울산,중구,1,0,0,1
2021,추석,2021-09-21,화,인천,강화군,3,0,3,5
2021,추석,2021-09-21,화,인천,계양구,1,0,0,1
2021,추석,2021-09-21,화,인천,남동구,2,1,0,2
2021,추석,2021-09-21,화,인천,동구,0,0,0,0
2021,추석,2021-09-21,화,인천,미추홀구,4,0,0,9
2021,추석,2021-09-21,화,인천,부평구,2,0,2,3
2021,추석,2021-09-21,화,인천,서구,1,0,0,1
2021,추석,2021-09-21,화,인천,소계,14,1,5,22
2021,추석,2021-09-21,화,인천,연수구,1,0,0,1
2021,추석,2021-09-21,화,인천,옹진군,0,0,0,0
2021,추석,2021-09-21,화,인천,중구,0,0,0,0
2021,추석,2021-09-21,화,전국,전국,366,8,98,652
2021,추석,2021-09-21,화,전남,강진군,2,0,0,11
2021,추석,2021-09-21,화,전남,고흥군,1,0,0,2
2021,추석,2021-09-21,화,전남,곡성군,0,0,0,0
2021,추석,2021-09-21,화,전남,광양시,1,0,0,4
2021,추석,2021-09-21,화,전남,구례군,0,0,0,0
2021,추석,2021-09-21,화,전남,나주시,1,0,0,6
2021,추석,2021-09-21,화,전남,담양군,0,0,0,0
2021,추석,2021-09-21,화,전남,목포시,1,0,0,2
2021,추석,2021-09-21,화,전남,무안군,0,0,0,0
2021,추석,2021-09-21,화,전남,보성군,0,0,0,0
2021,추석,2021-09-21,화,전남,소계,15,1,6,61
2021,추석,2021-09-21,화,전남,순천시,0,0,0,0
2021,추석,2021-09-21,화,전남,신안군,1,0,1,3
2021,추석,2021-09-21,화,전남,여수시,4,0,0,12
2021,추석,2021-09-21,화,전남,영광군,0,0,0,0
2021,추석,2021-09-21,화,전남,영암군,0,0,0,0
2021,추석,2021-09-21,화,전남,완도군,1,0,0,2
2021,추석,2021-09-21,화,전남,장성군,0,0,0,0
2021,추석,2021-09-21,화,전남,장흥군,1,0,1,1
2021,추석,2021-09-21,화,전남,진도군,0,0,0,0
2021,추석,2021-09-21,화,전남,함평군,1,0,1,2
2021,추석,2021-09-21,화,전남,해남군,0,0,0,0
2021,추석,2021-09-21,화,전남,화순군,1,1,3,16
2021,추석,2021-09-21,화,전북,고창군,0,0,0,0
2021,추석,2021-09-21,화,전북,군산시,3,0,1,12
2021,추석,2021-09-21,화,전북,김제시,0,0,0,0
2021,추석,2021-09-21,화,전북,남원시,0,0,0,0
2021,추석,2021-09-21,화,전북,무주군,1,0,5,6
2021,추석,2021-09-21,화,전북,부안군,0,0,0,0
2021,추석,2021-09-21,화,전북,소계,6,0,7,20
2021,추석,2021-09-21,화,전북,순창군,0,0,0,0
2021,추석,2021-09-21,화,전북,완주군,1,0,0,1
2021,추석,2021-09-21,화,전북,익산시,1,0,1,1
2021,추석,2021-09-21,화,전북,임실군,0,0,0,0
2021,추석,2021-09-21,화,전북,장수군,0,0,0,0
2021,추석,2021-09-21,화,전북,전주시,0,0,0,0
2021,추석,2021-09-21,화,전북,정읍시,0,0,0,0
2021,추석,2021-09-21,화,전북,진안군,0,0,0,0
2021,추석,2021-09-21,화,제주,서귀포시,1,0,0,2
2021,추석,2021-09-21,화,제주,소계,5,0,1,9
2021,추석,2021-09-21,화,제주,제주시,4,0,1,7
2021,추석,2021-09-21,화,충남,계룡시,0,0,0,0
2021,추석,2021-09-21,화,충남,공주시,2,0,0,16
2021,추석,2021-09-21,화,충남,금산군,0,0,0,0
2021,추석,2021-09-21,화,충남,논산시,1,0,0,5
2021,추석,2021-09-21,화,충남,당진시,3,0,3,4
2021,추석,2021-09-21,화,충남,보령시,0,0,0,0
2021,추석,2021-09-21,화,충남,부여군,1,0,4,4
2021,추석,2021-09-21,화,충남,서산시,2,0,2,7
2021,추석,2021-09-21,화,충남,서천군,0,0,0,0
2021,추석,2021-09-21,화,충남,소계,17,0,10,48
2021,추석,2021-09-21,화,충남,아산시,3,0,0,4
2021,추석,2021-09-21,화,충남,예산군,1,0,1,1
2021,추석,2021-09-21,화,충남,천안시,2,0,0,3
2021,추석,2021-09-21,화,충남,청양군,1,0,0,1
2021,추석,2021-09-21,화,충남,태안군,1,0,0,3
2021,추석,2021-09-21,화,충남,홍성군,0,0,0,0
2021,추석,2021-09-21,화,충북,괴산군,1,0,0,2
2021,추석,2021-09-21,화,충북,단양군,3,0,2,10
2021,추석,2021-09-21,화,충북,보은군,0,0,0,0
2021,추석,2021-09-21,화,충북,소계,19,0,5,33
2021,추석,2021-09-21,화,충북,영동군,1,0,1,1
2021,추석,2021-09-21,화,충북,옥천군,0,0,0,0
2021,추석,2021-09-21,화,충북,음성군,1,0,0,1
2021,추석,2021-09-21,화,충북,제천시,2,0,0,2
2021,추석,2021-09-21,화,충북,증평군,0,0,0,0
2021,추석,2021-09-21,화,충북,진천군,0,0,0,0
2021,추석,2021-09-21,화,충북,청주시,9,0,1,14
2021,추석,2021-09-21,화,충북,충주시,2,0,1,3
2021,추석,2021-09-22,수,강원,강릉시,0,0,0,0
2021,추석,2021-09-22,수,강원,고성군,0,0,0,0
2021,추석,2021-09-22,수,강원,동해시,0,0,0,0
2021,추석,2021-09-22,수,강원,삼척시,1,0,1,2
2021,추석,2021-09-22,수,강원,소계,11,0,4,25
2021,추석,2021-09-22,수,강원,속초시,0,0,0,0
2021,추석,2021-09-22,수,강원,양구군,0,0,0,0
2021,추석,2021-09-22,수,강원,양양군,3,0,0,6
2021,추석,2021-09-22,수,강원,영월군,0,0,0,0
2021,추석,2021-09-22,수,강원,원주시,4,0,1,7
2021,추석,2021-09-22,수,강원,인제군,0,0,0,0
2021,추석,2021-09-22,수,강원,정선군,0,0,0,0
2021,추석,2021-09-22,수,강원,철원군,0,0,0,0
2021,추석,2021-09-22,수,강원,춘천시,2,0,2,2
2021,추석,2021-09-22,수,강원,태백시,0,0,0,0
2021,추석,2021-09-22,수,강원,평창군,1,0,0,8
2021,추석,2021-09-22,수,강원,홍천군,0,0,0,0
2021,추석,2021-09-22,수,강원,화천군,0,0,0,0
2021,추석,2021-09-22,수,강원,횡성군,0,0,0,0
2021,추석,2021-09-22,수,경기,가평군,0,0,0,0
2021,추석,2021-09-22,수,경기,고양시,5,0,1,9
2021,추석,2021-09-22,수,경기,과천시,0,0,0,0
2021,추석,2021-09-22,수,경기,광명시,0,0,0,0
2021,추석,2021-09-22,수,경기,광주시,3,0,0,3
2021,추석,2021-09-22,수,경기,구리시,2,0,1,5
2021,추석,2021-09-22,수,경기,군포시,1,0,1,1
2021,추석,2021-09-22,수,경기,김포시,7,0,3,17
2021,추석,2021-09-22,수,경기,남양주시,6,0,2,10
2021,추석,2021-09-22,수,경기,동두천시,1,0,1,1
2021,추석,2021-09-22,수,경기,부천시,5,0,0,7
2021,추석,2021-09-22,수,경기,성남시,8,0,3,10
2021,추석,2021-09-22,수,경기,소계,112,2,38,176
2021,추석,2021-09-22,수,경기,수원시,11,0,5,14
2021,추석,2021-09-22,수,경기,시흥시,5,0,5,10
2021,추석,2021-09-22,수,경기,안산시,4,0,1,6
2021,추석,2021-09-22,수,경기,안성시,3,0,5,6
2021,추석,2021-09-22,수,경기,안양시,3,0,0,4
2021,추석,2021-09-22,수,경기,양주시,3,0,2,5
2021,추석,2021-09-22,수,경기,양평군,0,0,0,0
2021,추석,2021-09-22,수,경기,여주시,3,0,0,6
2021,추석,2021-09-22,수,경기,연천군,0,0,0,0
2021,추석,2021-09-22,수,경기,오산시,3,0,1,4
2021,추석,2021-09-22,수,경기,용인시,7,0,2,13
2021,추석,2021-09-22,수,경기,의왕시,2,0,0,6
2021,추석,2021-09-22,수,경기,의정부시,4,0,0,7
2021,추석,2021-09-22,수,경기,이천시,3,0,1,5
2021,추석,2021-09-22,수,경기,파주시,6,0,1,7
2021,추석,2021-09-22,수,경기,평택시,8,0,2,11
2021,추석,2021-09-22,수,경기,포천시,2,0,0,2
2021,추석,2021-09-22,수,경기,하남시,0,0,0,0
2021,추석,2021-09-22,수,경기,화성시,7,2,1,7
2021,추석,2021-09-22,수,경남,거제시,3,0,0,7
2021,추석,2021-09-22,수,경남,거창군,0,0,0,0
2021,추석,2021-09-22,수,경남,고성군,0,0,0,0
2021,추석,2021-09-22,수,경남,김해시,3,0,0,9
2021,추석,2021-09-22,수,경남,남해군,0,0,0,0
2021,추석,2021-09-22,수,경남,밀양시,1,0,1,1
2021,추석,2021-09-22,수,경남,사천시,0,0,0,0
2021,추석,2021-09-22,수,경남,산청군,1,0,0,1
2021,추석,2021-09-22,수,경남,소계,22,1,8,44
2021,추석,2021-09-22,수,경남,양산시,0,0,0,0
2021,추석,2021-09-22,수,경남,의령군,0,0,0,0
2021,추석,2021-09-22,수,경남,진주시,6,1,4,7
2021,추석,2021-09-22,수,경남,창녕군,0,0,0,0
2021,추석,2021-09-22,수,경남,창원시,3,0,1,11
2021,추석,2021-09-22,수,경남,통영시,0,0,0,0
2021,추석,2021-09-22,수,경남,하동군,0,0,0,0
2021,추석,2021-09-22,수,경남,함안군,2,0,1,4
2021,추석,2021-09-22,수,경남,함양군,2,0,0,3
2021,추석,2021-09-22,수,경남,합천군,1,0,1,1
2021,추석,2021-09-22,수,경북,경산시,1,0,0,1
2021,추석,2021-09-22,수,경북,경주시,1,0,1,1
2021,추석,2021-09-22,수,경북,고령군,1,0,0,1
2021,추석,2021-09-22,수,경북,구미시,6,0,2,10
2021,추석,2021-09-22,수,경북,군위군,0,0,0,0
2021,추석,2021-09-22,수,경북,김천시,3,0,0,5
2021,추석,2021-09-22,수,경북,문경시,2,0,0,4
2021,추석,2021-09-22,수,경북,봉화군,0,0,0,0
2021,추석,2021-09-22,수,경북,상주시,0,0,0,0
2021,추석,2021-09-22,수,경북,성주군,0,0,0,0
2021,추석,2021-09-22,수,경북,소계,26,0,10,37
2021,추석,2021-09-22,수,경북,안동시,2,0,1,3
2021,추석,2021-09-22,수,경북,영덕군,0,0,0,0
2021,추석,2021-09-22,수,경북,영양군,0,0,0,0
2021,추석,2021-09-22,수,경북,영주시,0,0,0,0
2021,추석,2021-09-22,수,경북,영천시,1,0,0,2
2021,추석,2021-09-22,수,경북,예천군,0,0,0,0
2021,추석,2021-09-22,수,경북,울릉군,0,0,0,0
2021,추석,2021-09-22,수,경북,울진군,1,0,2,2
2021,추석,2021-09-22,수,경북,의성군,0,0,0,0
2021,추석,2021-09-22,수,경북,청도군,0,0,0,0
2021,추석,2021-09-22,수,경북,청송군,1,0,1,1
2021,추석,2021-09-22,수,경북,칠곡군,0,0,0,0
2021,추석,2021-09-22,수,경북,포항시,7,0,3,7
2021,추석,2021-09-22,수,광주,광산구,5,0,2,5
2021,추석,2021-09-22,수,광주,남구,0,0,0,0
2021,추석,2021-09-22,수,광주,동구,3,0,1,7
2021,추석,2021-09-22,수,광주,북구,4,0,1,7
2021,추석,2021-09-22,수,광주,서구,2,0,0,2
2021,추석,2021-09-22,수,광주,소계,14,0,4,21
2021,추석,2021-09-22,수,대구,남구,0,0,0,0
2021,추석,2021-09-22,수,대구,달서구,5,0,1,6
2021,추석,2021-09-22,수,대구,달성군,3,0,1,3
2021,추석,2021-09-22,수,대구,동구,3,0,0,9
2021,추석,2021-09-22,수,대구,북구,1,0,0,1
2021,추석,2021-09-22,수,대구,서구,4,0,1,6
2021,추석,2021-09-22,수,대구,소계,26,0,4,43
2021,추석,2021-09-22,수,대구,수성구,6,0,0,9
2021,추석,2021-09-22,수,대구,중구,4,0,1,9
2021,추석,2021-09-22,수,대전,대덕구,5,0,2,6
2021,추석,2021-09-22,수,대전,동구,2,0,1,2
2021,추석,2021-09-22,수,대전,서구,4,0,1,6
2021,추석,2021-09-22,수,대전,소계,15,0,5,18
2021,추석,2021-09-22,수,대전,유성구,3,0,0,3
2021,추석,2021-09-22,수,대전,중구,1,0,1,1
2021,추석,2021-09-22,수,부산,강서구,6,0,6,9
2021,추석,2021-09-22,수,부산,금정구,2,0,0,2
2021,추석,2021-09-22,수,부산,기장군,3,0,0,7
2021,추석,2021-09-22,수,부산,남구,1,0,1,1
2021,추석,2021-09-22,수,부산,동구,0,0,0,0
2021,추석,2021-09-22,수,부산,동래구,2,0,1,4
2021,추석,2021-09-22,수,부산,북구,1,0,0,4
2021,추석,2021-09-22,수,부산,사상구,0,0,0,0
2021,추석,2021-09-22,수,부산,사하구,1,0,0,1
2021,추석,2021-09-22,수,부산,서구,2,0,1,3
2021,추석,2021-09-22,수,부산,소계,29,0,12,49
2021,추석,2021-09-22,수,부산,수영구,3,0,2,8
2021,추석,2021-09-22,수,부산,연제구,3,0,1,3
2021,추석,2021-09-22,수,부산,영도구,0,0,0,0
2021,추석,2021-09-22,수,부산,중구,1,0,0,1
2021,추석,2021-09-22,수,부산,진구,2,0,0,3
2021,추석,2021-09-22,수,부산,해운대구,2,0,0,3
2021,추석,2021-09-22,수,서울,강남구,5,0,3,7
2021,추석,2021-09-22,수,서울,강동구,2,0,1,2
2021,추석,2021-09-22,수,서울,강북구,0,0,0,0
2021,추석,2021-09-22,수,서울,강서구,3,0,0,3
2021,추석,2021-09-22,수,서울,관악구,2,0,2,2
2021,추석,2021-09-22,수,서울,광진구,3,0,0,4
2021,추석,2021-09-22,수,서울,구로구,3,0,1,5
2021,추석,2021-09-22,수,서울,금천구,1,0,0,3
2021,추석,2021-09-22,수,서울,노원구,2,0,1,2
2021,추석,2021-09-22,수,서울,도봉구,2,0,0,2
2021,추석,2021-09-22,수,서울,동대문구,2,0,1,2
2021,추석,2021-09-22,수,서울,동작구,0,0,0,0
2021,추석,2021-09-22,수,서울,마포구,1,0,1,1
2021,추석,2021-09-22,수,서울,서대문구,1,0,0,1
2021,추석,2021-09-22,수,서울,서초구,4,0,1,8
2021,추석,2021-09-22,수,서울,성동구,3,0,2,3
2021,추석,2021-09-22,수,서울,성북구,4,0,0,5
2021,추석,2021-09-22,수,서울,소계,55,0,18,71
2021,추석,2021-09-22,수,서울,송파구,5,0,1,6
2021,추석,2021-09-22,수,서울,양천구,2,0,0,2
2021,추석,2021-09-22,수,서울,영등포구,6,0,3,8
2021,추석,2021-09-22,수,서울,용산구,0,0,0,0
2021,추석,2021-09-22,수,서울,은평구,3,0,1,3
2021,추석,2021-09-22,수,서울,종로구,0,0,0,0
2021,추석,2021-09-22,수,서울,중구,1,0,0,2
2021,추석,2021-09-22,수,서울,중랑구,0,0,0,0
2021,추석,2021-09-22,수,세종,세종시,2,0,0,3
2021,추석,2021-09-22,수,세종,소계,2,0,0,3
2021,추석,2021-09-22,수,울산,남구,3,0,0,8
2021,추석,2021-09-22,수,울산,동구,0,0,0,0
2021,추석,2021-09-22,수,울산,북구,2,0,0,5
2021,추석,2021-09-22,수,울산,소계,6,0,0,14
2021,추석,2021-09-22,수,울산,울주군,0,0,0,0
2021,추석,2021-09-22,수,울산,중구,1,0,0,1
2021,추석,2021-09-22,수,인천,강화군,0,0,0,0
2021,추석,2021-09-22,수,인천,계양구,0,0,0,0
2021,추석,2021-09-22,수,인천,남동구,1,0,0,1
2021,추석,2021-09-22,수,인천,동구,0,0,0,0
2021,추석,2021-09-22,수,인천,미추홀구,1,0,0,1
2021,추석,2021-09-22,수,인천,부평구,3,0,1,3
2021,추석,2021-09-22,수,인천,서구,5,0,2,10
2021,추석,2021-09-22,수,인천,소계,15,0,7,25
2021,추석,2021-09-22,수,인천,연수구,1,0,1,1
2021,추석,2021-09-22,수,인천,옹진군,2,0,1,6
2021,추석,2021-09-22,수,인천,중구,2,0,2,3
2021,추석,2021-09-22,수,전국,전국,413,4,136,652
2021,추석,2021-09-22,수,전남,강진군,0,0,0,0
2021,추석,2021-09-22,수,전남,고흥군,0,0,0,0
2021,추석,2021-09-22,수,전남,곡성군,0,0,0,0
2021,추석,2021-09-22,수,전남,광양시,0,0,0,0
2021,추석,2021-09-22,수,전남,구례군,1,0,0,1
2021,추석,2021-09-22,수,전남,나주시,1,0,0,1
2021,추석,2021-09-22,수,전남,담양군,0,0,0,0
2021,추석,2021-09-22,수,전남,목포시,7,0,3,11
2021,추석,2021-09-22,수,전남,무안군,2,0,0,6
2021,추석,2021-09-22,수,전남,보성군,0,0,0,0
2021,추석,2021-09-22,수,전남,소계,18,0,6,27
2021,추석,2021-09-22,수,전남,순천시,4,0,0,4
2021,추석,2021-09-22,수,전남,신안군,0,0,0,0
2021,추석,2021-09-22,수,전남,여수시,2,0,2,3
2021,추석,2021-09-22,수,전남,영광군,0,0,0,0
2021,추석,2021-09-22,수,전남,영암군,0,0,0,0
2021,추석,2021-09-22,수,전남,완도군,0,0,0,0
2021,추석,2021-09-22,수,전남,장성군,1,0,1,1
2021,추석,2021-09-22,수,전남,장흥군,0,0,0,0
2021,추석,2021-09-22,수,전남,진도군,0,0,0,0
2021,추석,2021-09-22,수,전남,함평군,0,0,0,0
2021,추석,2021-09-22,수,전남,해남군,0,0,0,0
2021,추석,2021-09-22,수,전남,화순군,0,0,0,0
2021,추석,2021-09-22,수,전북,고창군,1,0,1,1
2021,추석,2021-09-22,수,전북,군산시,0,0,0,0
2021,추석,2021-09-22,수,전북,김제시,1,0,0,1
2021,추석,2021-09-22,수,전북,남원시,2,0,1,2
2021,추석,2021-09-22,수,전북,무주군,0,0,0,0
2021,추석,2021-09-22,수,전북,부안군,2,0,2,4
2021,추석,2021-09-22,수,전북,소계,12,1,6,16
2021,추석,2021-09-22,수,전북,순창군,0,0,0,0
2021,추석,2021-09-22,수,전북,완주군,1,0,0,1
2021,추석,2021-09-22,수,전북,익산시,1,0,1,1
2021,추석,2021-09-22,수,전북,임실군,0,0,0,0
2021,추석,2021-09-22,수,전북,장수군,1,0,1,1
2021,추석,2021-09-22,수,전북,전주시,2,1,0,1
2021,추석,2021-09-22,수,전북,정읍시,1,0,0,4
2021,추석,2021-09-22,수,전북,진안군,0,0,0,0
2021,추석,2021-09-22,수,제주,서귀포시,4,0,2,7
2021,추석,2021-09-22,수,제주,소계,7,0,3,12
2021,추석,2021-09-22,수,제주,제주시,3,0,1,5
2021,추석,2021-09-22,수,충남,계룡시,0,0,0,0
2021,추석,2021-09-22,수,충남,공주시,3,0,1,4
2021,추석,2021-09-22,수,충남,금산군,1,0,0,1
2021,추석,2021-09-22,수,충남,논산시,3,0,1,8
2021,추석,2021-09-22,수,충남,당진시,2,0,0,13
2021,추석,2021-09-22,수,충남,보령시,1,0,0,2
2021,추석,2021-09-22,수,충남,부여군,0,0,0,0
2021,추석,2021-09-22,수,충남,서산시,1,0,1,1
2021,추석,2021-09-22,수,충남,서천군,0,0,0,0
2021,추석,2021-09-22,수,충남,소계,27,0,8,51
2021,추석,2021-09-22,수,충남,아산시,4,0,5,9
2021,추석,2021-09-22,수,충남,예산군,0,0,0,0
2021,추석,2021-09-22,수,충남,천안시,11,0,0,11
2021,추석,2021-09-22,수,충남,청양군,0,0,0,0
2021,추석,2021-09-22,수,충남,태안군,1,0,0,2
2021,추석,2021-09-22,수,충남,홍성군,0,0,0,0
2021,추석,2021-09-22,수,충북,괴산군,1,0,0,1
2021,추석,2021-09-22,수,충북,단양군,0,0,0,0
2021,추석,2021-09-22,수,충북,보은군,0,0,0,0
2021,추석,2021-09-22,수,충북,소계,16,0,3,20
2021,추석,2021-09-22,수,충북,영동군,0,0,0,0
2021,추석,2021-09-22,수,충북,옥천군,0,0,0,0
2021,추석,2021-09-22,수,충북,음성군,3,0,1,3
2021,추석,2021-09-22,수,충북,제천시,0,0,0,0
2021,추석,2021-09-22,수,충북,증평군,0,0,0,0
2021,추석,2021-09-22,수,충북,진천군,0,0,0,0
2021,추석,2021-09-22,수,충북,청주시,9,0,2,12
2021,추석,2021-09-22,수,충북,충주시,3,0,0,4
2022,설날,2022-01-31,월,강원,강릉시,3,0,2,7
2022,설날,2022-01-31,월,강원,고성군,0,0,0,0
2022,설날,2022-01-31,월,강원,동해시,0,0,0,0
2022,설날,2022-01-31,월,강원,삼척시,0,0,0,0
2022,설날,2022-01-31,월,강원,소계,10,2,5,22
2022,설날,2022-01-31,월,강원,속초시,1,0,1,1
2022,설날,2022-01-31,월,강원,양구군,0,0,0,0
2022,설날,2022-01-31,월,강원,양양군,2,0,2,4
2022,설날,2022-01-31,월,강원,영월군,0,0,0,0
2022,설날,2022-01-31,월,강원,원주시,0,0,0,0
2022,설날,2022-01-31,월,강원,인제군,0,0,0,0
2022,설날,2022-01-31,월,강원,정선군,2,2,0,8
2022,설날,2022-01-31,월,강원,철원군,0,0,0,0
2022,설날,2022-01-31,월,강원,춘천시,1,0,0,1
2022,설날,2022-01-31,월,강원,태백시,0,0,0,0
2022,설날,2022-01-31,월,강원,평창군,0,0,0,0
2022,설날,2022-01-31,월,강원,홍천군,0,0,0,0
2022,설날,2022-01-31,월,강원,화천군,0,0,0,0
2022,설날,2022-01-31,월,강원,횡성군,1,0,0,1
2022,설날,2022-01-31,월,경기,가평군,2,0,1,2
2022,설날,2022-01-31,월,경기,고양시,7,0,1,14
2022,설날,2022-01-31,월,경기,과천시,0,0,0,0
2022,설날,2022-01-31,월,경기,광명시,0,0,0,0
2022,설날,2022-01-31,월,경기,광주시,5,0,1,7
2022,설날,2022-01-31,월,경기,구리시,1,0,0,1
2022,설날,2022-01-31,월,경기,군포시,1,0,1,4
2022,설날,2022-01-31,월,경기,김포시,7,0,2,14
2022,설날,2022-01-31,월,경기,남양주시,3,0,1,3
2022,설날,2022-01-31,월,경기,동두천시,1,0,0,1
2022,설날,2022-01-31,월,경기,부천시,5,0,2,6
2022,설날,2022-01-31,월,경기,성남시,3,0,2,8
2022,설날,2022-01-31,월,경기,소계,102,0,26,191
2022,설날,2022-01-31,월,경기,수원시,11,0,2,20
2022,설날,2022-01-31,월,경기,시흥시,7,0,1,14
2022,설날,2022-01-31,월,경기,안산시,7,0,2,16
2022,설날,2022-01-31,월,경기,안성시,2,0,0,10
2022,설날,2022-01-31,월,경기,안양시,3,0,0,4
2022,설날,2022-01-31,월,경기,양주시,1,0,0,3
2022,설날,2022-01-31,월,경기,양평군,1,0,1,4
2022,설날,2022-01-31,월,경기,여주시,1,0,0,1
2022,설날,2022-01-31,월,경기,연천군,1,0,1,1
2022,설날,2022-01-31,월,경기,오산시,2,0,0,3
2022,설날,2022-01-31,월,경기,용인시,13,0,3,20
2022,설날,2022-01-31,월,경기,의왕시,1,0,0,1
2022,설날,2022-01-31,월,경기,의정부시,1,0,0,1
2022,설날,2022-01-31,월,경기,이천시,1,0,0,3
2022,설날,2022-01-31,월,경기,파주시,1,0,0,2
2022,설날,2022-01-31,월,경기,평택시,2,0,1,3
2022,설날,2022-01-31,월,경기,포천시,3,0,0,12
2022,설날,2022-01-31,월,경기,하남시,4,0,0,4
2022,설날,2022-01-31,월,경기,화성시,5,0,4,9
2022,설날,2022-01-31,월,경남,거제시,1,0,1,1
2022,설날,2022-01-31,월,경남,거창군,1,0,0,4
2022,설날,2022-01-31,월,경남,고성군,0,0,0,0
2022,설날,2022-01-31,월,경남,김해시,3,0,1,4
2022,설날,2022-01-31,월,경남,남해군,1,0,0,3
2022,설날,2022-01-31,월,경남,밀양시,0,0,0,0
2022,설날,2022-01-31,월,경남,사천시,2,0,1,2
2022,설날,2022-01-31,월,경남,산청군,0,0,0,0
2022,설날,2022-01-31,월,경남,소계,13,0,5,21
2022,설날,2022-01-31,월,경남,양산시,0,0,0,0
2022,설날,2022-01-31,월,경남,의령군,0,0,0,0
2022,설날,2022-01-31,월,경남,진주시,1,0,0,2
2022,설날,2022-01-31,월,경남,창녕군,0,0,0,0
2022,설날,2022-01-31,월,경남,창원시,1,0,0,1
2022,설날,2022-01-31,월,경남,통영시,0,0,0,0
2022,설날,2022-01-31,월,경남,하동군,1,0,1,1
2022,설날,2022-01-31,월,경남,함안군,2,0,1,3
2022,설날,2022-01-31,월,경남,함양군,0,0,0,0
2022,설날,2022-01-31,월,경남,합천군,0,0,0,0
2022,설날,2022-01-31,월,경북,경산시,2,0,1,6
2022,설날,2022-01-31,월,경북,경주시,2,0,0,5
2022,설날,2022-01-31,월,경북,고령군,1,0,0,1
2022,설날,2022-01-31,월,경북,구미시,2,0,0,3
2022,설날,2022-01-31,월,경북,군위군,0,0,0,0
2022,설날,2022-01-31,월,경북,김천시,0,0,0,0
2022,설날,2022-01-31,월,경북,문경시,0,0,0,0
2022,설날,2022-01-31,월,경북,봉화군,0,0,0,0
2022,설날,2022-01-31,월,경북,상주시,2,0,1,3
2022,설날,2022-01-31,월,경북,성주군,1,0,0,1
2022,설날,2022-01-31,월,경북,소계,22,0,5,45
2022,설날,2022-01-31,월,경북,안동시,4,0,1,10
2022,설날,2022-01-31,월,경북,영덕군,0,0,0,0
2022,설날,2022-01-31,월,경북,영양군,0,0,0,0
2022,설날,2022-01-31,월,경북,영주시,1,0,0,2
2022,설날,2022-01-31,월,경북,영천시,0,0,0,0
2022,설날,2022-01-31,월,경북,예천군,1,0,0,1
2022,설날,2022-01-31,월,경북,울릉군,0,0,0,0
2022,설날,2022-01-31,월,경북,울진군,1,0,1,4
2022,설날,2022-01-31,월,경북,의성군,0,0,0,0
2022,설날,2022-01-31,월,경북,청도군,1,0,0,3
2022,설날,2022-01-31,월,경북,청송군,0,0,0,0
2022,설날,2022-01-31,월,경북,칠곡군,2,0,0,4
2022,설날,2022-01-31,월,경북,포항시,2,0,1,2
2022,설날,2022-01-31,월,광주,광산구,0,0,0,0
2022,설날,2022-01-31,월,광주,남구,4,0,0,7
2022,설날,2022-01-31,월,광주,동구,4,0,2,11
2022,설날,2022-01-31,월,광주,북구,0,0,0,0
2022,설날,2022-01-31,월,광주,서구,5,1,1,9
2022,설날,2022-01-31,월,광주,소계,13,1,3,27
2022,설날,2022-01-31,월,대구,남구,0,0,0,0
2022,설날,2022-01-31,월,대구,달서구,5,0,2,7
2022,설날,2022-01-31,월,대구,달성군,0,0,0,0
2022,설날,2022-01-31,월,대구,동구,4,0,0,4
2022,설날,2022-01-31,월,대구,북구,3,0,1,4
2022,설날,2022-01-31,월,대구,서구,2,0,0,3
2022,설날,2022-01-31,월,대구,소계,21,0,4,26
2022,설날,2022-01-31,월,대구,수성구,5,0,1,5
2022,설날,2022-01-31,월,대구,중구,2,0,0,3
2022,설날,2022-01-31,월,대전,대덕구,0,0,0,0
2022,설날,2022-01-31,월,대전,동구,2,0,1,4
2022,설날,2022-01-31,월,대전,서구,1,0,1,1
2022,설날,2022-01-31,월,대전,소계,9,0,6,15
2022,설날,2022-01-31,월,대전,유성구,3,0,2,7
2022,설날,2022-01-31,월,대전,중구,3,0,2,3
2022,설날,2022-01-31,월,부산,강서구,2,0,0,3
2022,설날,2022-01-31,월,부산,금정구,0,0,0,0
2022,설날,2022-01-31,월,부산,기장군,0,0,0,0
2022,설날,2022-01-31,월,부산,남구,1,0,1,1
2022,설날,2022-01-31,월,부산,동구,2,0,0,5
2022,설날,2022-01-31,월,부산,동래구,0,0,0,0
2022,설날,2022-01-31,월,부산,북구,0,0,0,0
2022,설날,2022-01-31,월,부산,사상구,1,0,0,1
2022,설날,2022-01-31,월,부산,사하구,0,0,0,0
2022,설날,2022-01-31,월,부산,서구,1,0,1,1
2022,설날,2022-01-31,월,부산,소계,15,0,3,20
2022,설날,2022-01-31,월,부산,수영구,2,0,0,2
2022,설날,2022-01-31,월,부산,연제구,0,0,0,0
2022,설날,2022-01-31,월,부산,영도구,1,0,0,1
2022,설날,2022-01-31,월,부산,중구,1,0,0,1
2022,설날,2022-01-31,월,부산,진구,4,0,1,5
2022,설날,2022-01-31,월,부산,해운대구,0,0,0,0
2022,설날,2022-01-31,월,서울,강남구,2,0,0,3
2022,설날,2022-01-31,월,서울,강동구,1,0,0,2
2022,설날,2022-01-31,월,서울,강북구,0,0,0,0
2022,설날,2022-01-31,월,서울,강서구,0,0,0,0
2022,설날,2022-01-31,월,서울,관악구,2,0,0,2
2022,설날,2022-01-31,월,서울,광진구,0,0,0,0
2022,설날,2022-01-31,월,서울,구로구,2,0,0,5
2022,설날,2022-01-31,월,서울,금천구,0,0,0,0
2022,설날,2022-01-31,월,서울,노원구,3,0,1,6
2022,설날,2022-01-31,월,서울,도봉구,0,0,0,0
2022,설날,2022-01-31,월,서울,동대문구,4,1,0,3
2022,설날,2022-01-31,월,서울,동작구,2,0,0,3
2022,설날,2022-01-31,월,서울,마포구,2,0,0,2
2022,설날,2022-01-31,월,서울,서대문구,2,0,1,4
2022,설날,2022-01-31,월,서울,서초구,2,0,1,4
2022,설날,2022-01-31,월,서울,성동구,3,0,0,5
2022,설날,2022-01-31,월,서울,성북구,4,0,0,5
2022,설날,2022-01-31,월,서울,소계,44,1,10,64
2022,설날,2022-01-31,월,서울,송파구,3,0,1,4
2022,설날,2022-01-31,월,서울,양천구,3,0,2,4
2022,설날,2022-01-31,월,서울,영등포구,4,0,1,7
2022,설날,2022-01-31,월,서울,용산구,1,0,1,1
2022,설날,2022-01-31,월,서울,은평구,1,0,1,1
2022,설날,2022-01-31,월,서울,종로구,0,0,0,0
2022,설날,2022-01-31,월,서울,중구,1,0,1,1
2022,설날,2022-01-31,월,서울,중랑구,2,0,0,2
2022,설날,2022-01-31,월,세종,세종시,1,0,0,1
2022,설날,2022-01-31,월,세종,소계,1,0,0,1
2022,설날,2022-01-31,월,울산,남구,1,0,0,1
2022,설날,2022-01-31,월,울산,동구,1,0,0,1
2022,설날,2022-01-31,월,울산,북구,0,0,0,0
2022,설날,2022-01-31,월,울산,소계,5,0,2,5
2022,설날,2022-01-31,월,울산,울주군,1,0,1,1
2022,설날,2022-01-31,월,울산,중구,2,0,1,2
2022,설날,2022-01-31,월,인천,강화군,2,0,0,2
2022,설날,2022-01-31,월,인천,계양구,1,0,0,1
2022,설날,2022-01-31,월,인천,남동구,0,0,0,0
2022,설날,2022-01-31,월,인천,동구,0,0,0,0
2022,설날,2022-01-31,월,인천,미추홀구,3,0,0,7
2022,설날,2022-01-31,월,인천,부평구,1,1,0,0
2022,설날,2022-01-31,월,인천,서구,5,0,1,6
2022,설날,2022-01-31,월,인천,소계,14,1,4,19
2022,설날,2022-01-31,월,인천,연수구,0,0,0,0
2022,설날,2022-01-31,월,인천,옹진군,0,0,0,0
2022,설날,2022-01-31,월,인천,중구,2,0,3,3
2022,설날,2022-01-31,월,전국,전국,322,6,86,551
2022,설날,2022-01-31,월,전남,강진군,0,0,0,0
2022,설날,2022-01-31,월,전남,고흥군,1,0,1,3
2022,설날,2022-01-31,월,전남,곡성군,0,0,0,0
2022,설날,2022-01-31,월,전남,광양시,0,0,0,0
2022,설날,2022-01-31,월,전남,구례군,0,0,0,0
2022,설날,2022-01-31,월,전남,나주시,0,0,0,0
2022,설날,2022-01-31,월,전남,담양군,1,0,0,1
2022,설날,2022-01-31,월,전남,목포시,4,1,0,5
2022,설날,2022-01-31,월,전남,무안군,0,0,0,0
2022,설날,2022-01-31,월,전남,보성군,0,0,0,0
2022,설날,2022-01-31,월,전남,소계,13,1,1,27
2022,설날,2022-01-31,월,전남,순천시,3,0,0,11
2022,설날,2022-01-31,월,전남,신안군,0,0,0,0
2022,설날,2022-01-31,월,전남,여수시,3,0,0,5
2022,설날,2022-01-31,월,전남,영광군,0,0,0,0
2022,설날,2022-01-31,월,전남,영암군,0,0,0,0
2022,설날,2022-01-31,월,전남,완도군,0,0,0,0
2022,설날,2022-01-31,월,전남,장성군,0,0,0,0
2022,설날,2022-01-31,월,전남,장흥군,1,0,0,2
2022,설날,2022-01-31,월,전남,진도군,0,0,0,0
2022,설날,2022-01-31,월,전남,함평군,0,0,0,0
2022,설날,2022-01-31,월,전남,해남군,0,0,0,0
2022,설날,2022-01-31,월,전남,화순군,0,0,0,0
2022,설날,2022-01-31,월,전북,고창군,0,0,0,0
2022,설날,2022-01-31,월,전북,군산시,4,0,1,5
2022,설날,2022-01-31,월,전북,김제시,0,0,0,0
2022,설날,2022-01-31,월,전북,남원시,1,0,2,3
2022,설날,2022-01-31,월,전북,무주군,0,0,0,0
2022,설날,2022-01-31,월,전북,부안군,0,0,0,0
2022,설날,2022-01-31,월,전북,소계,8,0,5,13
2022,설날,2022-01-31,월,전북,순창군,0,0,0,0
2022,설날,2022-01-31,월,전북,완주군,0,0,0,0
2022,설날,2022-01-31,월,전북,익산시,2,0,2,4
2022,설날,2022-01-31,월,전북,임실군,0,0,0,0
2022,설날,2022-01-31,월,전북,장수군,0,0,0,0
2022,설날,2022-01-31,월,전북,전주시,1,0,0,1
2022,설날,2022-01-31,월,전북,정읍시,0,0,0,0
2022,설날,2022-01-31,월,전북,진안군,0,0,0,0
2022,설날,2022-01-31,월,제주,서귀포시,0,0,0,0
2022,설날,2022-01-31,월,제주,소계,3,0,0,5
2022,설날,2022-01-31,월,제주,제주시,3,0,0,5
2022,설날,2022-01-31,월,충남,계룡시,0,0,0,0
2022,설날,2022-01-31,월,충남,공주시,0,0,0,0
2022,설날,2022-01-31,월,충남,금산군,1,0,0,1
2022,설날,2022-01-31,월,충남,논산시,1,0,1,1
2022,설날,2022-01-31,월,충남,당진시,0,0,0,0
2022,설날,2022-01-31,월,충남,보령시,2,0,0,4
2022,설날,2022-01-31,월,충남,부여군,0,0,0,0
2022,설날,2022-01-31,월,충남,서산시,1,0,1,1
2022,설날,2022-01-31,월,충남,서천군,1,0,1,1
2022,설날,2022-01-31,월,충남,소계,16,0,6,26
2022,설날,2022-01-31,월,충남,아산시,3,0,0,5
2022,설날,2022-01-31,월,충남,예산군,2,0,0,4
2022,설날,2022-01-31,월,충남,천안시,3,0,1,4
2022,설날,2022-01-31,월,충남,청양군,1,0,0,2
2022,설날,2022-01-31,월,충남,태안군,1,0,2,3
2022,설날,2022-01-31,월,충남,홍성군,0,0,0,0
2022,설날,2022-01-31,월,충북,괴산군,0,0,0,0
2022,설날,2022-01-31,월,충북,단양군,1,0,0,4
2022,설날,2022-01-31,월,충북,보은군,0,0,0,0
2022,설날,2022-01-31,월,충북,소계,13,0,1,24
2022,설날,2022-01-31,월,충북,영동군,0,0,0,0
2022,설날,2022-01-31,월,충북,옥천군,1,0,1,1
2022,설날,2022-01-31,월,충북,음성군,1,0,0,2
2022,설날,2022-01-31,월,충북,제천시,0,0,0,0
2022,설날,2022-01-31,월,충북,증평군,0,0,0,0
2022,설날,2022-01-31,월,충북,진천군,0,0,0,0
2022,설날,2022-01-31,월,충북,청주시,8,0,0,14
2022,설날,2022-01-31,월,충북,충주시,2,0,0,3
2022,설날,2022-02-01,화,강원,강릉시,2,0,0,7
2022,설날,2022-02-01,화,강원,고성군,0,0,0,0
2022,설날,2022-02-01,화,강원,동해시,0,0,0,0
2022,설날,2022-02-01,화,강원,삼척시,0,0,0,0
2022,설날,2022-02-01,화,강원,소계,14,0,1,40
2022,설날,2022-02-01,화,강원,속초시,1,0,0,2
2022,설날,2022-02-01,화,강원,양구군,0,0,0,0
2022,설날,2022-02-01,화,강원,양양군,0,0,0,0
2022,설날,2022-02-01,화,강원,영월군,1,0,0,4
2022,설날,2022-02-01,화,강원,원주시,3,0,0,12
2022,설날,2022-02-01,화,강원,인제군,0,0,0,0
2022,설날,2022-02-01,화,강원,정선군,1,0,1,2
2022,설날,2022-02-01,화,강원,철원군,0,0,0,0
2022,설날,2022-02-01,화,강원,춘천시,1,0,0,1
2022,설날,2022-02-01,화,강원,태백시,1,0,0,1
2022,설날,2022-02-01,화,강원,평창군,1,0,0,3
2022,설날,2022-02-01,화,강원,홍천군,2,0,0,6
2022,설날,2022-02-01,화,강원,화천군,0,0,0,0
2022,설날,2022-02-01,화,강원,횡성군,1,0,0,2
2022,설날,2022-02-01,화,경기,가평군,0,0,0,0
2022,설날,2022-02-01,화,경기,고양시,2,0,2,2
2022,설날,2022-02-01,화,경기,과천시,0,0,0,0
2022,설날,2022-02-01,화,경기,광명시,1,0,0,2
2022,설날,2022-02-01,화,경기,광주시,2,0,0,2
2022,설날,2022-02-01,화,경기,구리시,1,0,0,3
2022,설날,2022-02-01,화,경기,군포시,1,0,0,2
2022,설날,2022-02-01,화,경기,김포시,2,0,0,2
2022,설날,2022-02-01,화,경기,남양주시,2,0,2,2
2022,설날,2022-02-01,화,경기,동두천시,0,0,0,0
2022,설날,2022-02-01,화,경기,부천시,6,0,1,13
2022,설날,2022-02-01,화,경기,성남시,6,0,2,7
2022,설날,2022-02-01,화,경기,소계,54,0,13,93
2022,설날,2022-02-01,화,경기,수원시,4,0,1,8
2022,설날,2022-02-01,화,경기,시흥시,2,0,0,5
2022,설날,2022-02-01,화,경기,안산시,4,0,0,7
2022,설날,2022-02-01,화,경기,안성시,1,0,0,1
2022,설날,2022-02-01,화,경기,안양시,0,0,0,0
2022,설날,2022-02-01,화,경기,양주시,6,0,1,12
2022,설날,2022-02-01,화,경기,양평군,1,0,1,1
2022,설날,2022-02-01,화,경기,여주시,0,0,0,0
2022,설날,2022-02-01,화,경기,연천군,0,0,0,0
2022,설날,2022-02-01,화,경기,오산시,0,0,0,0
2022,설날,2022-02-01,화,경기,용인시,2,0,0,2
2022,설날,2022-02-01,화,경기,의왕시,0,0,0,0
2022,설날,2022-02-01,화,경기,의정부시,1,0,0,2
2022,설날,2022-02-01,화,경기,이천시,1,0,0,1
2022,설날,2022-02-01,화,경기,파주시,1,0,0,4
2022,설날,2022-02-01,화,경기,평택시,4,0,1,5
2022,설날,2022-02-01,화,경기,포천시,2,0,0,6
2022,설날,2022-02-01,화,경기,하남시,0,0,0,0
2022,설날,2022-02-01,화,경기,화성시,2,0,2,4
2022,설날,2022-02-01,화,경남,거제시,2,0,0,5
2022,설날,2022-02-01,화,경남,거창군,0,0,0,0
2022,설날,2022-02-01,화,경남,고성군,0,0,0,0
2022,설날,2022-02-01,화,경남,김해시,1,0,0,1
2022,설날,2022-02-01,화,경남,남해군,0,0,0,0
2022,설날,2022-02-01,화,경남,밀양시,1,0,1,1
2022,설날,2022-02-01,화,경남,사천시,1,0,0,2
2022,설날,2022-02-01,화,경남,산청군,0,0,0,0
2022,설날,2022-02-01,화,경남,소계,15,0,8,26
2022,설날,2022-02-01,화,경남,양산시,1,0,0,1
2022,설날,2022-02-01,화,경남,의령군,0,0,0,0
2022,설날,2022-02-01,화,경남,진주시,0,0,0,0
2022,설날,2022-02-01,화,경남,창녕군,1,0,0,1
2022,설날,2022-02-01,화,경남,창원시,5,0,4,8
2022,설날,2022-02-01,화,경남,통영시,1,0,0,1
2022,설날,2022-02-01,화,경남,하동군,0,0,0,0
2022,설날,2022-02-01,화,경남,함안군,0,0,0,0
2022,설날,2022-02-01,화,경남,함양군,1,0,0,1
2022,설날,2022-02-01,화,경남,합천군,1,0,3,5
2022,설날,2022-02-01,화,경북,경산시,4,0,1,12
2022,설날,2022-02-01,화,경북,경주시,2,0,0,2
2022,설날,2022-02-01,화,경북,고령군,2,0,3,4
2022,설날,2022-02-01,화,경북,구미시,4,0,2,7
2022,설날,2022-02-01,화,경북,군위군,0,0,0,0
2022,설날,2022-02-01,화,경북,김천시,1,0,0,2
2022,설날,2022-02-01,화,경북,문경시,1,0,0,1
2022,설날,2022-02-01,화,경북,봉화군,1,0,0,1
2022,설날,2022-02-01,화,경북,상주시,1,0,1,1
2022,설날,2022-02-01,화,경북,성주군,0,0,0,0
2022,설날,2022-02-01,화,경북,소계,19,0,7,39
2022,설날,2022-02-01,화,경북,안동시,0,0,0,0
2022,설날,2022-02-01,화,경북,영덕군,0,0,0,0
2022,설날,2022-02-01,화,경북,영양군,0,0,0,0
2022,설날,2022-02-01,화,경북,영주시,0,0,0,0
2022,설날,2022-02-01,화,경북,영천시,1,0,0,1
2022,설날,2022-02-01,화,경북,예천군,0,0,0,0
2022,설날,2022-02-01,화,경북,울릉군,0,0,0,0
2022,설날,2022-02-01,화,경북,울진군,0,0,0,0
2022,설날,2022-02-01,화,경북,의성군,0,0,0,0
2022,설날,2022-02-01,화,경북,청도군,0,0,0,0
2022,설날,2022-02-01,화,경북,청송군,0,0,0,0
2022,설날,2022-02-01,화,경북,칠곡군,2,0,0,8
2022,설날,2022-02-01,화,경북,포항시,0,0,0,0
2022,설날,2022-02-01,화,광주,광산구,3,0,0,5
2022,설날,2022-02-01,화,광주,남구,1,0,0,1
2022,설날,2022-02-01,화,광주,동구,0,0,0,0
2022,설날,2022-02-01,화,광주,북구,2,0,0,7
2022,설날,2022-02-01,화,광주,서구,1,0,0,1
2022,설날,2022-02-01,화,광주,소계,7,0,0,14
2022,설날,2022-02-01,화,대구,남구,0,0,0,0
2022,설날,2022-02-01,화,대구,달서구,5,0,2,9
2022,설날,2022-02-01,화,대구,달성군,1,0,0,2
2022,설날,2022-02-01,화,대구,동구,3,0,2,5
2022,설날,2022-02-01,화,대구,북구,1,0,0,1
2022,설날,2022-02-01,화,대구,서구,1,0,0,1
2022,설날,2022-02-01,화,대구,소계,16,0,6,26
2022,설날,2022-02-01,화,대구,수성구,1,0,0,1
2022,설날,2022-02-01,화,대구,중구,4,0,2,7
2022,설날,2022-02-01,화,대전,대덕구,0,0,0,0
2022,설날,2022-02-01,화,대전,동구,0,0,0,0
2022,설날,2022-02-01,화,대전,서구,6,0,1,11
2022,설날,2022-02-01,화,대전,소계,8,0,1,14
2022,설날,2022-02-01,화,대전,유성구,1,0,0,2
2022,설날,2022-02-01,화,대전,중구,1,0,0,1
2022,설날,2022-02-01,화,부산,강서구,2,0,1,6
2022,설날,2022-02-01,화,부산,금정구,0,0,0,0
2022,설날,2022-02-01,화,부산,기장군,1,0,0,2
2022,설날,2022-02-01,화,부산,남구,0,0,0,0
2022,설날,2022-02-01,화,부산,동구,1,0,0,2
2022,설날,2022-02-01,화,부산,동래구,1,0,1,1
2022,설날,2022-02-01,화,부산,북구,3,0,0,6
2022,설날,2022-02-01,화,부산,사상구,0,0,0,0
2022,설날,2022-02-01,화,부산,사하구,1,0,0,1
2022,설날,2022-02-01,화,부산,서구,0,0,0,0
2022,설날,2022-02-01,화,부산,소계,17,0,4,31
2022,설날,2022-02-01,화,부산,수영구,2,0,1,2
2022,설날,2022-02-01,화,부산,연제구,1,0,0,2
2022,설날,2022-02-01,화,부산,영도구,0,0,0,0
2022,설날,2022-02-01,화,부산,중구,0,0,0,0
2022,설날,2022-02-01,화,부산,진구,3,0,1,6
2022,설날,2022-02-01,화,부산,해운대구,2,0,0,3
2022,설날,2022-02-01,화,서울,강남구,2,0,0,4
2022,설날,2022-02-01,화,서울,강동구,1,0,0,3
2022,설날,2022-02-01,화,서울,강북구,0,0,0,0
2022,설날,2022-02-01,화,서울,강서구,0,0,0,0
2022,설날,2022-02-01,화,서울,관악구,2,0,0,5
2022,설날,2022-02-01,화,서울,광진구,0,0,0,0
2022,설날,2022-02-01,화,서울,구로구,4,0,0,5
2022,설날,2022-02-01,화,서울,금천구,3,0,1,6
2022,설날,2022-02-01,화,서울,노원구,3,0,5,16
2022,설날,2022-02-01,화,서울,도봉구,0,0,0,0
2022,설날,2022-02-01,화,서울,동대문구,0,0,0,0
2022,설날,2022-02-01,화,서울,동작구,3,0,1,6
2022,설날,2022-02-01,화,서울,마포구,1,0,0,1
2022,설날,2022-02-01,화,서울,서대문구,0,0,0,0
2022,설날,2022-02-01,화,서울,서초구,0,0,0,0
2022,설날,2022-02-01,화,서울,성동구,1,0,0,2
2022,설날,2022-02-01,화,서울,성북구,2,0,0,4
2022,설날,2022-02-01,화,서울,소계,34,0,7,81
2022,설날,2022-02-01,화,서울,송파구,3,0,0,7
2022,설날,2022-02-01,화,서울,양천구,2,0,0,4
2022,설날,2022-02-01,화,서울,영등포구,0,0,0,0
2022,설날,2022-02-01,화,서울,용산구,1,0,0,1
2022,설날,2022-02-01,화,서울,은평구,0,0,0,0
2022,설날,2022-02-01,화,서울,종로구,4,0,0,8
2022,설날,2022-02-01,화,서울,중구,0,0,0,0
2022,설날,2022-02-01,화,서울,중랑구,2,0,0,9
2022,설날,2022-02-01,화,세종,세종시,2,1,0,1
2022,설날,2022-02-01,화,세종,소계,2,1,0,1
2022,설날,2022-02-01,화,울산,남구,1,0,0,2
2022,설날,2022-02-01,화,울산,동구,2,0,1,2
2022,설날,2022-02-01,화,울산,북구,2,0,1,2
2022,설날,2022-02-01,화,울산,소계,7,0,3,9
2022,설날,2022-02-01,화,울산,울주군,2,0,1,3
2022,설날,2022-02-01,화,울산,중구,0,0,0,0
2022,설날,2022-02-01,화,인천,강화군,0,0,0,0
2022,설날,2022-02-01,화,인천,계양구,1,0,1,1
2022,설날,2022-02-01,화,인천,남동구,1,0,0,4
2022,설날,2022-02-01,화,인천,동구,0,0,0,0
2022,설날,2022-02-01,화,인천,미추홀구,1,0,0,1
2022,설날,2022-02-01,화,인천,부평구,0,0,0,0
2022,설날,2022-02-01,화,인천,서구,3,0,2,12
2022,설날,2022-02-01,화,인천,소계,7,0,4,22
2022,설날,2022-02-01,화,인천,연수구,1,0,1,4
2022,설날,2022-02-01,화,인천,옹진군,0,0,0,0
2022,설날,2022-02-01,화,인천,중구,0,0,0,0
2022,설날,2022-02-01,화,전국,전국,253,1,67,500
2022,설날,2022-02-01,화,전남,강진군,1,0,0,3
2022,설날,2022-02-01,화,전남,고흥군,0,0,0,0
2022,설날,2022-02-01,화,전남,곡성군,0,0,0,0
2022,설날,2022-02-01,화,전남,광양시,0,0,0,0
2022,설날,2022-02-01,화,전남,구례군,0,0,0,0
2022,설날,2022-02-01,화,전남,나주시,0,0,0,0
2022,설날,2022-02-01,화,전남,담양군,0,0,0,0
2022,설날,2022-02-01,화,전남,목포시,3,0,0,4
2022,설날,2022-02-01,화,전남,무안군,3,0,1,8
2022,설날,2022-02-01,화,전남,보성군,0,0,0,0
2022,설날,2022-02-01,화,전남,소계,14,0,2,29
2022,설날,2022-02-01,화,전남,순천시,2,0,0,6
2022,설날,2022-02-01,화,전남,신안군,0,0,0,0
2022,설날,2022-02-01,화,전남,여수시,4,0,0,7
2022,설날,2022-02-01,화,전남,영광군,0,0,0,0
2022,설날,2022-02-01,화,전남,영암군,1,0,1,1
2022,설날,2022-02-01,화,전남,완도군,0,0,0,0
2022,설날,2022-02-01,화,전남,장성군,0,0,0,0
2022,설날,2022-02-01,화,전남,장흥군,0,0,0,0
2022,설날,2022-02-01,화,전남,진도군,0,0,0,0
2022,설날,2022-02-01,화,전남,함평군,0,0,0,0
2022,설날,2022-02-01,화,전남,해남군,0,0,0,0
2022,설날,2022-02-01,화,전남,화순군,0,0,0,0
2022,설날,2022-02-01,화,전북,고창군,0,0,0,0
2022,설날,2022-02-01,화,전북,군산시,0,0,0,0
2022,설날,2022-02-01,화,전북,김제시,0,0,0,0
2022,설날,2022-02-01,화,전북,남원시,0,0,0,0
2022,설날,2022-02-01,화,전북,무주군,0,0,0,0
2022,설날,2022-02-01,화,전북,부안군,0,0,0,0
2022,설날,2022-02-01,화,전북,소계,3,0,1,5
2022,설날,2022-02-01,화,전북,순창군,0,0,0,0
2022,설날,2022-02-01,화,전북,완주군,0,0,0,0
2022,설날,2022-02-01,화,전북,익산시,1,0,0,1
2022,설날,2022-02-01,화,전북,임실군,0,0,0,0
2022,설날,2022-02-01,화,전북,장수군,0,0,0,0
2022,설날,2022-02-01,화,전북,전주시,2,0,1,4
2022,설날,2022-02-01,화,전북,정읍시,0,0,0,0
2022,설날,2022-02-01,화,전북,진안군,0,0,0,0
2022,설날,2022-02-01,화,제주,서귀포시,3,0,0,4
2022,설날,2022-02-01,화,제주,소계,6,0,0,12
2022,설날,2022-02-01,화,제주,제주시,3,0,0,8
2022,설날,2022-02-01,화,충남,계룡시,0,0,0,0
2022,설날,2022-02-01,화,충남,공주시,1,0,0,2
2022,설날,2022-02-01,화,충남,금산군,0,0,0,0
2022,설날,2022-02-01,화,충남,논산시,0,0,0,0
2022,설날,2022-02-01,화,충남,당진시,1,0,0,2
2022,설날,2022-02-01,화,충남,보령시,2,0,0,7
2022,설날,2022-02-01,화,충남,부여군,1,0,0,6
2022,설날,2022-02-01,화,충남,서산시,0,0,0,0
2022,설날,2022-02-01,화,충남,서천군,0,0,0,0
2022,설날,2022-02-01,화,충남,소계,20,0,5,39
2022,설날,2022-02-01,화,충남,아산시,2,0,2,2
2022,설날,2022-02-01,화,충남,예산군,1,0,0,1
2022,설날,2022-02-01,화,충남,천안시,12,0,3,19
2022,설날,2022-02-01,화,충남,청양군,0,0,0,0
2022,설날,2022-02-01,화,충남,태안군,0,0,0,0
2022,설날,2022-02-01,화,충남,홍성군,0,0,0,0
2022,설날,2022-02-01,화,충북,괴산군,0,0,0,0
2022,설날,2022-02-01,화,충북,단양군,0,0,0,0
2022,설날,2022-02-01,화,충북,보은군,0,0,0,0
2022,설날,2022-02-01,화,충북,소계,10,0,5,19
2022,설날,2022-02-01,화,충북,영동군,1,0,0,2
2022,설날,2022-02-01,화,충북,옥천군,1,0,0,5
2022,설날,2022-02-01,화,충북,음성군,2,0,1,4
2022,설날,2022-02-01,화,충북,제천시,0,0,0,0
2022,설날,2022-02-01,화,충북,증평군,0,0,0,0
2022,설날,2022-02-01,화,충북,진천군,0,0,0,0
2022,설날,2022-02-01,화,충북,청주시,5,0,3,7
2022,설날,2022-02-01,화,충북,충주시,1,0,1,1
2022,설날,2022-02-02,수,강원,강릉시,2,0,0,6
2022,설날,2022-02-02,수,강원,고성군,0,0,0,0
2022,설날,2022-02-02,수,강원,동해시,1,0,1,1
2022,설날,2022-02-02,수,강원,삼척시,0,0,0,0
2022,설날,2022-02-02,수,강원,소계,12,0,1,17
2022,설날,2022-02-02,수,강원,속초시,0,0,0,0
2022,설날,2022-02-02,수,강원,양구군,0,0,0,0
2022,설날,2022-02-02,수,강원,양양군,0,0,0,0
2022,설날,2022-02-02,수,강원,영월군,0,0,0,0
2022,설날,2022-02-02,수,강원,원주시,6,0,0,7
2022,설날,2022-02-02,수,강원,인제군,0,0,0,0
2022,설날,2022-02-02,수,강원,정선군,0,0,0,0
2022,설날,2022-02-02,수,강원,철원군,0,0,0,0
2022,설날,2022-02-02,수,강원,춘천시,2,0,0,2
2022,설날,2022-02-02,수,강원,태백시,0,0,0,0
2022,설날,2022-02-02,수,강원,평창군,1,0,0,1
2022,설날,2022-02-02,수,강원,홍천군,0,0,0,0
2022,설날,2022-02-02,수,강원,화천군,0,0,0,0
2022,설날,2022-02-02,수,강원,횡성군,0,0,0,0
2022,설날,2022-02-02,수,경기,가평군,0,0,0,0
2022,설날,2022-02-02,수,경기,고양시,6,0,0,7
2022,설날,2022-02-02,수,경기,과천시,0,0,0,0
2022,설날,2022-02-02,수,경기,광명시,3,0,1,5
2022,설날,2022-02-02,수,경기,광주시,1,0,0,2
2022,설날,2022-02-02,수,경기,구리시,2,0,0,3
2022,설날,2022-02-02,수,경기,군포시,3,0,0,4
2022,설날,2022-02-02,수,경기,김포시,1,0,0,1
2022,설날,2022-02-02,수,경기,남양주시,3,0,0,5
2022,설날,2022-02-02,수,경기,동두천시,0,0,0,0
2022,설날,2022-02-02,수,경기,부천시,5,0,4,16
2022,설날,2022-02-02,수,경기,성남시,5,0,1,6
2022,설날,2022-02-02,수,경기,소계,79,0,18,140
2022,설날,2022-02-02,수,경기,수원시,10,0,3,14
2022,설날,2022-02-02,수,경기,시흥시,5,0,0,11
2022,설날,2022-02-02,수,경기,안산시,3,0,2,5
2022,설날,2022-02-02,수,경기,안성시,2,0,0,6
2022,설날,2022-02-02,수,경기,안양시,1,0,0,1
2022,설날,2022-02-02,수,경기,양주시,1,0,0,1
2022,설날,2022-02-02,수,경기,양평군,1,0,1,3
2022,설날,2022-02-02,수,경기,여주시,0,0,0,0
2022,설날,2022-02-02,수,경기,연천군,0,0,0,0
2022,설날,2022-02-02,수,경기,오산시,1,0,0,1
2022,설날,2022-02-02,수,경기,용인시,10,0,5,16
2022,설날,2022-02-02,수,경기,의왕시,1,0,0,1
2022,설날,2022-02-02,수,경기,의정부시,3,0,0,6
2022,설날,2022-02-02,수,경기,이천시,1,0,0,3
2022,설날,2022-02-02,수,경기,파주시,3,0,0,4
2022,설날,2022-02-02,수,경기,평택시,2,0,0,8
2022,설날,2022-02-02,수,경기,포천시,1,0,1,1
2022,설날,2022-02-02,수,경기,하남시,2,0,0,5
2022,설날,2022-02-02,수,경기,화성시,3,0,0,5
2022,설날,2022-02-02,수,경남,거제시,3,0,2,3
2022,설날,2022-02-02,수,경남,거창군,1,0,1,1
2022,설날,2022-02-02,수,경남,고성군,0,0,0,0
2022,설날,2022-02-02,수,경남,김해시,5,0,0,9
2022,설날,2022-02-02,수,경남,남해군,1,0,0,4
2022,설날,2022-02-02,수,경남,밀양시,2,0,0,2
2022,설날,2022-02-02,수,경남,사천시,3,0,4,11
2022,설날,2022-02-02,수,경남,산청군,0,0,0,0
2022,설날,2022-02-02,수,경남,소계,18,0,10,41
2022,설날,2022-02-02,수,경남,양산시,0,0,0,0
2022,설날,2022-02-02,수,경남,의령군,0,0,0,0
2022,설날,2022-02-02,수,경남,진주시,1,0,3,7
2022,설날,2022-02-02,수,경남,창녕군,0,0,0,0
2022,설날,2022-02-02,수,경남,창원시,1,0,0,1
2022,설날,2022-02-02,수,경남,통영시,1,0,0,3
2022,설날,2022-02-02,수,경남,하동군,0,0,0,0
2022,설날,2022-02-02,수,경남,함안군,0,0,0,0
2022,설날,2022-02-02,수,경남,함양군,0,0,0,0
2022,설날,2022-02-02,수,경남,합천군,0,0,0,0
2022,설날,2022-02-02,수,경북,경산시,0,0,0,0
2022,설날,2022-02-02,수,경북,경주시,2,0,0,2
2022,설날,2022-02-02,수,경북,고령군,1,0,0,3
2022,설날,2022-02-02,수,경북,구미시,1,0,0,1
2022,설날,2022-02-02,수,경북,군위군,0,0,0,0
2022,설날,2022-02-02,수,경북,김천시,0,0,0,0
2022,설날,2022-02-02,수,경북,문경시,0,0,0,0
2022,설날,2022-02-02,수,경북,봉화군,0,0,0,0
2022,설날,2022-02-02,수,경북,상주시,1,0,0,1
2022,설날,2022-02-02,수,경북,성주군,0,0,0,0
2022,설날,2022-02-02,수,경북,소계,14,0,4,22
2022,설날,2022-02-02,수,경북,안동시,1,0,0,1
2022,설날,2022-02-02,수,경북,영덕군,1,0,0,1
2022,설날,2022-02-02,수,경북,영양군,0,0,0,0
2022,설날,2022-02-02,수,경북,영주시,2,0,1,5
2022,설날,2022-02-02,수,경북,영천시,0,0,0,0
2022,설날,2022-02-02,수,경북,예천군,0,0,0,0
2022,설날,2022-02-02,수,경북,울릉군,0,0,0,0
2022,설날,2022-02-02,수,경북,울진군,0,0,0,0
2022,설날,2022-02-02,수,경북,의성군,1,0,0,1
2022,설날,2022-02-02,수,경북,청도군,0,0,0,0
2022,설날,2022-02-02,수,경북,청송군,1,0,3,4
2022,설날,2022-02-02,수,경북,칠곡군,1,0,0,1
2022,설날,2022-02-02,수,경북,포항시,2,0,0,2
2022,설날,2022-02-02,수,광주,광산구,5,0,3,8
2022,설날,2022-02-02,수,광주,남구,1,0,0,1
2022,설날,2022-02-02,수,광주,동구,0,0,0,0
2022,설날,2022-02-02,수,광주,북구,3,0,1,3
2022,설날,2022-02-02,수,광주,서구,4,0,1,7
2022,설날,2022-02-02,수,광주,소계,13,0,5,19
2022,설날,2022-02-02,수,대구,남구,3,0,0,4
2022,설날,2022-02-02,수,대구,달서구,2,0,1,2
2022,설날,2022-02-02,수,대구,달성군,2,0,0,7
2022,설날,2022-02-02,수,대구,동구,2,0,1,2
2022,설날,2022-02-02,수,대구,북구,4,0,3,6
2022,설날,2022-02-02,수,대구,서구,2,0,1,2
2022,설날,2022-02-02,수,대구,소계,19,0,6,28
2022,설날,2022-02-02,수,대구,수성구,3,0,0,4
2022,설날,2022-02-02,수,대구,중구,1,0,0,1
2022,설날,2022-02-02,수,대전,대덕구,1,0,2,3
2022,설날,2022-02-02,수,대전,동구,1,0,0,1
2022,설날,2022-02-02,수,대전,서구,2,0,0,2
2022,설날,2022-02-02,수,대전,소계,6,0,2,10
2022,설날,2022-02-02,수,대전,유성구,2,0,0,4
2022,설날,2022-02-02,수,대전,중구,0,0,0,0
2022,설날,2022-02-02,수,부산,강서구,0,0,0,0
2022,설날,2022-02-02,수,부산,금정구,2,0,0,5
2022,설날,2022-02-02,수,부산,기장군,1,1,0,0
2022,설날,2022-02-02,수,부산,남구,1,0,0,1
2022,설날,2022-02-02,수,부산,동구,0,0,0,0
2022,설날,2022-02-02,수,부산,동래구,2,0,1,4
2022,설날,2022-02-02,수,부산,북구,0,0,0,0
2022,설날,2022-02-02,수,부산,사상구,1,1,0,0
2022,설날,2022-02-02,수,부산,사하구,1,0,1,1
2022,설날,2022-02-02,수,부산,서구,2,0,1,4
2022,설날,2022-02-02,수,부산,소계,12,2,5,17
2022,설날,2022-02-02,수,부산,수영구,1,0,1,1
2022,설날,2022-02-02,수,부산,연제구,0,0,0,0
2022,설날,2022-02-02,수,부산,영도구,0,0,0,0
2022,설날,2022-02-02,수,부산,중구,0,0,0,0
2022,설날,2022-02-02,수,부산,진구,1,0,1,1
2022,설날,2022-02-02,수,부산,해운대구,0,0,0,0
2022,설날,2022-02-02,수,서울,강남구,5,0,4,8
2022,설날,2022-02-02,수,서울,강동구,0,0,0,0
2022,설날,2022-02-02,수,서울,강북구,3,0,0,5
2022,설날,2022-02-02,수,서울,강서구,5,0,3,5
2022,설날,2022-02-02,수,서울,관악구,2,0,0,2
2022,설날,2022-02-02,수,서울,광진구,3,0,1,4
2022,설날,2022-02-02,수,서울,구로구,1,0,0,2
2022,설날,2022-02-02,수,서울,금천구,4,0,0,7
2022,설날,2022-02-02,수,서울,노원구,3,0,0,3
2022,설날,2022-02-02,수,서울,도봉구,1,0,0,1
2022,설날,2022-02-02,수,서울,동대문구,1,0,0,1
2022,설날,2022-02-02,수,서울,동작구,6,0,2,9
2022,설날,2022-02-02,수,서울,마포구,4,0,0,7
2022,설날,2022-02-02,수,서울,서대문구,0,0,0,0
2022,설날,2022-02-02,수,서울,서초구,6,0,1,8
2022,설날,2022-02-02,수,서울,성동구,1,0,0,2
2022,설날,2022-02-02,수,서울,성북구,2,0,2,5
2022,설날,2022-02-02,수,서울,소계,71,0,19,112
2022,설날,2022-02-02,수,서울,송파구,2,0,0,2
2022,설날,2022-02-02,수,서울,양천구,8,0,1,13
2022,설날,2022-02-02,수,서울,영등포구,5,0,1,10
2022,설날,2022-02-02,수,서울,용산구,3,0,2,4
2022,설날,2022-02-02,수,서울,은평구,4,0,0,11
2022,설날,2022-02-02,수,서울,종로구,0,0,0,0
2022,설날,2022-02-02,수,서울,중구,0,0,0,0
2022,설날,2022-02-02,수,서울,중랑구,2,0,2,3
2022,설날,2022-02-02,수,세종,세종시,0,0,0,0
2022,설날,2022-02-02,수,세종,소계,0,0,0,0
2022,설날,2022-02-02,수,울산,남구,1,0,1,1
2022,설날,2022-02-02,수,울산,동구,1,0,0,3
2022,설날,2022-02-02,수,울산,북구,1,0,0,1
2022,설날,2022-02-02,수,울산,소계,4,0,2,6
2022,설날,2022-02-02,수,울산,울주군,0,0,0,0
2022,설날,2022-02-02,수,울산,중구,1,0,1,1
2022,설날,2022-02-02,수,인천,강화군,2,0,4,5
2022,설날,2022-02-02,수,인천,계양구,3,0,0,6
2022,설날,2022-02-02,수,인천,남동구,5,1,0,7
2022,설날,2022-02-02,수,인천,동구,0,0,0,0
2022,설날,2022-02-02,수,인천,미추홀구,1,0,1,1
2022,설날,2022-02-02,수,인천,부평구,1,0,0,1
2022,설날,2022-02-02,수,인천,서구,2,0,1,2
2022,설날,2022-02-02,수,인천,소계,15,1,6,24
2022,설날,2022-02-02,수,인천,연수구,0,0,0,0
2022,설날,2022-02-02,수,인천,옹진군,0,0,0,0
2022,설날,2022-02-02,수,인천,중구,1,0,0,2
2022,설날,2022-02-02,수,전국,전국,318,6,97,514
2022,설날,2022-02-02,수,전남,강진군,0,0,0,0
2022,설날,2022-02-02,수,전남,고흥군,2,0,2,6
2022,설날,2022-02-02,수,전남,곡성군,0,0,0,0
2022,설날,2022-02-02,수,전남,광양시,1,0,0,2
2022,설날,2022-02-02,수,전남,구례군,0,0,0,0
2022,설날,2022-02-02,수,전남,나주시,0,0,0,0
2022,설날,2022-02-02,수,전남,담양군,1,0,1,1
2022,설날,2022-02-02,수,전남,목포시,3,0,1,3
2022,설날,2022-02-02,수,전남,무안군,0,0,0,0
2022,설날,2022-02-02,수,전남,보성군,0,0,0,0
2022,설날,2022-02-02,수,전남,소계,12,1,6,24
2022,설날,2022-02-02,수,전남,순천시,1,0,0,2
2022,설날,2022-02-02,수,전남,신안군,0,0,0,0
2022,설날,2022-02-02,수,전남,여수시,1,0,0,1
2022,설날,2022-02-02,수,전남,영광군,0,0,0,0
2022,설날,2022-02-02,수,전남,영암군,1,0,2,2
2022,설날,2022-02-02,수,전남,완도군,0,0,0,0
2022,설날,2022-02-02,수,전남,장성군,1,1,0,0
2022,설날,2022-02-02,수,전남,장흥군,0,0,0,0
2022,설날,2022-02-02,수,전남,진도군,0,0,0,0
2022,설날,2022-02-02,수,전남,함평군,0,0,0,0
2022,설날,2022-02-02,수,전남,해남군,0,0,0,0
2022,설날,2022-02-02,수,전남,화순군,1,0,0,7
2022,설날,2022-02-02,수,전북,고창군,0,0,0,0
2022,설날,2022-02-02,수,전북,군산시,2,0,0,2
2022,설날,2022-02-02,수,전북,김제시,0,0,0,0
2022,설날,2022-02-02,수,전북,남원시,1,0,0,1
2022,설날,2022-02-02,수,전북,무주군,1,0,1,1
2022,설날,2022-02-02,수,전북,부안군,0,0,0,0
2022,설날,2022-02-02,수,전북,소계,14,0,5,15
2022,설날,2022-02-02,수,전북,순창군,0,0,0,0
2022,설날,2022-02-02,수,전북,완주군,0,0,0,0
2022,설날,2022-02-02,수,전북,익산시,2,0,1,2
2022,설날,2022-02-02,수,전북,임실군,0,0,0,0
2022,설날,2022-02-02,수,전북,장수군,0,0,0,0
2022,설날,2022-02-02,수,전북,전주시,8,0,3,9
2022,설날,2022-02-02,수,전북,정읍시,0,0,0,0
2022,설날,2022-02-02,수,전북,진안군,0,0,0,0
2022,설날,2022-02-02,수,제주,서귀포시,2,0,1,2
2022,설날,2022-02-02,수,제주,소계,9,1,3,9
2022,설날,2022-02-02,수,제주,제주시,7,1,2,7
2022,설날,2022-02-02,수,충남,계룡시,0,0,0,0
2022,설날,2022-02-02,수,충남,공주시,1,0,0,1
2022,설날,2022-02-02,수,충남,금산군,0,0,0,0
2022,설날,2022-02-02,수,충남,논산시,1,0,0,1
2022,설날,2022-02-02,수,충남,당진시,0,0,0,0
2022,설날,2022-02-02,수,충남,보령시,0,0,0,0
2022,설날,2022-02-02,수,충남,부여군,2,1,1,3
2022,설날,2022-02-02,수,충남,서산시,0,0,0,0
2022,설날,2022-02-02,수,충남,서천군,0,0,0,0
2022,설날,2022-02-02,수,충남,소계,12,1,2,16
2022,설날,2022-02-02,수,충남,아산시,2,0,1,4
2022,설날,2022-02-02,수,충남,예산군,0,0,0,0
2022,설날,2022-02-02,수,충남,천안시,5,0,0,6
2022,설날,2022-02-02,수,충남,청양군,0,0,0,0
2022,설날,2022-02-02,수,충남,태안군,0,0,0,0
2022,설날,2022-02-02,수,충남,홍성군,1,0,0,1
2022,설날,2022-02-02,수,충북,괴산군,0,0,0,0
2022,설날,2022-02-02,수,충북,단양군,0,0,0,0
2022,설날,2022-02-02,수,충북,보은군,0,0,0,0
2022,설날,2022-02-02,수,충북,소계,8,0,3,14
2022,설날,2022-02-02,수,충북,영동군,0,0,0,0
2022,설날,2022-02-02,수,충북,옥천군,0,0,0,0
2022,설날,2022-02-02,수,충북,음성군,1,0,0,1
2022,설날,2022-02-02,수,충북,제천시,1,0,1,1
2022,설날,2022-02-02,수,충북,증평군,0,0,0,0
2022,설날,2022-02-02,수,충북,진천군,0,0,0,0
2022,설날,2022-02-02,수,충북,청주시,4,0,2,9
2022,설날,2022-02-02,수,충북,충주시,2,0,0,3
2022,추석,2022-09-09,금,강원,강릉시,3,0,2,5
2022,추석,2022-09-09,금,강원,고성군,1,0,0,1
2022,추석,2022-09-09,금,강원,동해시,3,0,0,4
2022,추석,2022-09-09,금,강원,삼척시,0,0,0,0
2022,추석,2022-09-09,금,강원,소계,24,0,12,46
2022,추석,2022-09-09,금,강원,속초시,4,0,2,6
2022,추석,2022-09-09,금,강원,양구군,1,0,0,4
2022,추석,2022-09-09,금,강원,양양군,1,0,4,4
2022,추석,2022-09-09,금,강원,영월군,0,0,0,0
2022,추석,2022-09-09,금,강원,원주시,4,0,1,12
2022,추석,2022-09-09,금,강원,인제군,0,0,0,0
2022,추석,2022-09-09,금,강원,정선군,1,0,0,2
2022,추석,2022-09-09,금,강원,철원군,0,0,0,0
2022,추석,2022-09-09,금,강원,춘천시,3,0,2,4
2022,추석,2022-09-09,금,강원,태백시,0,0,0,0
2022,추석,2022-09-09,금,강원,평창군,1,0,0,2
2022,추석,2022-09-09,금,강원,홍천군,0,0,0,0
2022,추석,2022-09-09,금,강원,화천군,1,0,0,1
2022,추석,2022-09-09,금,강원,횡성군,1,0,1,1
2022,추석,2022-09-09,금,경기,가평군,1,0,0,2
2022,추석,2022-09-09,금,경기,고양시,11,0,3,19
2022,추석,2022-09-09,금,경기,과천시,1,0,0,2
2022,추석,2022-09-09,금,경기,광명시,5,0,1,7
2022,추석,2022-09-09,금,경기,광주시,11,0,3,21
2022,추석,2022-09-09,금,경기,구리시,2,0,0,8
2022,추석,2022-09-09,금,경기,군포시,0,0,0,0
2022,추석,2022-09-09,금,경기,김포시,5,0,0,9
2022,추석,2022-09-09,금,경기,남양주시,4,0,1,5
2022,추석,2022-09-09,금,경기,동두천시,0,0,0,0
2022,추석,2022-09-09,금,경기,부천시,5,0,0,9
2022,추석,2022-09-09,금,경기,성남시,2,0,0,5
2022,추석,2022-09-09,금,경기,소계,118,3,21,207
2022,추석,2022-09-09,금,경기,수원시,12,2,2,18
2022,추석,2022-09-09,금,경기,시흥시,11,0,3,13
2022,추석,2022-09-09,금,경기,안산시,8,0,3,22
2022,추석,2022-09-09,금,경기,안성시,1,0,0,7
2022,추석,2022-09-09,금,경기,안양시,2,0,0,4
2022,추석,2022-09-09,금,경기,양주시,2,0,0,8
2022,추석,2022-09-09,금,경기,양평군,0,0,0,0
2022,추석,2022-09-09,금,경기,여주시,0,0,0,0
2022,추석,2022-09-09,금,경기,연천군,1,0,0,2
2022,추석,2022-09-09,금,경기,오산시,2,0,0,2
2022,추석,2022-09-09,금,경기,용인시,8,0,1,12
2022,추석,2022-09-09,금,경기,의왕시,1,0,0,3
2022,추석,2022-09-09,금,경기,의정부시,3,0,0,3
2022,추석,2022-09-09,금,경기,이천시,5,1,2,7
2022,추석,2022-09-09,금,경기,파주시,4,0,0,5
2022,추석,2022-09-09,금,경기,평택시,4,0,0,4
2022,추석,2022-09-09,금,경기,포천시,0,0,0,0
2022,추석,2022-09-09,금,경기,하남시,3,0,2,4
2022,추석,2022-09-09,금,경기,화성시,4,0,0,6
2022,추석,2022-09-09,금,경남,거제시,2,0,1,2
2022,추석,2022-09-09,금,경남,거창군,0,0,0,0
2022,추석,2022-09-09,금,경남,고성군,2,0,2,4
2022,추석,2022-09-09,금,경남,김해시,8,0,5,20
2022,추석,2022-09-09,금,경남,남해군,0,0,0,0
2022,추석,2022-09-09,금,경남,밀양시,3,1,1,2
2022,추석,2022-09-09,금,경남,사천시,3,0,1,3
2022,추석,2022-09-09,금,경남,산청군,0,0,0,0
2022,추석,2022-09-09,금,경남,소계,38,2,19,54
2022,추석,2022-09-09,금,경남,양산시,7,1,2,6
2022,추석,2022-09-09,금,경남,의령군,0,0,0,0
2022,추석,2022-09-09,금,경남,진주시,0,0,0,0
2022,추석,2022-09-09,금,경남,창녕군,1,0,1,1
2022,추석,2022-09-09,금,경남,창원시,7,0,3,10
2022,추석,2022-09-09,금,경남,통영시,1,0,0,1
2022,추석,2022-09-09,금,경남,하동군,1,0,0,1
2022,추석,2022-09-09,금,경남,함안군,0,0,0,0
2022,추석,2022-09-09,금,경남,함양군,3,0,3,4
2022,추석,2022-09-09,금,경남,합천군,0,0,0,0
2022,추석,2022-09-09,금,경북,경산시,0,0,0,0
2022,추석,2022-09-09,금,경북,경주시,5,0,2,7
2022,추석,2022-09-09,금,경북,고령군,0,0,0,0
2022,추석,2022-09-09,금,경북,구미시,7,0,2,13
2022,추석,2022-09-09,금,경북,군위군,0,0,0,0
2022,추석,2022-09-09,금,경북,김천시,2,0,1,2
2022,추석,2022-09-09,금,경북,문경시,0,0,0,0
2022,추석,2022-09-09,금,경북,봉화군,0,0,0,0
2022,추석,2022-09-09,금,경북,상주시,1,0,1,1
2022,추석,2022-09-09,금,경북,성주군,0,0,0,0
2022,추석,2022-09-09,금,경북,소계,33,1,12,48
2022,추석,2022-09-09,금,경북,안동시,4,1,2,3
2022,추석,2022-09-09,금,경북,영덕군,1,0,0,2
2022,추석,2022-09-09,금,경북,영양군,0,0,0,0
2022,추석,2022-09-09,금,경북,영주시,2,0,0,2
2022,추석,2022-09-09,금,경북,영천시,0,0,0,0
2022,추석,2022-09-09,금,경북,예천군,0,0,0,0
2022,추석,2022-09-09,금,경북,울릉군,0,0,0,0
2022,추석,2022-09-09,금,경북,울진군,1,0,1,2
2022,추석,2022-09-09,금,경북,의성군,1,0,0,2
2022,추석,2022-09-09,금,경북,청도군,2,0,1,2
2022,추석,2022-09-09,금,경북,청송군,0,0,0,0
2022,추석,2022-09-09,금,경북,칠곡군,2,0,0,4
2022,추석,2022-09-09,금,경북,포항시,5,0,2,8
2022,추석,2022-09-09,금,광주,광산구,2,0,0,6
2022,추석,2022-09-09,금,광주,남구,2,0,0,7
2022,추석,2022-09-09,금,광주,동구,2,0,1,2
2022,추석,2022-09-09,금,광주,북구,3,0,1,4
2022,추석,2022-09-09,금,광주,서구,3,0,1,4
2022,추석,2022-09-09,금,광주,소계,12,0,3,23
2022,추석,2022-09-09,금,대구,남구,5,0,1,6
2022,추석,2022-09-09,금,대구,달서구,8,0,1,11
2022,추석,2022-09-09,금,대구,달성군,3,0,2,5
2022,추석,2022-09-09,금,대구,동구,5,0,0,8
2022,추석,2022-09-09,금,대구,북구,8,0,2,13
2022,추석,2022-09-09,금,대구,서구,1,0,0,1
2022,추석,2022-09-09,금,대구,소계,42,0,8,64
2022,추석,2022-09-09,금,대구,수성구,7,0,1,13
2022,추석,2022-09-09,금,대구,중구,5,0,1,7
2022,추석,2022-09-09,금,대전,대덕구,3,0,3,5
2022,추석,2022-09-09,금,대전,동구,0,0,0,0
2022,추석,2022-09-09,금,대전,서구,9,0,2,12
2022,추석,2022-09-09,금,대전,소계,19,0,8,29
2022,추석,2022-09-09,금,대전,유성구,2,0,2,4
2022,추석,2022-09-09,금,대전,중구,5,0,1,8
2022,추석,2022-09-09,금,부산,강서구,2,0,0,5
2022,추석,2022-09-09,금,부산,금정구,3,0,0,8
2022,추석,2022-09-09,금,부산,기장군,2,0,1,3
2022,추석,2022-09-09,금,부산,남구,1,0,0,1
2022,추석,2022-09-09,금,부산,동구,4,0,5,5
2022,추석,2022-09-09,금,부산,동래구,0,0,0,0
2022,추석,2022-09-09,금,부산,북구,0,0,0,0
2022,추석,2022-09-09,금,부산,사상구,1,0,0,2
2022,추석,2022-09-09,금,부산,사하구,0,0,0,0
2022,추석,2022-09-09,금,부산,서구,2,0,1,2
2022,추석,2022-09-09,금,부산,소계,23,0,10,37
2022,추석,2022-09-09,금,부산,수영구,2,0,0,2
2022,추석,2022-09-09,금,부산,연제구,0,0,0,0
2022,추석,2022-09-09,금,부산,영도구,0,0,0,0
2022,추석,2022-09-09,금,부산,중구,0,0,0,0
2022,추석,2022-09-09,금,부산,진구,3,0,2,4
2022,추석,2022-09-09,금,부산,해운대구,3,0,1,5
2022,추석,2022-09-09,금,서울,강남구,6,0,2,9
2022,추석,2022-09-09,금,서울,강동구,4,0,2,5
2022,추석,2022-09-09,금,서울,강북구,3,0,1,4
2022,추석,2022-09-09,금,서울,강서구,3,0,1,4
2022,추석,2022-09-09,금,서울,관악구,3,0,1,4
2022,추석,2022-09-09,금,서울,광진구,1,0,1,1
2022,추석,2022-09-09,금,서울,구로구,3,0,0,4
2022,추석,2022-09-09,금,서울,금천구,2,0,1,2
2022,추석,2022-09-09,금,서울,노원구,6,1,0,6
2022,추석,2022-09-09,금,서울,도봉구,2,0,0,2
2022,추석,2022-09-09,금,서울,동대문구,0,0,0,0
2022,추석,2022-09-09,금,서울,동작구,4,0,1,4
2022,추석,2022-09-09,금,서울,마포구,3,0,0,3
2022,추석,2022-09-09,금,서울,서대문구,2,0,0,2
2022,추석,2022-09-09,금,서울,서초구,4,0,0,5
2022,추석,2022-09-09,금,서울,성동구,3,0,1,4
2022,추석,2022-09-09,금,서울,성북구,2,0,0,3
2022,추석,2022-09-09,금,서울,소계,78,1,17,102
2022,추석,2022-09-09,금,서울,송파구,5,0,2,12
2022,추석,2022-09-09,금,서울,양천구,5,0,0,5
2022,추석,2022-09-09,금,서울,영등포구,5,0,0,7
2022,추석,2022-09-09,금,서울,용산구,2,0,0,4
2022,추석,2022-09-09,금,서울,은평구,2,0,1,2
2022,추석,2022-09-09,금,서울,종로구,2,0,0,2
2022,추석,2022-09-09,금,서울,중구,3,0,1,5
2022,추석,2022-09-09,금,서울,중랑구,3,0,2,3
2022,추석,2022-09-09,금,세종,세종시,1,0,1,1
2022,추석,2022-09-09,금,세종,소계,1,0,1,1
2022,추석,2022-09-09,금,울산,남구,2,0,1,3
2022,추석,2022-09-09,금,울산,동구,0,0,0,0
2022,추석,2022-09-09,금,울산,북구,1,0,0,2
2022,추석,2022-09-09,금,울산,소계,6,0,1,10
2022,추석,2022-09-09,금,울산,울주군,1,0,0,1
2022,추석,2022-09-09,금,울산,중구,2,0,0,4
2022,추석,2022-09-09,금,인천,강화군,1,0,0,1
2022,추석,2022-09-09,금,인천,계양구,2,0,0,3
2022,추석,2022-09-09,금,인천,남동구,5,1,1,5
2022,추석,2022-09-09,금,인천,동구,1,0,0,1
2022,추석,2022-09-09,금,인천,미추홀구,2,0,0,3
2022,추석,2022-09-09,금,인천,부평구,1,1,0,0
2022,추석,2022-09-09,금,인천,서구,5,0,0,8
2022,추석,2022-09-09,금,인천,소계,20,2,1,26
2022,추석,2022-09-09,금,인천,연수구,0,0,0,0
2022,추석,2022-09-09,금,인천,옹진군,0,0,0,0
2022,추석,2022-09-09,금,인천,중구,3,0,0,5
2022,추석,2022-09-09,금,전국,전국,504,9,133,816
2022,추석,2022-09-09,금,전남,강진군,1,0,0,5
2022,추석,2022-09-09,금,전남,고흥군,1,0,0,1
2022,추석,2022-09-09,금,전남,곡성군,1,0,0,4
2022,추석,2022-09-09,금,전남,광양시,2,0,1,2
2022,추석,2022-09-09,금,전남,구례군,1,0,0,1
2022,추석,2022-09-09,금,전남,나주시,2,0,1,2
2022,추석,2022-09-09,금,전남,담양군,1,0,0,1
2022,추석,2022-09-09,금,전남,목포시,4,0,1,10
2022,추석,2022-09-09,금,전남,무안군,1,0,0,5
2022,추석,2022-09-09,금,전남,보성군,0,0,0,0
2022,추석,2022-09-09,금,전남,소계,24,0,5,58
2022,추석,2022-09-09,금,전남,순천시,2,0,0,6
2022,추석,2022-09-09,금,전남,신안군,0,0,0,0
2022,추석,2022-09-09,금,전남,여수시,1,0,0,3
2022,추석,2022-09-09,금,전남,영광군,0,0,0,0
2022,추석,2022-09-09,금,전남,영암군,2,0,1,5
2022,추석,2022-09-09,금,전남,완도군,1,0,1,1
2022,추석,2022-09-09,금,전남,장성군,1,0,0,6
2022,추석,2022-09-09,금,전남,장흥군,0,0,0,0
2022,추석,2022-09-09,금,전남,진도군,0,0,0,0
2022,추석,2022-09-09,금,전남,함평군,1,0,0,4
2022,추석,2022-09-09,금,전남,해남군,1,0,0,1
2022,추석,2022-09-09,금,전남,화순군,1,0,0,1
2022,추석,2022-09-09,금,전북,고창군,2,0,0,5
2022,추석,2022-09-09,금,전북,군산시,2,0,0,3
2022,추석,2022-09-09,금,전북,김제시,0,0,0,0
2022,추석,2022-09-09,금,전북,남원시,1,0,0,1
2022,추석,2022-09-09,금,전북,무주군,1,0,0,2
2022,추석,2022-09-09,금,전북,부안군,0,0,0,0
2022,추석,2022-09-09,금,전북,소계,12,0,1,19
2022,추석,2022-09-09,금,전북,순창군,1,0,0,3
2022,추석,2022-09-09,금,전북,완주군,0,0,0,0
2022,추석,2022-09-09,금,전북,익산시,1,0,0,1
2022,추석,2022-09-09,금,전북,임실군,0,0,0,0
2022,추석,2022-09-09,금,전북,장수군,0,0,0,0
2022,추석,2022-09-09,금,전북,전주시,4,0,1,4
2022,추석,2022-09-09,금,전북,정읍시,0,0,0,0
2022,추석,2022-09-09,금,전북,진안군,0,0,0,0
2022,추석,2022-09-09,금,제주,서귀포시,3,0,1,4
2022,추석,2022-09-09,금,제주,소계,9,0,2,10
2022,추석,2022-09-09,금,제주,제주시,6,0,1,6
2022,추석,2022-09-09,금,충남,계룡시,0,0,0,0
2022,추석,2022-09-09,금,충남,공주시,3,0,1,5
2022,추석,2022-09-09,금,충남,금산군,1,0,0,3
2022,추석,2022-09-09,금,충남,논산시,4,0,1,4
2022,추석,2022-09-09,금,충남,당진시,0,0,0,0
2022,추석,2022-09-09,금,충남,보령시,0,0,0,0
2022,추석,2022-09-09,금,충남,부여군,0,0,0,0
2022,추석,2022-09-09,금,충남,서산시,0,0,0,0
2022,추석,2022-09-09,금,충남,서천군,2,0,0,2
2022,추석,2022-09-09,금,충남,소계,25,0,9,39
2022,추석,2022-09-09,금,충남,아산시,3,0,2,5
2022,추석,2022-09-09,금,충남,예산군,2,0,0,4
2022,추석,2022-09-09,금,충남,천안시,5,0,2,8
2022,추석,2022-09-09,금,충남,청양군,1,0,1,1
2022,추석,2022-09-09,금,충남,태안군,1,0,1,2
2022,추석,2022-09-09,금,충남,홍성군,3,0,1,5
2022,추석,2022-09-09,금,충북,괴산군,2,0,0,8
2022,추석,2022-09-09,금,충북,단양군,2,0,1,3
2022,추석,2022-09-09,금,충북,보은군,1,0,0,2
2022,추석,2022-09-09,금,충북,소계,20,0,3,43
2022,추석,2022-09-09,금,충북,영동군,0,0,0,0
2022,추석,2022-09-09,금,충북,옥천군,0,0,0,0
2022,추석,2022-09-09,금,충북,음성군,0,0,0,0
2022,추석,2022-09-09,금,충북,제천시,3,0,0,11
2022,추석,2022-09-09,금,충북,증평군,0,0,0,0
2022,추석,2022-09-09,금,충북,진천군,1,0,0,2
2022,추석,2022-09-09,금,충북,청주시,10,0,2,14
2022,추석,2022-09-09,금,충북,충주시,1,0,0,3
2022,추석,2022-09-10,토,강원,강릉시,3,0,2,9
2022,추석,2022-09-10,토,강원,고성군,0,0,0,0
2022,추석,2022-09-10,토,강원,동해시,1,0,1,2
2022,추석,2022-09-10,토,강원,삼척시,0,0,0,0
2022,추석,2022-09-10,토,강원,소계,11,1,8,19
2022,추석,2022-09-10,토,강원,속초시,0,0,0,0
2022,추석,2022-09-10,토,강원,양구군,0,0,0,0
2022,추석,2022-09-10,토,강원,양양군,0,0,0,0
2022,추석,2022-09-10,토,강원,영월군,0,0,0,0
2022,추석,2022-09-10,토,강원,원주시,2,0,1,2
2022,추석,2022-09-10,토,강원,인제군,0,0,0,0
2022,추석,2022-09-10,토,강원,정선군,0,0,0,0
2022,추석,2022-09-10,토,강원,철원군,0,0,0,0
2022,추석,2022-09-10,토,강원,춘천시,1,0,1,1
2022,추석,2022-09-10,토,강원,태백시,0,0,0,0
2022,추석,2022-09-10,토,강원,평창군,3,1,3,4
2022,추석,2022-09-10,토,강원,홍천군,0,0,0,0
2022,추석,2022-09-10,토,강원,화천군,0,0,0,0
2022,추석,2022-09-10,토,강원,횡성군,1,0,0,1
2022,추석,2022-09-10,토,경기,가평군,2,0,1,5
2022,추석,2022-09-10,토,경기,고양시,3,0,0,3
2022,추석,2022-09-10,토,경기,과천시,2,0,1,7
2022,추석,2022-09-10,토,경기,광명시,0,0,0,0
2022,추석,2022-09-10,토,경기,광주시,3,0,1,3
2022,추석,2022-09-10,토,경기,구리시,1,0,0,4
2022,추석,2022-09-10,토,경기,군포시,2,0,0,3
2022,추석,2022-09-10,토,경기,김포시,5,0,2,12
2022,추석,2022-09-10,토,경기,남양주시,6,0,3,9
2022,추석,2022-09-10,토,경기,동두천시,1,0,0,2
2022,추석,2022-09-10,토,경기,부천시,8,0,2,10
2022,추석,2022-09-10,토,경기,성남시,1,0,0,1
2022,추석,2022-09-10,토,경기,소계,88,1,23,136
2022,추석,2022-09-10,토,경기,수원시,8,0,1,11
2022,추석,2022-09-10,토,경기,시흥시,5,0,3,6
2022,추석,2022-09-10,토,경기,안산시,4,0,1,4
2022,추석,2022-09-10,토,경기,안성시,0,0,0,0
2022,추석,2022-09-10,토,경기,안양시,3,0,1,3
2022,추석,2022-09-10,토,경기,양주시,1,0,0,1
2022,추석,2022-09-10,토,경기,양평군,1,0,1,1
2022,추석,2022-09-10,토,경기,여주시,0,0,0,0
2022,추석,2022-09-10,토,경기,연천군,1,0,0,1
2022,추석,2022-09-10,토,경기,오산시,0,0,0,0
2022,추석,2022-09-10,토,경기,용인시,5,1,1,7
2022,추석,2022-09-10,토,경기,의왕시,1,0,0,1
2022,추석,2022-09-10,토,경기,의정부시,5,0,0,7
2022,추석,2022-09-10,토,경기,이천시,2,0,1,4
2022,추석,2022-09-10,토,경기,파주시,5,0,1,10
2022,추석,2022-09-10,토,경기,평택시,4,0,1,4
2022,추석,2022-09-10,토,경기,포천시,2,0,1,3
2022,추석,2022-09-10,토,경기,하남시,1,0,0,3
2022,추석,2022-09-10,토,경기,화성시,6,0,1,11
2022,추석,2022-09-10,토,경남,거제시,1,0,1,1
2022,추석,2022-09-10,토,경남,거창군,1,0,0,1
2022,추석,2022-09-10,토,경남,고성군,1,0,2,2
2022,추석,2022-09-10,토,경남,김해시,6,1,4,16
2022,추석,2022-09-10,토,경남,남해군,1,0,0,3
2022,추석,2022-09-10,토,경남,밀양시,1,0,0,1
2022,추석,2022-09-10,토,경남,사천시,3,0,0,5
2022,추석,2022-09-10,토,경남,산청군,0,0,0,0
2022,추석,2022-09-10,토,경남,소계,24,1,10,46
2022,추석,2022-09-10,토,경남,양산시,1,0,1,1
2022,추석,2022-09-10,토,경남,의령군,0,0,0,0
2022,추석,2022-09-10,토,경남,진주시,1,0,0,1
2022,추석,2022-09-10,토,경남,창녕군,0,0,0,0
2022,추석,2022-09-10,토,경남,창원시,4,0,2,4
2022,추석,2022-09-10,토,경남,통영시,3,0,0,8
2022,추석,2022-09-10,토,경남,하동군,0,0,0,0
2022,추석,2022-09-10,토,경남,함안군,1,0,0,3
2022,추석,2022-09-10,토,경남,함양군,0,0,0,0
2022,추석,2022-09-10,토,경남,합천군,0,0,0,0
2022,추석,2022-09-10,토,경북,경산시,0,0,0,0
2022,추석,2022-09-10,토,경북,경주시,4,0,0,6
2022,추석,2022-09-10,토,경북,고령군,0,0,0,0
2022,추석,2022-09-10,토,경북,구미시,5,0,1,6
2022,추석,2022-09-10,토,경북,군위군,0,0,0,0
2022,추석,2022-09-10,토,경북,김천시,1,0,1,1
2022,추석,2022-09-10,토,경북,문경시,1,0,2,5
2022,추석,2022-09-10,토,경북,봉화군,1,0,0,2
2022,추석,2022-09-10,토,경북,상주시,1,0,1,1
2022,추석,2022-09-10,토,경북,성주군,0,0,0,0
2022,추석,2022-09-10,토,경북,소계,28,0,9,52
2022,추석,2022-09-10,토,경북,안동시,4,0,2,8
2022,추석,2022-09-10,토,경북,영덕군,0,0,0,0
2022,추석,2022-09-10,토,경북,영양군,0,0,0,0
2022,추석,2022-09-10,토,경북,영주시,0,0,0,0
2022,추석,2022-09-10,토,경북,영천시,2,0,0,2
2022,추석,2022-09-10,토,경북,예천군,1,0,0,1
2022,추석,2022-09-10,토,경북,울릉군,0,0,0,0
2022,추석,2022-09-10,토,경북,울진군,1,0,1,1
2022,추석,2022-09-10,토,경북,의성군,0,0,0,0
2022,추석,2022-09-10,토,경북,청도군,0,0,0,0
2022,추석,2022-09-10,토,경북,청송군,0,0,0,0
2022,추석,2022-09-10,토,경북,칠곡군,2,0,0,12
2022,추석,2022-09-10,토,경북,포항시,5,0,1,7
2022,추석,2022-09-10,토,광주,광산구,3,0,1,5
2022,추석,2022-09-10,토,광주,남구,0,0,0,0
2022,추석,2022-09-10,토,광주,동구,1,0,0,1
2022,추석,2022-09-10,토,광주,북구,4,0,1,9
2022,추석,2022-09-10,토,광주,서구,2,0,0,4
2022,추석,2022-09-10,토,광주,소계,10,0,2,19
2022,추석,2022-09-10,토,대구,남구,0,0,0,0
2022,추석,2022-09-10,토,대구,달서구,7,0,1,9
2022,추석,2022-09-10,토,대구,달성군,1,0,0,1
2022,추석,2022-09-10,토,대구,동구,4,0,0,6
2022,추석,2022-09-10,토,대구,북구,9,0,2,14
2022,추석,2022-09-10,토,대구,서구,3,0,0,15
2022,추석,2022-09-10,토,대구,소계,31,0,7,57
2022,추석,2022-09-10,토,대구,수성구,6,0,3,11
2022,추석,2022-09-10,토,대구,중구,1,0,1,1
2022,추석,2022-09-10,토,대전,대덕구,3,0,2,7
2022,추석,2022-09-10,토,대전,동구,1,0,0,1
2022,추석,2022-09-10,토,대전,서구,6,0,4,24
2022,추석,2022-09-10,토,대전,소계,14,0,6,46
2022,추석,2022-09-10,토,대전,유성구,4,0,0,14
2022,추석,2022-09-10,토,대전,중구,0,0,0,0
2022,추석,2022-09-10,토,부산,강서구,0,0,0,0
2022,추석,2022-09-10,토,부산,금정구,3,0,1,5
2022,추석,2022-09-10,토,부산,기장군,1,0,0,3
2022,추석,2022-09-10,토,부산,남구,0,0,0,0
2022,추석,2022-09-10,토,부산,동구,0,0,0,0
2022,추석,2022-09-10,토,부산,동래구,0,0,0,0
2022,추석,2022-09-10,토,부산,북구,1,0,0,1
2022,추석,2022-09-10,토,부산,사상구,0,0,0,0
2022,추석,2022-09-10,토,부산,사하구,0,0,0,0
2022,추석,2022-09-10,토,부산,서구,0,0,0,0
2022,추석,2022-09-10,토,부산,소계,14,1,4,25
2022,추석,2022-09-10,토,부산,수영구,0,0,0,0
2022,추석,2022-09-10,토,부산,연제구,0,0,0,0
2022,추석,2022-09-10,토,부산,영도구,1,0,0,2
2022,추석,2022-09-10,토,부산,중구,2,0,1,3
2022,추석,2022-09-10,토,부산,진구,3,0,1,6
2022,추석,2022-09-10,토,부산,해운대구,3,1,1,5
2022,추석,2022-09-10,토,서울,강남구,2,0,0,5
2022,추석,2022-09-10,토,서울,강동구,2,0,1,2
2022,추석,2022-09-10,토,서울,강북구,3,0,1,3
2022,추석,2022-09-10,토,서울,강서구,1,0,0,1
2022,추석,2022-09-10,토,서울,관악구,3,0,0,7
2022,추석,2022-09-10,토,서울,광진구,1,0,1,1
2022,추석,2022-09-10,토,서울,구로구,2,0,0,6
2022,추석,2022-09-10,토,서울,금천구,3,0,2,4
2022,추석,2022-09-10,토,서울,노원구,3,0,0,5
2022,추석,2022-09-10,토,서울,도봉구,0,0,0,0
2022,추석,2022-09-10,토,서울,동대문구,2,0,2,2
2022,추석,2022-09-10,토,서울,동작구,0,0,0,0
2022,추석,2022-09-10,토,서울,마포구,4,0,1,7
2022,추석,2022-09-10,토,서울,서대문구,2,0,0,2
2022,추석,2022-09-10,토,서울,서초구,2,0,1,3
2022,추석,2022-09-10,토,서울,성동구,2,0,0,3
2022,추석,2022-09-10,토,서울,성북구,1,0,0,1
2022,추석,2022-09-10,토,서울,소계,52,0,17,90
2022,추석,2022-09-10,토,서울,송파구,5,0,0,14
2022,추석,2022-09-10,토,서울,양천구,1,0,0,1
2022,추석,2022-09-10,토,서울,영등포구,4,0,1,4
2022,추석,2022-09-10,토,서울,용산구,0,0,0,0
2022,추석,2022-09-10,토,서울,은평구,1,0,3,3
2022,추석,2022-09-10,토,서울,종로구,1,0,0,1
2022,추석,2022-09-10,토,서울,중구,4,0,4,6
2022,추석,2022-09-10,토,서울,중랑구,3,0,0,9
2022,추석,2022-09-10,토,세종,세종시,1,0,0,2
2022,추석,2022-09-10,토,세종,소계,1,0,0,2
2022,추석,2022-09-10,토,울산,남구,1,0,0,2
2022,추석,2022-09-10,토,울산,동구,0,0,0,0
2022,추석,2022-09-10,토,울산,북구,3,0,4,10
2022,추석,2022-09-10,토,울산,소계,7,0,5,19
2022,추석,2022-09-10,토,울산,울주군,1,0,1,4
2022,추석,2022-09-10,토,울산,중구,2,0,0,3
2022,추석,2022-09-10,토,인천,강화군,3,0,2,5
2022,추석,2022-09-10,토,인천,계양구,0,0,0,0
2022,추석,2022-09-10,토,인천,남동구,1,0,0,4
2022,추석,2022-09-10,토,인천,동구,0,0,0,0
2022,추석,2022-09-10,토,인천,미추홀구,1,0,1,1
2022,추석,2022-09-10,토,인천,부평구,2,0,1,6
2022,추석,2022-09-10,토,인천,서구,3,0,4,8
2022,추석,2022-09-10,토,인천,소계,15,0,8,38
2022,추석,2022-09-10,토,인천,연수구,2,0,0,6
2022,추석,2022-09-10,토,인천,옹진군,0,0,0,0
2022,추석,2022-09-10,토,인천,중구,3,0,0,8
2022,추석,2022-09-10,토,전국,전국,365,7,121,690
2022,추석,2022-09-10,토,전남,강진군,0,0,0,0
2022,추석,2022-09-10,토,전남,고흥군,1,0,2,2
2022,추석,2022-09-10,토,전남,곡성군,1,0,0,1
2022,추석,2022-09-10,토,전남,광양시,0,0,0,0
2022,추석,2022-09-10,토,전남,구례군,0,0,0,0
2022,추석,2022-09-10,토,전남,나주시,0,0,0,0
2022,추석,2022-09-10,토,전남,담양군,0,0,0,0
2022,추석,2022-09-10,토,전남,목포시,3,0,0,7
2022,추석,2022-09-10,토,전남,무안군,1,0,0,2
2022,추석,2022-09-10,토,전남,보성군,1,0,0,1
2022,추석,2022-09-10,토,전남,소계,25,1,4,44
2022,추석,2022-09-10,토,전남,순천시,2,0,0,2
2022,추석,2022-09-10,토,전남,신안군,1,0,1,4
2022,추석,2022-09-10,토,전남,여수시,7,0,0,11
2022,추석,2022-09-10,토,전남,영광군,0,0,0,0
2022,추석,2022-09-10,토,전남,영암군,3,0,1,5
2022,추석,2022-09-10,토,전남,완도군,0,0,0,0
2022,추석,2022-09-10,토,전남,장성군,1,0,0,2
2022,추석,2022-09-10,토,전남,장흥군,2,0,0,2
2022,추석,2022-09-10,토,전남,진도군,0,0,0,0
2022,추석,2022-09-10,토,전남,함평군,1,1,0,0
2022,추석,2022-09-10,토,전남,해남군,0,0,0,0
2022,추석,2022-09-10,토,전남,화순군,1,0,0,5
2022,추석,2022-09-10,토,전북,고창군,0,0,0,0
2022,추석,2022-09-10,토,전북,군산시,1,0,0,1
2022,추석,2022-09-10,토,전북,김제시,1,0,3,3
2022,추석,2022-09-10,토,전북,남원시,0,0,0,0
2022,추석,2022-09-10,토,전북,무주군,1,0,0,1
2022,추석,2022-09-10,토,전북,부안군,0,0,0,0
2022,추석,2022-09-10,토,전북,소계,7,0,4,15
2022,추석,2022-09-10,토,전북,순창군,0,0,0,0
2022,추석,2022-09-10,토,전북,완주군,0,0,0,0
2022,추석,2022-09-10,토,전북,익산시,1,0,1,3
2022,추석,2022-09-10,토,전북,임실군,0,0,0,0
2022,추석,2022-09-10,토,전북,장수군,0,0,0,0
2022,추석,2022-09-10,토,전북,전주시,2,0,0,3
2022,추석,2022-09-10,토,전북,정읍시,1,0,0,4
2022,추석,2022-09-10,토,전북,진안군,0,0,0,0
2022,추석,2022-09-10,토,제주,서귀포시,1,0,0,1
2022,추석,2022-09-10,토,제주,소계,2,0,3,4
2022,추석,2022-09-10,토,제주,제주시,1,0,3,3
2022,추석,2022-09-10,토,충남,계룡시,0,0,0,0
2022,추석,2022-09-10,토,충남,공주시,2,0,0,12
2022,추석,2022-09-10,토,충남,금산군,1,0,1,2
2022,추석,2022-09-10,토,충남,논산시,1,1,0,0
2022,추석,2022-09-10,토,충남,당진시,2,0,0,6
2022,추석,2022-09-10,토,충남,보령시,1,1,0,0
2022,추석,2022-09-10,토,충남,부여군,0,0,0,0
2022,추석,2022-09-10,토,충남,서산시,0,0,0,0
2022,추석,2022-09-10,토,충남,서천군,0,0,0,0
2022,추석,2022-09-10,토,충남,소계,14,2,4,29
2022,추석,2022-09-10,토,충남,아산시,2,0,2,2
2022,추석,2022-09-10,토,충남,예산군,1,0,0,1
2022,추석,2022-09-10,토,충남,천안시,1,0,0,1
2022,추석,2022-09-10,토,충남,청양군,1,0,0,3
2022,추석,2022-09-10,토,충남,태안군,2,0,1,2
2022,추석,2022-09-10,토,충남,홍성군,0,0,0,0
2022,추석,2022-09-10,토,충북,괴산군,0,0,0,0
2022,추석,2022-09-10,토,충북,단양군,0,0,0,0
2022,추석,2022-09-10,토,충북,보은군,1,0,0,4
2022,추석,2022-09-10,토,충북,소계,22,0,7,49
2022,추석,2022-09-10,토,충북,영동군,1,0,1,3
2022,추석,2022-09-10,토,충북,옥천군,1,0,0,3
2022,추석,2022-09-10,토,충북,음성군,0,0,0,0
2022,추석,2022-09-10,토,충북,제천시,2,0,1,5
2022,추석,2022-09-10,토,충북,증평군,0,0,0,0
2022,추석,2022-09-10,토,충북,진천군,3,0,1,4
2022,추석,2022-09-10,토,충북,청주시,10,0,3,26
2022,추석,2022-09-10,토,충북,충주시,4,0,1,4
2022,추석,2022-09-11,일,강원,강릉시,1,0,0,1
2022,추석,2022-09-11,일,강원,고성군,0,0,0,0
2022,추석,2022-09-11,일,강원,동해시,0,0,0,0
2022,추석,2022-09-11,일,강원,삼척시,0,0,0,0
2022,추석,2022-09-11,일,강원,소계,11,1,6,20
2022,추석,2022-09-11,일,강원,속초시,0,0,0,0
2022,추석,2022-09-11,일,강원,양구군,0,0,0,0
2022,추석,2022-09-11,일,강원,양양군,0,0,0,0
2022,추석,2022-09-11,일,강원,영월군,2,0,3,3
2022,추석,2022-09-11,일,강원,원주시,4,1,2,6
2022,추석,2022-09-11,일,강원,인제군,0,0,0,0
2022,추석,2022-09-11,일,강원,정선군,0,0,0,0
2022,추석,2022-09-11,일,강원,철원군,1,0,0,3
2022,추석,2022-09-11,일,강원,춘천시,1,0,0,1
2022,추석,2022-09-11,일,강원,태백시,1,0,0,1
2022,추석,2022-09-11,일,강원,평창군,0,0,0,0
2022,추석,2022-09-11,일,강원,홍천군,1,0,1,5
2022,추석,2022-09-11,일,강원,화천군,0,0,0,0
2022,추석,2022-09-11,일,강원,횡성군,0,0,0,0
2022,추석,2022-09-11,일,경기,가평군,2,0,0,3
2022,추석,2022-09-11,일,경기,고양시,7,0,0,10
2022,추석,2022-09-11,일,경기,과천시,0,0,0,0
2022,추석,2022-09-11,일,경기,광명시,3,0,2,6
2022,추석,2022-09-11,일,경기,광주시,5,0,2,10
2022,추석,2022-09-11,일,경기,구리시,3,0,2,4
2022,추석,2022-09-11,일,경기,군포시,0,0,0,0
2022,추석,2022-09-11,일,경기,김포시,3,0,1,3
2022,추석,2022-09-11,일,경기,남양주시,5,0,1,11
2022,추석,2022-09-11,일,경기,동두천시,0,0,0,0
2022,추석,2022-09-11,일,경기,부천시,11,0,2,22
2022,추석,2022-09-11,일,경기,성남시,8,1,2,10
2022,추석,2022-09-11,일,경기,소계,104,2,19,188
2022,추석,2022-09-11,일,경기,수원시,6,0,1,6
2022,추석,2022-09-11,일,경기,시흥시,5,0,0,11
2022,추석,2022-09-11,일,경기,안산시,9,0,0,22
2022,추석,2022-09-11,일,경기,안성시,0,0,0,0
2022,추석,2022-09-11,일,경기,안양시,0,0,0,0
2022,추석,2022-09-11,일,경기,양주시,4,0,0,4
2022,추석,2022-09-11,일,경기,양평군,0,0,0,0
2022,추석,2022-09-11,일,경기,여주시,4,0,1,7
2022,추석,2022-09-11,일,경기,연천군,0,0,0,0
2022,추석,2022-09-11,일,경기,오산시,1,0,0,1
2022,추석,2022-09-11,일,경기,용인시,2,0,0,3
2022,추석,2022-09-11,일,경기,의왕시,0,0,0,0
2022,추석,2022-09-11,일,경기,의정부시,5,0,1,8
2022,추석,2022-09-11,일,경기,이천시,3,1,0,8
2022,추석,2022-09-11,일,경기,파주시,3,0,0,5
2022,추석,2022-09-11,일,경기,평택시,10,0,2,24
2022,추석,2022-09-11,일,경기,포천시,1,0,0,1
2022,추석,2022-09-11,일,경기,하남시,0,0,0,0
2022,추석,2022-09-11,일,경기,화성시,4,0,2,9
2022,추석,2022-09-11,일,경남,거제시,3,0,0,5
2022,추석,2022-09-11,일,경남,거창군,0,0,0,0
2022,추석,2022-09-11,일,경남,고성군,0,0,0,0
2022,추석,2022-09-11,일,경남,김해시,1,0,0,1
2022,추석,2022-09-11,일,경남,남해군,1,0,1,1
2022,추석,2022-09-11,일,경남,밀양시,2,0,2,5
2022,추석,2022-09-11,일,경남,사천시,1,0,0,1
2022,추석,2022-09-11,일,경남,산청군,0,0,0,0
2022,추석,2022-09-11,일,경남,소계,28,1,10,44
2022,추석,2022-09-11,일,경남,양산시,3,0,2,4
2022,추석,2022-09-11,일,경남,의령군,0,0,0,0
2022,추석,2022-09-11,일,경남,진주시,0,0,0,0
2022,추석,2022-09-11,일,경남,창녕군,1,0,0,4
2022,추석,2022-09-11,일,경남,창원시,8,1,2,8
2022,추석,2022-09-11,일,경남,통영시,5,0,3,8
2022,추석,2022-09-11,일,경남,하동군,1,0,0,5
2022,추석,2022-09-11,일,경남,함안군,0,0,0,0
2022,추석,2022-09-11,일,경남,함양군,1,0,0,1
2022,추석,2022-09-11,일,경남,합천군,1,0,0,1
2022,추석,2022-09-11,일,경북,경산시,1,0,0,2
2022,추석,2022-09-11,일,경북,경주시,2,0,3,4
2022,추석,2022-09-11,일,경북,고령군,0,0,0,0
2022,추석,2022-09-11,일,경북,구미시,5,0,2,6
2022,추석,2022-09-11,일,경북,군위군,1,0,0,1
2022,추석,2022-09-11,일,경북,김천시,0,0,0,0
2022,추석,2022-09-11,일,경북,문경시,1,0,1,1
2022,추석,2022-09-11,일,경북,봉화군,0,0,0,0
2022,추석,2022-09-11,일,경북,상주시,1,0,0,1
2022,추석,2022-09-11,일,경북,성주군,1,0,1,2
2022,추석,2022-09-11,일,경북,소계,23,0,11,38
2022,추석,2022-09-11,일,경북,안동시,0,0,0,0
2022,추석,2022-09-11,일,경북,영덕군,2,0,3,6
2022,추석,2022-09-11,일,경북,영양군,0,0,0,0
2022,추석,2022-09-11,일,경북,영주시,2,0,1,3
2022,추석,2022-09-11,일,경북,영천시,1,0,0,2
2022,추석,2022-09-11,일,경북,예천군,1,0,0,1
2022,추석,2022-09-11,일,경북,울릉군,0,0,0,0
2022,추석,2022-09-11,일,경북,울진군,0,0,0,0
2022,추석,2022-09-11,일,경북,의성군,0,0,0,0
2022,추석,2022-09-11,일,경북,청도군,0,0,0,0
2022,추석,2022-09-11,일,경북,청송군,1,0,0,1
2022,추석,2022-09-11,일,경북,칠곡군,0,0,0,0
2022,추석,2022-09-11,일,경북,포항시,4,0,0,8
2022,추석,2022-09-11,일,광주,광산구,4,1,3,8
2022,추석,2022-09-11,일,광주,남구,0,0,0,0
2022,추석,2022-09-11,일,광주,동구,1,0,0,3
2022,추석,2022-09-11,일,광주,북구,2,0,0,2
2022,추석,2022-09-11,일,광주,서구,7,0,0,16
2022,추석,2022-09-11,일,광주,소계,14,1,3,29
2022,추석,2022-09-11,일,대구,남구,2,0,0,2
2022,추석,2022-09-11,일,대구,달서구,3,0,1,3
2022,추석,2022-09-11,일,대구,달성군,3,0,1,4
2022,추석,2022-09-11,일,대구,동구,4,0,1,4
2022,추석,2022-09-11,일,대구,북구,5,0,4,7
2022,추석,2022-09-11,일,대구,서구,2,0,2,7
2022,추석,2022-09-11,일,대구,소계,19,0,9,27
2022,추석,2022-09-11,일,대구,수성구,0,0,0,0
2022,추석,2022-09-11,일,대구,중구,0,0,0,0
2022,추석,2022-09-11,일,대전,대덕구,2,0,1,2
2022,추석,2022-09-11,일,대전,동구,2,0,0,2
2022,추석,2022-09-11,일,대전,서구,2,0,0,5
2022,추석,2022-09-11,일,대전,소계,13,0,2,28
2022,추석,2022-09-11,일,대전,유성구,5,0,0,16
2022,추석,2022-09-11,일,대전,중구,2,0,1,3
2022,추석,2022-09-11,일,부산,강서구,1,0,0,1
2022,추석,2022-09-11,일,부산,금정구,1,0,0,2
2022,추석,2022-09-11,일,부산,기장군,0,0,0,0
2022,추석,2022-09-11,일,부산,남구,1,0,1,2
2022,추석,2022-09-11,일,부산,동구,0,0,0,0
2022,추석,2022-09-11,일,부산,동래구,0,0,0,0
2022,추석,2022-09-11,일,부산,북구,4,0,1,6
2022,추석,2022-09-11,일,부산,사상구,0,0,0,0
2022,추석,2022-09-11,일,부산,사하구,4,0,0,9
2022,추석,2022-09-11,일,부산,서구,0,0,0,0
2022,추석,2022-09-11,일,부산,소계,19,0,7,37
2022,추석,2022-09-11,일,부산,수영구,3,0,1,6
2022,추석,2022-09-11,일,부산,연제구,1,0,0,1
2022,추석,2022-09-11,일,부산,영도구,0,0,0,0
2022,추석,2022-09-11,일,부산,중구,0,0,0,0
2022,추석,2022-09-11,일,부산,진구,2,0,1,2
2022,추석,2022-09-11,일,부산,해운대구,2,0,3,8
2022,추석,2022-09-11,일,서울,강남구,5,0,0,10
2022,추석,2022-09-11,일,서울,강동구,1,0,0,1
2022,추석,2022-09-11,일,서울,강북구,2,0,1,2
2022,추석,2022-09-11,일,서울,강서구,3,0,2,4
2022,추석,2022-09-11,일,서울,관악구,1,0,0,1
2022,추석,2022-09-11,일,서울,광진구,0,0,0,0
2022,추석,2022-09-11,일,서울,구로구,3,0,0,3
2022,추석,2022-09-11,일,서울,금천구,0,0,0,0
2022,추석,2022-09-11,일,서울,노원구,1,0,0,1
2022,추석,2022-09-11,일,서울,도봉구,1,0,0,2
2022,추석,2022-09-11,일,서울,동대문구,2,0,0,4
2022,추석,2022-09-11,일,서울,동작구,1,0,0,1
2022,추석,2022-09-11,일,서울,마포구,3,0,0,5
2022,추석,2022-09-11,일,서울,서대문구,3,0,0,7
2022,추석,2022-09-11,일,서울,서초구,2,0,1,4
2022,추석,2022-09-11,일,서울,성동구,1,0,1,1
2022,추석,2022-09-11,일,서울,성북구,2,0,0,2
2022,추석,2022-09-11,일,서울,소계,48,0,8,88
2022,추석,2022-09-11,일,서울,송파구,1,0,0,1
2022,추석,2022-09-11,일,서울,양천구,1,0,1,2
2022,추석,2022-09-11,일,서울,영등포구,6,0,0,10
2022,추석,2022-09-11,일,서울,용산구,1,0,0,1
2022,추석,2022-09-11,일,서울,은평구,4,0,0,7
2022,추석,2022-09-11,일,서울,종로구,2,0,2,8
2022,추석,2022-09-11,일,서울,중구,0,0,0,0
2022,추석,2022-09-11,일,서울,중랑구,2,0,0,11
2022,추석,2022-09-11,일,세종,세종시,0,0,0,0
2022,추석,2022-09-11,일,세종,소계,0,0,0,0
2022,추석,2022-09-11,일,울산,남구,0,0,0,0
2022,추석,2022-09-11,일,울산,동구,1,0,0,1
2022,추석,2022-09-11,일,울산,북구,1,0,0,2
2022,추석,2022-09-11,일,울산,소계,4,0,0,5
2022,추석,2022-09-11,일,울산,울주군,1,0,0,1
2022,추석,2022-09-11,일,울산,중구,1,0,0,1
2022,추석,2022-09-11,일,인천,강화군,0,0,0,0
2022,추석,2022-09-11,일,인천,계양구,0,0,0,0
2022,추석,2022-09-11,일,인천,남동구,1,0,0,2
2022,추석,2022-09-11,일,인천,동구,0,0,0,0
2022,추석,2022-09-11,일,인천,미추홀구,2,0,1,2
2022,추석,2022-09-11,일,인천,부평구,2,0,2,2
2022,추석,2022-09-11,일,인천,서구,4,0,0,11
2022,추석,2022-09-11,일,인천,소계,13,0,4,30
2022,추석,2022-09-11,일,인천,연수구,1,0,0,2
2022,추석,2022-09-11,일,인천,옹진군,0,0,0,0
2022,추석,2022-09-11,일,인천,중구,3,0,1,11
2022,추석,2022-09-11,일,전국,전국,374,6,99,688
2022,추석,2022-09-11,일,전남,강진군,2,0,1,6
2022,추석,2022-09-11,일,전남,고흥군,1,0,0,2
2022,추석,2022-09-11,일,전남,곡성군,0,0,0,0
2022,추석,2022-09-11,일,전남,광양시,0,0,0,0
2022,추석,2022-09-11,일,전남,구례군,0,0,0,0
2022,추석,2022-09-11,일,전남,나주시,0,0,0,0
2022,추석,2022-09-11,일,전남,담양군,2,0,0,5
2022,추석,2022-09-11,일,전남,목포시,5,0,1,13
2022,추석,2022-09-11,일,전남,무안군,1,0,2,6
2022,추석,2022-09-11,일,전남,보성군,0,0,0,0
2022,추석,2022-09-11,일,전남,소계,16,0,4,54
2022,추석,2022-09-11,일,전남,순천시,1,0,0,10
2022,추석,2022-09-11,일,전남,신안군,1,0,0,6
2022,추석,2022-09-11,일,전남,여수시,1,0,0,1
2022,추석,2022-09-11,일,전남,영광군,0,0,0,0
2022,추석,2022-09-11,일,전남,영암군,1,0,0,1
2022,추석,2022-09-11,일,전남,완도군,0,0,0,0
2022,추석,2022-09-11,일,전남,장성군,0,0,0,0
2022,추석,2022-09-11,일,전남,장흥군,0,0,0,0
2022,추석,2022-09-11,일,전남,진도군,0,0,0,0
2022,추석,2022-09-11,일,전남,함평군,0,0,0,0
2022,추석,2022-09-11,일,전남,해남군,1,0,0,4
2022,추석,2022-09-11,일,전남,화순군,0,0,0,0
2022,추석,2022-09-11,일,전북,고창군,0,0,0,0
2022,추석,2022-09-11,일,전북,군산시,5,0,2,6
2022,추석,2022-09-11,일,전북,김제시,0,0,0,0
2022,추석,2022-09-11,일,전북,남원시,1,0,0,1
2022,추석,2022-09-11,일,전북,무주군,0,0,0,0
2022,추석,2022-09-11,일,전북,부안군,0,0,0,0
2022,추석,2022-09-11,일,전북,소계,17,0,6,24
2022,추석,2022-09-11,일,전북,순창군,0,0,0,0
2022,추석,2022-09-11,일,전북,완주군,0,0,0,0
2022,추석,2022-09-11,일,전북,익산시,3,0,0,7
2022,추석,2022-09-11,일,전북,임실군,1,0,2,2
2022,추석,2022-09-11,일,전북,장수군,0,0,0,0
2022,추석,2022-09-11,일,전북,전주시,6,0,1,7
2022,추석,2022-09-11,일,전북,정읍시,1,0,1,1
2022,추석,2022-09-11,일,전북,진안군,0,0,0,0
2022,추석,2022-09-11,일,제주,서귀포시,2,1,0,1
2022,추석,2022-09-11,일,제주,소계,9,1,0,9
2022,추석,2022-09-11,일,제주,제주시,7,0,0,8
2022,추석,2022-09-11,일,충남,계룡시,0,0,0,0
2022,추석,2022-09-11,일,충남,공주시,2,0,0,10
2022,추석,2022-09-11,일,충남,금산군,0,0,0,0
2022,추석,2022-09-11,일,충남,논산시,0,0,0,0
2022,추석,2022-09-11,일,충남,당진시,0,0,0,0
2022,추석,2022-09-11,일,충남,보령시,1,0,0,2
2022,추석,2022-09-11,일,충남,부여군,1,0,1,6
2022,추석,2022-09-11,일,충남,서산시,0,0,0,0
2022,추석,2022-09-11,일,충남,서천군,1,0,1,1
2022,추석,2022-09-11,일,충남,소계,12,0,3,29
2022,추석,2022-09-11,일,충남,아산시,3,0,1,5
2022,추석,2022-09-11,일,충남,예산군,2,0,0,3
2022,추석,2022-09-11,일,충남,천안시,2,0,0,2
2022,추석,2022-09-11,일,충남,청양군,0,0,0,0
2022,추석,2022-09-11,일,충남,태안군,0,0,0,0
2022,추석,2022-09-11,일,충남,홍성군,0,0,0,0
2022,추석,2022-09-11,일,충북,괴산군,1,0,0,2
2022,추석,2022-09-11,일,충북,단양군,2,0,0,4
2022,추석,2022-09-11,일,충북,보은군,1,0,3,3
2022,추석,2022-09-11,일,충북,소계,24,0,7,38
2022,추석,2022-09-11,일,충북,영동군,0,0,0,0
2022,추석,2022-09-11,일,충북,옥천군,0,0,0,0
2022,추석,2022-09-11,일,충북,음성군,2,0,0,4
2022,추석,2022-09-11,일,충북,제천시,2,0,1,2
2022,추석,2022-09-11,일,충북,증평군,0,0,0,0
2022,추석,2022-09-11,일,충북,진천군,1,0,0,2
2022,추석,2022-09-11,일,충북,청주시,9,0,2,12
2022,추석,2022-09-11,일,충북,충주시,6,0,1,9
2022,추석,2022-09-12,월,강원,강릉시,1,0,0,1
2022,추석,2022-09-12,월,강원,고성군,1,0,0,2
2022,추석,2022-09-12,월,강원,동해시,2,0,0,4
2022,추석,2022-09-12,월,강원,삼척시,1,0,0,1
2022,추석,2022-09-12,월,강원,소계,10,0,1,17
2022,추석,2022-09-12,월,강원,속초시,1,0,0,1
2022,추석,2022-09-12,월,강원,양구군,0,0,0,0
2022,추석,2022-09-12,월,강원,양양군,0,0,0,0
2022,추석,2022-09-12,월,강원,영월군,0,0,0,0
2022,추석,2022-09-12,월,강원,원주시,2,0,1,2
2022,추석,2022-09-12,월,강원,인제군,0,0,0,0
2022,추석,2022-09-12,월,강원,정선군,0,0,0,0
2022,추석,2022-09-12,월,강원,철원군,0,0,0,0
2022,추석,2022-09-12,월,강원,춘천시,1,0,0,1
2022,추석,2022-09-12,월,강원,태백시,0,0,0,0
2022,추석,2022-09-12,월,강원,평창군,0,0,0,0
2022,추석,2022-09-12,월,강원,홍천군,0,0,0,0
2022,추석,2022-09-12,월,강원,화천군,0,0,0,0
2022,추석,2022-09-12,월,강원,횡성군,1,0,0,5
2022,추석,2022-09-12,월,경기,가평군,0,0,0,0
2022,추석,2022-09-12,월,경기,고양시,6,1,2,6
2022,추석,2022-09-12,월,경기,과천시,0,0,0,0
2022,추석,2022-09-12,월,경기,광명시,1,0,0,2
2022,추석,2022-09-12,월,경기,광주시,4,0,1,6
2022,추석,2022-09-12,월,경기,구리시,2,0,0,6
2022,추석,2022-09-12,월,경기,군포시,1,0,0,2
2022,추석,2022-09-12,월,경기,김포시,2,0,0,3
2022,추석,2022-09-12,월,경기,남양주시,3,0,0,3
2022,추석,2022-09-12,월,경기,동두천시,0,0,0,0
2022,추석,2022-09-12,월,경기,부천시,8,0,0,12
2022,추석,2022-09-12,월,경기,성남시,7,0,3,8
2022,추석,2022-09-12,월,경기,소계,90,1,21,148
2022,추석,2022-09-12,월,경기,수원시,9,0,1,11
2022,추석,2022-09-12,월,경기,시흥시,6,0,4,8
2022,추석,2022-09-12,월,경기,안산시,11,0,2,19
2022,추석,2022-09-12,월,경기,안성시,0,0,0,0
2022,추석,2022-09-12,월,경기,안양시,2,0,2,2
2022,추석,2022-09-12,월,경기,양주시,0,0,0,0
2022,추석,2022-09-12,월,경기,양평군,0,0,0,0
2022,추석,2022-09-12,월,경기,여주시,2,0,0,2
2022,추석,2022-09-12,월,경기,연천군,1,0,2,6
2022,추석,2022-09-12,월,경기,오산시,1,0,0,3
2022,추석,2022-09-12,월,경기,용인시,6,0,0,12
2022,추석,2022-09-12,월,경기,의왕시,0,0,0,0
2022,추석,2022-09-12,월,경기,의정부시,2,0,2,2
2022,추석,2022-09-12,월,경기,이천시,1,0,0,1
2022,추석,2022-09-12,월,경기,파주시,3,0,1,3
2022,추석,2022-09-12,월,경기,평택시,1,0,0,1
2022,추석,2022-09-12,월,경기,포천시,2,0,0,4
2022,추석,2022-09-12,월,경기,하남시,2,0,0,2
2022,추석,2022-09-12,월,경기,화성시,7,0,1,24
2022,추석,2022-09-12,월,경남,거제시,0,0,0,0
2022,추석,2022-09-12,월,경남,거창군,1,1,1,1
2022,추석,2022-09-12,월,경남,고성군,0,0,0,0
2022,추석,2022-09-12,월,경남,김해시,5,0,0,5
2022,추석,2022-09-12,월,경남,남해군,0,0,0,0
2022,추석,2022-09-12,월,경남,밀양시,0,0,0,0
2022,추석,2022-09-12,월,경남,사천시,0,0,0,0
2022,추석,2022-09-12,월,경남,산청군,0,0,0,0
2022,추석,2022-09-12,월,경남,소계,24,1,9,29
2022,추석,2022-09-12,월,경남,양산시,3,0,1,3
2022,추석,2022-09-12,월,경남,의령군,0,0,0,0
2022,추석,2022-09-12,월,경남,진주시,3,0,2,6
2022,추석,2022-09-12,월,경남,창녕군,3,0,0,3
2022,추석,2022-09-12,월,경남,창원시,6,0,4,7
2022,추석,2022-09-12,월,경남,통영시,0,0,0,0
2022,추석,2022-09-12,월,경남,하동군,0,0,0,0
2022,추석,2022-09-12,월,경남,함안군,3,0,1,4
2022,추석,2022-09-12,월,경남,함양군,0,0,0,0
2022,추석,2022-09-12,월,경남,합천군,0,0,0,0
2022,추석,2022-09-12,월,경북,경산시,1,0,0,1
2022,추석,2022-09-12,월,경북,경주시,6,0,2,12
2022,추석,2022-09-12,월,경북,고령군,0,0,0,0
2022,추석,2022-09-12,월,경북,구미시,4,0,1,4
2022,추석,2022-09-12,월,경북,군위군,0,0,0,0
2022,추석,2022-09-12,월,경북,김천시,0,0,0,0
2022,추석,2022-09-12,월,경북,문경시,1,0,0,1
2022,추석,2022-09-12,월,경북,봉화군,0,0,0,0
2022,추석,2022-09-12,월,경북,상주시,1,0,0,1
2022,추석,2022-09-12,월,경북,성주군,1,1,2,2
2022,추석,2022-09-12,월,경북,소계,23,1,9,32
2022,추석,2022-09-12,월,경북,안동시,1,0,0,1
2022,추석,2022-09-12,월,경북,영덕군,1,0,1,1
2022,추석,2022-09-12,월,경북,영양군,0,0,0,0
2022,추석,2022-09-12,월,경북,영주시,2,0,0,2
2022,추석,2022-09-12,월,경북,영천시,0,0,0,0
2022,추석,2022-09-12,월,경북,예천군,0,0,0,0
2022,추석,2022-09-12,월,경북,울릉군,0,0,0,0
2022,추석,2022-09-12,월,경북,울진군,0,0,0,0
2022,추석,2022-09-12,월,경북,의성군,0,0,0,0
2022,추석,2022-09-12,월,경북,청도군,0,0,0,0
2022,추석,2022-09-12,월,경북,청송군,1,0,0,2
2022,추석,2022-09-12,월,경북,칠곡군,2,0,2,2
2022,추석,2022-09-12,월,경북,포항시,2,0,1,3
2022,추석,2022-09-12,월,광주,광산구,2,0,0,2
2022,추석,2022-09-12,월,광주,남구,1,0,0,1
2022,추석,2022-09-12,월,광주,동구,3,0,1,4
2022,추석,2022-09-12,월,광주,북구,7,0,2,13
2022,추석,2022-09-12,월,광주,서구,3,0,0,8
2022,추석,2022-09-12,월,광주,소계,16,0,3,28
2022,추석,2022-09-12,월,대구,남구,1,0,0,2
2022,추석,2022-09-12,월,대구,달서구,6,0,1,11
2022,추석,2022-09-12,월,대구,달성군,1,0,0,1
2022,추석,2022-09-12,월,대구,동구,7,0,2,11
2022,추석,2022-09-12,월,대구,북구,2,0,1,3
2022,추석,2022-09-12,월,대구,서구,4,0,1,5
2022,추석,2022-09-12,월,대구,소계,29,0,7,47
2022,추석,2022-09-12,월,대구,수성구,7,0,2,13
2022,추석,2022-09-12,월,대구,중구,1,0,0,1
2022,추석,2022-09-12,월,대전,대덕구,3,0,0,8
2022,추석,2022-09-12,월,대전,동구,0,0,0,0
2022,추석,2022-09-12,월,대전,서구,2,0,0,3
2022,추석,2022-09-12,월,대전,소계,9,0,2,15
2022,추석,2022-09-12,월,대전,유성구,2,0,1,2
2022,추석,2022-09-12,월,대전,중구,2,0,1,2
2022,추석,2022-09-12,월,부산,강서구,0,0,0,0
2022,추석,2022-09-12,월,부산,금정구,2,0,1,2
2022,추석,2022-09-12,월,부산,기장군,1,0,1,1
2022,추석,2022-09-12,월,부산,남구,1,0,0,1
2022,추석,2022-09-12,월,부산,동구,2,0,2,2
2022,추석,2022-09-12,월,부산,동래구,0,0,0,0
2022,추석,2022-09-12,월,부산,북구,1,0,0,1
2022,추석,2022-09-12,월,부산,사상구,1,0,1,1
2022,추석,2022-09-12,월,부산,사하구,0,0,0,0
2022,추석,2022-09-12,월,부산,서구,0,0,0,0
2022,추석,2022-09-12,월,부산,소계,14,0,5,15
2022,추석,2022-09-12,월,부산,수영구,0,0,0,0
2022,추석,2022-09-12,월,부산,연제구,2,0,0,2
2022,추석,2022-09-12,월,부산,영도구,0,0,0,0
2022,추석,2022-09-12,월,부산,중구,0,0,0,0
2022,추석,2022-09-12,월,부산,진구,0,0,0,0
2022,추석,2022-09-12,월,부산,해운대구,4,0,0,5
2022,추석,2022-09-12,월,서울,강남구,7,0,3,8
2022,추석,2022-09-12,월,서울,강동구,1,0,0,6
2022,추석,2022-09-12,월,서울,강북구,3,0,0,3
2022,추석,2022-09-12,월,서울,강서구,3,0,1,4
2022,추석,2022-09-12,월,서울,관악구,0,0,0,0
2022,추석,2022-09-12,월,서울,광진구,2,0,0,2
2022,추석,2022-09-12,월,서울,구로구,2,0,0,2
2022,추석,2022-09-12,월,서울,금천구,4,0,2,5
2022,추석,2022-09-12,월,서울,노원구,1,0,1,2
2022,추석,2022-09-12,월,서울,도봉구,0,0,0,0
2022,추석,2022-09-12,월,서울,동대문구,2,0,1,2
2022,추석,2022-09-12,월,서울,동작구,1,0,1,1
2022,추석,2022-09-12,월,서울,마포구,2,0,3,3
2022,추석,2022-09-12,월,서울,서대문구,0,0,0,0
2022,추석,2022-09-12,월,서울,서초구,4,0,2,4
2022,추석,2022-09-12,월,서울,성동구,2,0,0,3
2022,추석,2022-09-12,월,서울,성북구,3,0,0,5
2022,추석,2022-09-12,월,서울,소계,64,0,17,88
2022,추석,2022-09-12,월,서울,송파구,3,0,0,4
2022,추석,2022-09-12,월,서울,양천구,5,0,1,6
2022,추석,2022-09-12,월,서울,영등포구,5,0,0,7
2022,추석,2022-09-12,월,서울,용산구,2,0,0,4
2022,추석,2022-09-12,월,서울,은평구,4,0,1,6
2022,추석,2022-09-12,월,서울,종로구,1,0,0,2
2022,추석,2022-09-12,월,서울,중구,1,0,0,1
2022,추석,2022-09-12,월,서울,중랑구,6,0,1,8
2022,추석,2022-09-12,월,세종,세종시,0,0,0,0
2022,추석,2022-09-12,월,세종,소계,0,0,0,0
2022,추석,2022-09-12,월,울산,남구,2,0,1,2
2022,추석,2022-09-12,월,울산,동구,0,0,0,0
2022,추석,2022-09-12,월,울산,북구,0,0,0,0
2022,추석,2022-09-12,월,울산,소계,4,0,1,6
2022,추석,2022-09-12,월,울산,울주군,2,0,0,4
2022,추석,2022-09-12,월,울산,중구,0,0,0,0
2022,추석,2022-09-12,월,인천,강화군,3,0,0,3
2022,추석,2022-09-12,월,인천,계양구,2,0,0,3
2022,추석,2022-09-12,월,인천,남동구,4,0,2,6
2022,추석,2022-09-12,월,인천,동구,0,0,0,0
2022,추석,2022-09-12,월,인천,미추홀구,4,0,1,6
2022,추석,2022-09-12,월,인천,부평구,5,0,1,7
2022,추석,2022-09-12,월,인천,서구,7,0,1,9
2022,추석,2022-09-12,월,인천,소계,28,0,5,42
2022,추석,2022-09-12,월,인천,연수구,1,0,0,4
2022,추석,2022-09-12,월,인천,옹진군,0,0,0,0
2022,추석,2022-09-12,월,인천,중구,2,0,0,4
2022,추석,2022-09-12,월,전국,전국,394,6,108,598
2022,추석,2022-09-12,월,전남,강진군,0,0,0,0
2022,추석,2022-09-12,월,전남,고흥군,0,0,0,0
2022,추석,2022-09-12,월,전남,곡성군,0,0,0,0
2022,추석,2022-09-12,월,전남,광양시,5,0,1,9
2022,추석,2022-09-12,월,전남,구례군,0,0,0,0
2022,추석,2022-09-12,월,전남,나주시,0,0,0,0
2022,추석,2022-09-12,월,전남,담양군,0,0,0,0
2022,추석,2022-09-12,월,전남,목포시,4,1,0,7
2022,추석,2022-09-12,월,전남,무안군,1,0,1,2
2022,추석,2022-09-12,월,전남,보성군,0,0,0,0
2022,추석,2022-09-12,월,전남,소계,25,1,8,41
2022,추석,2022-09-12,월,전남,순천시,6,0,2,9
2022,추석,2022-09-12,월,전남,신안군,0,0,0,0
2022,추석,2022-09-12,월,전남,여수시,4,0,2,4
2022,추석,2022-09-12,월,전남,영광군,1,0,1,3
2022,추석,2022-09-12,월,전남,영암군,0,0,0,0
2022,추석,2022-09-12,월,전남,완도군,0,0,0,0
2022,추석,2022-09-12,월,전남,장성군,1,0,0,1
2022,추석,2022-09-12,월,전남,장흥군,0,0,0,0
2022,추석,2022-09-12,월,전남,진도군,0,0,0,0
2022,추석,2022-09-12,월,전남,함평군,1,0,0,4
2022,추석,2022-09-12,월,전남,해남군,1,0,1,1
2022,추석,2022-09-12,월,전남,화순군,1,0,0,1
2022,추석,2022-09-12,월,전북,고창군,0,0,0,0
2022,추석,2022-09-12,월,전북,군산시,2,1,1,1
2022,추석,2022-09-12,월,전북,김제시,0,0,0,0
2022,추석,2022-09-12,월,전북,남원시,0,0,0,0
2022,추석,2022-09-12,월,전북,무주군,0,0,0,0
2022,추석,2022-09-12,월,전북,부안군,0,0,0,0
2022,추석,2022-09-12,월,전북,소계,9,1,2,10
2022,추석,2022-09-12,월,전북,순창군,0,0,0,0
2022,추석,2022-09-12,월,전북,완주군,0,0,0,0
2022,추석,2022-09-12,월,전북,익산시,1,0,0,1
2022,추석,2022-09-12,월,전북,임실군,0,0,0,0
2022,추석,2022-09-12,월,전북,장수군,0,0,0,0
2022,추석,2022-09-12,월,전북,전주시,6,0,1,8
2022,추석,2022-09-12,월,전북,정읍시,0,0,0,0
2022,추석,2022-09-12,월,전북,진안군,0,0,0,0
2022,추석,2022-09-12,월,제주,서귀포시,1,0,0,2
2022,추석,2022-09-12,월,제주,소계,9,0,1,13
2022,추석,2022-09-12,월,제주,제주시,8,0,1,11
2022,추석,2022-09-12,월,충남,계룡시,0,0,0,0
2022,추석,2022-09-12,월,충남,공주시,1,0,0,1
2022,추석,2022-09-12,월,충남,금산군,1,0,1,1
2022,추석,2022-09-12,월,충남,논산시,2,0,0,6
2022,추석,2022-09-12,월,충남,당진시,0,0,0,0
2022,추석,2022-09-12,월,충남,보령시,1,0,1,1
2022,추석,2022-09-12,월,충남,부여군,3,0,3,4
2022,추석,2022-09-12,월,충남,서산시,1,0,0,1
2022,추석,2022-09-12,월,충남,서천군,0,0,0,0
2022,추석,2022-09-12,월,충남,소계,23,1,8,39
2022,추석,2022-09-12,월,충남,아산시,2,0,1,2
2022,추석,2022-09-12,월,충남,예산군,1,0,0,1
2022,추석,2022-09-12,월,충남,천안시,10,1,1,21
2022,추석,2022-09-12,월,충남,청양군,0,0,0,0
2022,추석,2022-09-12,월,충남,태안군,1,0,1,1
2022,추석,2022-09-12,월,충남,홍성군,0,0,0,0
2022,추석,2022-09-12,월,충북,괴산군,0,0,0,0
2022,추석,2022-09-12,월,충북,단양군,0,0,0,0
2022,추석,2022-09-12,월,충북,보은군,0,0,0,0
2022,추석,2022-09-12,월,충북,소계,17,0,9,28
2022,추석,2022-09-12,월,충북,영동군,1,0,0,1
2022,추석,2022-09-12,월,충북,옥천군,1,0,2,3
2022,추석,2022-09-12,월,충북,음성군,0,0,0,0
2022,추석,2022-09-12,월,충북,제천시,0,0,0,0
2022,추석,2022-09-12,월,충북,증평군,2,0,1,3
2022,추석,2022-09-12,월,충북,진천군,1,0,0,1
2022,추석,2022-09-12,월,충북,청주시,8,0,4,14
2022,추석,2022-09-12,월,충북,충주시,4,0,2,6
2023,설날,2023-01-21,토,강원,강릉시,1,1,0,0
2023,설날,2023-01-21,토,강원,고성군,1,0,0,1
2023,설날,2023-01-21,토,강원,동해시,1,0,0,4
2023,설날,2023-01-21,토,강원,삼척시,2,0,0,2
2023,설날,2023-01-21,토,강원,소계,10,1,0,17
2023,설날,2023-01-21,토,강원,속초시,1,0,0,3
2023,설날,2023-01-21,토,강원,양구군,0,0,0,0
2023,설날,2023-01-21,토,강원,양양군,0,0,0,0
2023,설날,2023-01-21,토,강원,영월군,0,0,0,0
2023,설날,2023-01-21,토,강원,원주시,2,0,0,2
2023,설날,2023-01-21,토,강원,인제군,0,0,0,0
2023,설날,2023-01-21,토,강원,정선군,0,0,0,0
2023,설날,2023-01-21,토,강원,철원군,0,0,0,0
2023,설날,2023-01-21,토,강원,춘천시,1,0,0,2
2023,설날,2023-01-21,토,강원,태백시,0,0,0,0
2023,설날,2023-01-21,토,강원,평창군,0,0,0,0
2023,설날,2023-01-21,토,강원,홍천군,0,0,0,0
2023,설날,2023-01-21,토,강원,화천군,0,0,0,0
2023,설날,2023-01-21,토,강원,횡성군,1,0,0,3
2023,설날,2023-01-21,토,경기,가평군,0,0,0,0
2023,설날,2023-01-21,토,경기,고양시,6,0,1,8
2023,설날,2023-01-21,토,경기,과천시,0,0,0,0
2023,설날,2023-01-21,토,경기,광명시,1,0,0,1
2023,설날,2023-01-21,토,경기,광주시,5,0,4,12
2023,설날,2023-01-21,토,경기,구리시,1,0,0,3
2023,설날,2023-01-21,토,경기,군포시,0,0,0,0
2023,설날,2023-01-21,토,경기,김포시,5,0,1,6
2023,설날,2023-01-21,토,경기,남양주시,5,0,0,10
2023,설날,2023-01-21,토,경기,동두천시,1,0,0,1
2023,설날,2023-01-21,토,경기,부천시,6,0,4,8
2023,설날,2023-01-21,토,경기,성남시,11,0,0,13
2023,설날,2023-01-21,토,경기,소계,112,1,28,170
2023,설날,2023-01-21,토,경기,수원시,11,0,4,15
2023,설날,2023-01-21,토,경기,시흥시,5,0,0,7
2023,설날,2023-01-21,토,경기,안산시,10,0,4,17
2023,설날,2023-01-21,토,경기,안성시,1,0,0,2
2023,설날,2023-01-21,토,경기,안양시,4,0,0,4
2023,설날,2023-01-21,토,경기,양주시,4,0,2,5
2023,설날,2023-01-21,토,경기,양평군,1,0,0,3
2023,설날,2023-01-21,토,경기,여주시,0,0,0,0
2023,설날,2023-01-21,토,경기,연천군,1,0,0,2
2023,설날,2023-01-21,토,경기,오산시,2,0,0,2
2023,설날,2023-01-21,토,경기,용인시,9,0,1,11
2023,설날,2023-01-21,토,경기,의왕시,2,0,0,3
2023,설날,2023-01-21,토,경기,의정부시,4,0,1,7
2023,설날,2023-01-21,토,경기,이천시,2,0,0,2
2023,설날,2023-01-21,토,경기,파주시,5,0,1,6
2023,설날,2023-01-21,토,경기,평택시,4,0,2,7
2023,설날,2023-01-21,토,경기,포천시,1,0,1,1
2023,설날,2023-01-21,토,경기,하남시,1,0,1,7
2023,설날,2023-01-21,토,경기,화성시,4,1,1,7
2023,설날,2023-01-21,토,경남,거제시,1,0,0,2
2023,설날,2023-01-21,토,경남,거창군,0,0,0,0
2023,설날,2023-01-21,토,경남,고성군,0,0,0,0
2023,설날,2023-01-21,토,경남,김해시,5,0,1,6
2023,설날,2023-01-21,토,경남,남해군,0,0,0,0
2023,설날,2023-01-21,토,경남,밀양시,3,0,3,8
2023,설날,2023-01-21,토,경남,사천시,3,0,0,6
2023,설날,2023-01-21,토,경남,산청군,0,0,0,0
2023,설날,2023-01-21,토,경남,소계,26,0,9,41
2023,설날,2023-01-21,토,경남,양산시,7,0,3,10
2023,설날,2023-01-21,토,경남,의령군,0,0,0,0
2023,설날,2023-01-21,토,경남,진주시,1,0,1,1
2023,설날,2023-01-21,토,경남,창녕군,0,0,0,0
2023,설날,2023-01-21,토,경남,창원시,5,0,1,5
2023,설날,2023-01-21,토,경남,통영시,1,0,0,3
2023,설날,2023-01-21,토,경남,하동군,0,0,0,0
2023,설날,2023-01-21,토,경남,함안군,0,0,0,0
2023,설날,2023-01-21,토,경남,함양군,0,0,0,0
2023,설날,2023-01-21,토,경남,합천군,0,0,0,0
2023,설날,2023-01-21,토,경북,경산시,0,0,0,0
2023,설날,2023-01-21,토,경북,경주시,4,1,4,8
2023,설날,2023-01-21,토,경북,고령군,0,0,0,0
2023,설날,2023-01-21,토,경북,구미시,2,0,1,2
2023,설날,2023-01-21,토,경북,군위군,0,0,0,0
2023,설날,2023-01-21,토,경북,김천시,0,0,0,0
2023,설날,2023-01-21,토,경북,문경시,3,0,0,3
2023,설날,2023-01-21,토,경북,봉화군,0,0,0,0
2023,설날,2023-01-21,토,경북,상주시,0,0,0,0
2023,설날,2023-01-21,토,경북,성주군,0,0,0,0
2023,설날,2023-01-21,토,경북,소계,20,1,9,29
2023,설날,2023-01-21,토,경북,안동시,0,0,0,0
2023,설날,2023-01-21,토,경북,영덕군,1,0,0,1
2023,설날,2023-01-21,토,경북,영양군,0,0,0,0
2023,설날,2023-01-21,토,경북,영주시,0,0,0,0
2023,설날,2023-01-21,토,경북,영천시,2,0,1,3
2023,설날,2023-01-21,토,경북,예천군,0,0,0,0
2023,설날,2023-01-21,토,경북,울릉군,0,0,0,0
2023,설날,2023-01-21,토,경북,울진군,2,0,2,3
2023,설날,2023-01-21,토,경북,의성군,1,0,1,2
2023,설날,2023-01-21,토,경북,청도군,0,0,0,0
2023,설날,2023-01-21,토,경북,청송군,0,0,0,0
2023,설날,2023-01-21,토,경북,칠곡군,1,0,0,2
2023,설날,2023-01-21,토,경북,포항시,4,0,0,5
2023,설날,2023-01-21,토,광주,광산구,4,0,0,4
2023,설날,2023-01-21,토,광주,남구,2,0,0,3
2023,설날,2023-01-21,토,광주,동구,2,0,1,4
2023,설날,2023-01-21,토,광주,북구,2,0,0,2
2023,설날,2023-01-21,토,광주,서구,2,0,1,2
2023,설날,2023-01-21,토,광주,소계,12,0,2,15
2023,설날,2023-01-21,토,대구,군위군,0,0,0,0
2023,설날,2023-01-21,토,대구,남구,1,0,1,1
2023,설날,2023-01-21,토,대구,달서구,2,0,1,3
2023,설날,2023-01-21,토,대구,달성군,1,0,0,1
2023,설날,2023-01-21,토,대구,동구,2,0,1,2
2023,설날,2023-01-21,토,대구,북구,3,0,1,3
2023,설날,2023-01-21,토,대구,서구,1,0,0,1
2023,설날,2023-01-21,토,대구,소계,19,0,5,24
2023,설날,2023-01-21,토,대구,수성구,7,0,1,9
2023,설날,2023-01-21,토,대구,중구,2,0,0,4
2023,설날,2023-01-21,토,대전,대덕구,2,0,0,5
2023,설날,2023-01-21,토,대전,동구,3,0,2,4
2023,설날,2023-01-21,토,대전,서구,6,0,2,14
2023,설날,2023-01-21,토,대전,소계,18,0,4,38
2023,설날,2023-01-21,토,대전,유성구,5,0,0,8
2023,설날,2023-01-21,토,대전,중구,2,0,0,7
2023,설날,2023-01-21,토,부산,강서구,1,0,2,2
2023,설날,2023-01-21,토,부산,금정구,2,0,0,2
2023,설날,2023-01-21,토,부산,기장군,1,0,0,1
2023,설날,2023-01-21,토,부산,남구,0,0,0,0
2023,설날,2023-01-21,토,부산,동구,2,0,0,2
2023,설날,2023-01-21,토,부산,동래구,4,0,0,4
2023,설날,2023-01-21,토,부산,북구,0,0,0,0
2023,설날,2023-01-21,토,부산,사상구,2,0,0,3
2023,설날,2023-01-21,토,부산,사하구,3,0,3,6
2023,설날,2023-01-21,토,부산,서구,0,0,0,0
2023,설날,2023-01-21,토,부산,소계,23,0,6,32
2023,설날,2023-01-21,토,부산,수영구,1,0,0,3
2023,설날,2023-01-21,토,부산,연제구,1,0,0,1
2023,설날,2023-01-21,토,부산,영도구,1,0,1,2
2023,설날,2023-01-21,토,부산,중구,0,0,0,0
2023,설날,2023-01-21,토,부산,진구,4,0,0,5
2023,설날,2023-01-21,토,부산,해운대구,1,0,0,1
2023,설날,2023-01-21,토,서울,강남구,7,0,1,13
2023,설날,2023-01-21,토,서울,강동구,3,0,0,4
2023,설날,2023-01-21,토,서울,강북구,1,0,0,1
2023,설날,2023-01-21,토,서울,강서구,1,0,0,1
2023,설날,2023-01-21,토,서울,관악구,0,0,0,0
2023,설날,2023-01-21,토,서울,광진구,0,0,0,0
2023,설날,2023-01-21,토,서울,구로구,4,0,1,6
2023,설날,2023-01-21,토,서울,금천구,0,0,0,0
2023,설날,2023-01-21,토,서울,노원구,2,0,0,3
2023,설날,2023-01-21,토,서울,도봉구,4,0,1,5
2023,설날,2023-01-21,토,서울,동대문구,3,0,0,5
2023,설날,2023-01-21,토,서울,동작구,2,0,0,2
2023,설날,2023-01-21,토,서울,마포구,3,0,1,3
2023,설날,2023-01-21,토,서울,서대문구,2,0,1,4
2023,설날,2023-01-21,토,서울,서초구,2,0,1,4
2023,설날,2023-01-21,토,서울,성동구,4,0,1,4
2023,설날,2023-01-21,토,서울,성북구,3,0,0,4
2023,설날,2023-01-21,토,서울,소계,54,0,12,79
2023,설날,2023-01-21,토,서울,송파구,6,0,4,11
2023,설날,2023-01-21,토,서울,양천구,0,0,0,0
2023,설날,2023-01-21,토,서울,영등포구,0,0,0,0
2023,설날,2023-01-21,토,서울,용산구,1,0,0,2
2023,설날,2023-01-21,토,서울,은평구,2,0,0,2
2023,설날,2023-01-21,토,서울,종로구,2,0,1,3
2023,설날,2023-01-21,토,서울,중구,0,0,0,0
2023,설날,2023-01-21,토,서울,중랑구,2,0,0,2
2023,설날,2023-01-21,토,세종,세종시,4,0,0,4
2023,설날,2023-01-21,토,세종,소계,4,0,0,4
2023,설날,2023-01-21,토,울산,남구,3,0,0,3
2023,설날,2023-01-21,토,울산,동구,0,0,0,0
2023,설날,2023-01-21,토,울산,북구,2,0,2,3
2023,설날,2023-01-21,토,울산,소계,8,0,4,12
2023,설날,2023-01-21,토,울산,울주군,0,0,0,0
2023,설날,2023-01-21,토,울산,중구,3,0,2,6
2023,설날,2023-01-21,토,인천,강화군,0,0,0,0
2023,설날,2023-01-21,토,인천,계양구,2,0,0,6
2023,설날,2023-01-21,토,인천,남동구,2,0,0,3
2023,설날,2023-01-21,토,인천,동구,1,0,1,4
2023,설날,2023-01-21,토,인천,미추홀구,1,0,0,2
2023,설날,2023-01-21,토,인천,부평구,4,0,1,5
2023,설날,2023-01-21,토,인천,서구,3,0,1,7
2023,설날,2023-01-21,토,인천,소계,14,0,3,30
2023,설날,2023-01-21,토,인천,연수구,0,0,0,0
2023,설날,2023-01-21,토,인천,옹진군,0,0,0,0
2023,설날,2023-01-21,토,인천,중구,1,0,0,3
2023,설날,2023-01-21,토,전국,전국,389,6,99,612
2023,설날,2023-01-21,토,전남,강진군,2,0,1,2
2023,설날,2023-01-21,토,전남,고흥군,1,0,1,2
2023,설날,2023-01-21,토,전남,곡성군,1,0,0,3
2023,설날,2023-01-21,토,전남,광양시,3,0,0,11
2023,설날,2023-01-21,토,전남,구례군,0,0,0,0
2023,설날,2023-01-21,토,전남,나주시,1,1,0,0
2023,설날,2023-01-21,토,전남,담양군,3,0,1,4
2023,설날,2023-01-21,토,전남,목포시,2,0,0,2
2023,설날,2023-01-21,토,전남,무안군,1,0,0,1
2023,설날,2023-01-21,토,전남,보성군,0,0,0,0
2023,설날,2023-01-21,토,전남,소계,25,1,5,47
2023,설날,2023-01-21,토,전남,순천시,3,0,0,3
2023,설날,2023-01-21,토,전남,신안군,1,0,0,2
2023,설날,2023-01-21,토,전남,여수시,3,0,0,7
2023,설날,2023-01-21,토,전남,영광군,0,0,0,0
2023,설날,2023-01-21,토,전남,영암군,2,0,2,8
2023,설날,2023-01-21,토,전남,완도군,1,0,0,1
2023,설날,2023-01-21,토,전남,장성군,0,0,0,0
2023,설날,2023-01-21,토,전남,장흥군,0,0,0,0
2023,설날,2023-01-21,토,전남,진도군,0,0,0,0
2023,설날,2023-01-21,토,전남,함평군,0,0,0,0
2023,설날,2023-01-21,토,전남,해남군,1,0,0,1
2023,설날,2023-01-21,토,전남,화순군,0,0,0,0
2023,설날,2023-01-21,토,전북,고창군,0,0,0,0
2023,설날,2023-01-21,토,전북,군산시,3,0,1,3
2023,설날,2023-01-21,토,전북,김제시,1,1,0,0
2023,설날,2023-01-21,토,전북,남원시,0,0,0,0
2023,설날,2023-01-21,토,전북,무주군,0,0,0,0
2023,설날,2023-01-21,토,전북,부안군,0,0,0,0
2023,설날,2023-01-21,토,전북,소계,9,1,1,10
2023,설날,2023-01-21,토,전북,순창군,0,0,0,0
2023,설날,2023-01-21,토,전북,완주군,0,0,0,0
2023,설날,2023-01-21,토,전북,익산시,4,0,0,6
2023,설날,2023-01-21,토,전북,임실군,0,0,0,0
2023,설날,2023-01-21,토,전북,장수군,0,0,0,0
2023,설날,2023-01-21,토,전북,전주시,1,0,0,1
2023,설날,2023-01-21,토,전북,정읍시,0,0,0,0
2023,설날,2023-01-21,토,전북,진안군,0,0,0,0
2023,설날,2023-01-21,토,제주,서귀포시,0,0,0,0
2023,설날,2023-01-21,토,제주,소계,4,0,1,5
2023,설날,2023-01-21,토,제주,제주시,4,0,1,5
2023,설날,2023-01-21,토,충남,계룡시,0,0,0,0
2023,설날,2023-01-21,토,충남,공주시,1,0,0,1
2023,설날,2023-01-21,토,충남,금산군,1,0,0,1
2023,설날,2023-01-21,토,충남,논산시,3,1,3,7
2023,설날,2023-01-21,토,충남,당진시,0,0,0,0
2023,설날,2023-01-21,토,충남,보령시,0,0,0,0
2023,설날,2023-01-21,토,충남,부여군,0,0,0,0
2023,설날,2023-01-21,토,충남,서산시,3,0,1,6
2023,설날,2023-01-21,토,충남,서천군,0,0,0,0
2023,설날,2023-01-21,토,충남,소계,20,1,6,42
2023,설날,2023-01-21,토,충남,아산시,3,0,1,9
2023,설날,2023-01-21,토,충남,예산군,0,0,0,0
2023,설날,2023-01-21,토,충남,천안시,8,0,1,17
2023,설날,2023-01-21,토,충남,청양군,0,0,0,0
2023,설날,2023-01-21,토,충남,태안군,1,0,0,1
2023,설날,2023-01-21,토,충남,홍성군,0,0,0,0
2023,설날,2023-01-21,토,충북,괴산군,0,0,0,0
2023,설날,2023-01-21,토,충북,단양군,0,0,0,0
2023,설날,2023-01-21,토,충북,보은군,0,0,0,0
2023,설날,2023-01-21,토,충북,소계,11,0,4,17
2023,설날,2023-01-21,토,충북,영동군,0,0,0,0
2023,설날,2023-01-21,토,충북,옥천군,0,0,0,0
2023,설날,2023-01-21,토,충북,음성군,0,0,0,0
2023,설날,2023-01-21,토,충북,제천시,1,0,0,1
2023,설날,2023-01-21,토,충북,증평군,0,0,0,0
2023,설날,2023-01-21,토,충북,진천군,1,0,1,4
2023,설날,2023-01-21,토,충북,청주시,6,0,1,7
2023,설날,2023-01-21,토,충북,충주시,3,0,2,5
2023,설날,2023-01-22,일,강원,강릉시,1,0,0,1
2023,설날,2023-01-22,일,강원,고성군,0,0,0,0
2023,설날,2023-01-22,일,강원,동해시,0,0,0,0
2023,설날,2023-01-22,일,강원,삼척시,0,0,0,0
2023,설날,2023-01-22,일,강원,소계,11,0,0,23
2023,설날,2023-01-22,일,강원,속초시,0,0,0,0
2023,설날,2023-01-22,일,강원,양구군,0,0,0,0
2023,설날,2023-01-22,일,강원,양양군,1,0,0,2
2023,설날,2023-01-22,일,강원,영월군,2,0,0,5
2023,설날,2023-01-22,일,강원,원주시,4,0,0,8
2023,설날,2023-01-22,일,강원,인제군,0,0,0,0
2023,설날,2023-01-22,일,강원,정선군,0,0,0,0
2023,설날,2023-01-22,일,강원,철원군,0,0,0,0
2023,설날,2023-01-22,일,강원,춘천시,2,0,0,5
2023,설날,2023-01-22,일,강원,태백시,0,0,0,0
2023,설날,2023-01-22,일,강원,평창군,1,0,0,2
2023,설날,2023-01-22,일,강원,홍천군,0,0,0,0
2023,설날,2023-01-22,일,강원,화천군,0,0,0,0
2023,설날,2023-01-22,일,강원,횡성군,0,0,0,0
2023,설날,2023-01-22,일,경기,가평군,1,0,0,2
2023,설날,2023-01-22,일,경기,고양시,7,0,1,16
2023,설날,2023-01-22,일,경기,과천시,0,0,0,0
2023,설날,2023-01-22,일,경기,광명시,1,0,0,1
2023,설날,2023-01-22,일,경기,광주시,3,1,1,2
2023,설날,2023-01-22,일,경기,구리시,1,0,0,3
2023,설날,2023-01-22,일,경기,군포시,0,0,0,0
2023,설날,2023-01-22,일,경기,김포시,2,0,0,2
2023,설날,2023-01-22,일,경기,남양주시,0,0,0,0
2023,설날,2023-01-22,일,경기,동두천시,1,0,1,6
2023,설날,2023-01-22,일,경기,부천시,6,0,2,8
2023,설날,2023-01-22,일,경기,성남시,4,0,2,5
2023,설날,2023-01-22,일,경기,소계,86,1,24,167
2023,설날,2023-01-22,일,경기,수원시,13,0,3,28
2023,설날,2023-01-22,일,경기,시흥시,4,0,1,9
2023,설날,2023-01-22,일,경기,안산시,8,0,1,19
2023,설날,2023-01-22,일,경기,안성시,1,0,0,1
2023,설날,2023-01-22,일,경기,안양시,2,0,1,2
2023,설날,2023-01-22,일,경기,양주시,0,0,0,0
2023,설날,2023-01-22,일,경기,양평군,2,0,0,5
2023,설날,2023-01-22,일,경기,여주시,3,0,3,6
2023,설날,2023-01-22,일,경기,연천군,0,0,0,0
2023,설날,2023-01-22,일,경기,오산시,1,0,0,1
2023,설날,2023-01-22,일,경기,용인시,5,0,1,16
2023,설날,2023-01-22,일,경기,의왕시,1,0,0,2
2023,설날,2023-01-22,일,경기,의정부시,2,0,0,3
2023,설날,2023-01-22,일,경기,이천시,1,0,0,1
2023,설날,2023-01-22,일,경기,파주시,3,0,4,6
2023,설날,2023-01-22,일,경기,평택시,5,0,2,10
2023,설날,2023-01-22,일,경기,포천시,0,0,0,0
2023,설날,2023-01-22,일,경기,하남시,5,0,0,8
2023,설날,2023-01-22,일,경기,화성시,4,0,1,5
2023,설날,2023-01-22,일,경남,거제시,0,0,0,0
2023,설날,2023-01-22,일,경남,거창군,1,0,1,1
2023,설날,2023-01-22,일,경남,고성군,0,0,0,0
2023,설날,2023-01-22,일,경남,김해시,2,0,1,5
2023,설날,2023-01-22,일,경남,남해군,1,0,0,1
2023,설날,2023-01-22,일,경남,밀양시,0,0,0,0
2023,설날,2023-01-22,일,경남,사천시,0,0,0,0
2023,설날,2023-01-22,일,경남,산청군,0,0,0,0
2023,설날,2023-01-22,일,경남,소계,15,0,4,20
2023,설날,2023-01-22,일,경남,양산시,2,0,0,2
2023,설날,2023-01-22,일,경남,의령군,1,0,0,1
2023,설날,2023-01-22,일,경남,진주시,1,0,1,2
2023,설날,2023-01-22,일,경남,창녕군,1,0,0,1
2023,설날,2023-01-22,일,경남,창원시,4,0,1,5
2023,설날,2023-01-22,일,경남,통영시,2,0,0,2
2023,설날,2023-01-22,일,경남,하동군,0,0,0,0
2023,설날,2023-01-22,일,경남,함안군,0,0,0,0
2023,설날,2023-01-22,일,경남,함양군,0,0,0,0
2023,설날,2023-01-22,일,경남,합천군,0,0,0,0
2023,설날,2023-01-22,일,경북,경산시,2,0,1,6
2023,설날,2023-01-22,일,경북,경주시,4,0,4,12
2023,설날,2023-01-22,일,경북,고령군,0,0,0,0
2023,설날,2023-01-22,일,경북,구미시,1,0,0,1
2023,설날,2023-01-22,일,경북,군위군,1,0,1,1
2023,설날,2023-01-22,일,경북,김천시,1,0,0,2
2023,설날,2023-01-22,일,경북,문경시,0,0,0,0
2023,설날,2023-01-22,일,경북,봉화군,0,0,0,0
2023,설날,2023-01-22,일,경북,상주시,0,0,0,0
2023,설날,2023-01-22,일,경북,성주군,0,0,0,0
2023,설날,2023-01-22,일,경북,소계,16,0,7,38
2023,설날,2023-01-22,일,경북,안동시,0,0,0,0
2023,설날,2023-01-22,일,경북,영덕군,1,0,1,1
2023,설날,2023-01-22,일,경북,영양군,0,0,0,0
2023,설날,2023-01-22,일,경북,영주시,0,0,0,0
2023,설날,2023-01-22,일,경북,영천시,2,0,0,5
2023,설날,2023-01-22,일,경북,예천군,1,0,0,1
2023,설날,2023-01-22,일,경북,울릉군,0,0,0,0
2023,설날,2023-01-22,일,경북,울진군,0,0,0,0
2023,설날,2023-01-22,일,경북,의성군,0,0,0,0
2023,설날,2023-01-22,일,경북,청도군,0,0,0,0
2023,설날,2023-01-22,일,경북,청송군,0,0,0,0
2023,설날,2023-01-22,일,경북,칠곡군,1,0,0,4
2023,설날,2023-01-22,일,경북,포항시,2,0,0,5
2023,설날,2023-01-22,일,광주,광산구,0,0,0,0
2023,설날,2023-01-22,일,광주,남구,0,0,0,0
2023,설날,2023-01-22,일,광주,동구,1,0,0,3
2023,설날,2023-01-22,일,광주,북구,3,0,2,7
2023,설날,2023-01-22,일,광주,서구,1,0,0,3
2023,설날,2023-01-22,일,광주,소계,5,0,2,13
2023,설날,2023-01-22,일,대구,군위군,0,0,0,0
2023,설날,2023-01-22,일,대구,남구,2,0,0,6
2023,설날,2023-01-22,일,대구,달서구,6,0,1,7
2023,설날,2023-01-22,일,대구,달성군,1,0,1,3
2023,설날,2023-01-22,일,대구,동구,3,0,0,6
2023,설날,2023-01-22,일,대구,북구,1,0,1,2
2023,설날,2023-01-22,일,대구,서구,0,0,0,0
2023,설날,2023-01-22,일,대구,소계,16,0,4,27
2023,설날,2023-01-22,일,대구,수성구,2,0,1,2
2023,설날,2023-01-22,일,대구,중구,1,0,0,1
2023,설날,2023-01-22,일,대전,대덕구,0,0,0,0
2023,설날,2023-01-22,일,대전,동구,2,0,3,8
2023,설날,2023-01-22,일,대전,서구,3,0,1,3
2023,설날,2023-01-22,일,대전,소계,7,0,4,13
2023,설날,2023-01-22,일,대전,유성구,0,0,0,0
2023,설날,2023-01-22,일,대전,중구,2,0,0,2
2023,설날,2023-01-22,일,부산,강서구,1,0,0,3
2023,설날,2023-01-22,일,부산,금정구,2,0,0,2
2023,설날,2023-01-22,일,부산,기장군,1,0,1,2
2023,설날,2023-01-22,일,부산,남구,1,0,0,3
2023,설날,2023-01-22,일,부산,동구,2,0,0,3
2023,설날,2023-01-22,일,부산,동래구,6,0,1,9
2023,설날,2023-01-22,일,부산,북구,0,0,0,0
2023,설날,2023-01-22,일,부산,사상구,1,0,0,1
2023,설날,2023-01-22,일,부산,사하구,1,0,0,2
2023,설날,2023-01-22,일,부산,서구,1,0,0,3
2023,설날,2023-01-22,일,부산,소계,26,0,7,46
2023,설날,2023-01-22,일,부산,수영구,3,0,2,4
2023,설날,2023-01-22,일,부산,연제구,1,0,0,1
2023,설날,2023-01-22,일,부산,영도구,1,0,1,3
2023,설날,2023-01-22,일,부산,중구,0,0,0,0
2023,설날,2023-01-22,일,부산,진구,5,0,2,10
2023,설날,2023-01-22,일,부산,해운대구,0,0,0,0
2023,설날,2023-01-22,일,서울,강남구,4,0,3,5
2023,설날,2023-01-22,일,서울,강동구,1,0,0,1
2023,설날,2023-01-22,일,서울,강북구,3,0,0,3
2023,설날,2023-01-22,일,서울,강서구,4,0,0,9
2023,설날,2023-01-22,일,서울,관악구,0,0,0,0
2023,설날,2023-01-22,일,서울,광진구,2,0,0,6
2023,설날,2023-01-22,일,서울,구로구,0,0,0,0
2023,설날,2023-01-22,일,서울,금천구,1,0,1,2
2023,설날,2023-01-22,일,서울,노원구,2,0,0,2
2023,설날,2023-01-22,일,서울,도봉구,0,0,0,0
2023,설날,2023-01-22,일,서울,동대문구,0,0,0,0
2023,설날,2023-01-22,일,서울,동작구,4,0,1,5
2023,설날,2023-01-22,일,서울,마포구,2,0,0,2
2023,설날,2023-01-22,일,서울,서대문구,1,0,0,3
2023,설날,2023-01-22,일,서울,서초구,1,0,0,1
2023,설날,2023-01-22,일,서울,성동구,2,0,0,3
2023,설날,2023-01-22,일,서울,성북구,4,0,0,9
2023,설날,2023-01-22,일,서울,소계,49,0,10,78
2023,설날,2023-01-22,일,서울,송파구,6,0,3,9
2023,설날,2023-01-22,일,서울,양천구,2,0,0,3
2023,설날,2023-01-22,일,서울,영등포구,1,0,0,1
2023,설날,2023-01-22,일,서울,용산구,3,0,1,6
2023,설날,2023-01-22,일,서울,은평구,1,0,0,1
2023,설날,2023-01-22,일,서울,종로구,0,0,0,0
2023,설날,2023-01-22,일,서울,중구,1,0,0,1
2023,설날,2023-01-22,일,서울,중랑구,4,0,1,6
2023,설날,2023-01-22,일,세종,세종시,1,0,0,3
2023,설날,2023-01-22,일,세종,소계,1,0,0,3
2023,설날,2023-01-22,일,울산,남구,1,0,0,1
2023,설날,2023-01-22,일,울산,동구,0,0,0,0
2023,설날,2023-01-22,일,울산,북구,0,0,0,0
2023,설날,2023-01-22,일,울산,소계,2,0,0,8
2023,설날,2023-01-22,일,울산,울주군,1,0,0,7
2023,설날,2023-01-22,일,울산,중구,0,0,0,0
2023,설날,2023-01-22,일,인천,강화군,1,0,0,2
2023,설날,2023-01-22,일,인천,계양구,2,0,0,5
2023,설날,2023-01-22,일,인천,남동구,2,0,0,3
2023,설날,2023-01-22,일,인천,동구,0,0,0,0
2023,설날,2023-01-22,일,인천,미추홀구,0,0,0,0
2023,설날,2023-01-22,일,인천,부평구,3,0,0,5
2023,설날,2023-01-22,일,인천,서구,1,0,2,4
2023,설날,2023-01-22,일,인천,소계,9,0,2,19
2023,설날,2023-01-22,일,인천,연수구,0,0,0,0
2023,설날,2023-01-22,일,인천,옹진군,0,0,0,0
2023,설날,2023-01-22,일,인천,중구,0,0,0,0
2023,설날,2023-01-22,일,전국,전국,279,2,74,506
2023,설날,2023-01-22,일,전남,강진군,0,0,0,0
2023,설날,2023-01-22,일,전남,고흥군,0,0,0,0
2023,설날,2023-01-22,일,전남,곡성군,0,0,0,0
2023,설날,2023-01-22,일,전남,광양시,0,0,0,0
2023,설날,2023-01-22,일,전남,구례군,0,0,0,0
2023,설날,2023-01-22,일,전남,나주시,0,0,0,0
2023,설날,2023-01-22,일,전남,담양군,0,0,0,0
2023,설날,2023-01-22,일,전남,목포시,1,0,0,2
2023,설날,2023-01-22,일,전남,무안군,0,0,0,0
2023,설날,2023-01-22,일,전남,보성군,0,0,0,0
2023,설날,2023-01-22,일,전남,소계,7,0,0,11
2023,설날,2023-01-22,일,전남,순천시,1,0,0,1
2023,설날,2023-01-22,일,전남,신안군,0,0,0,0
2023,설날,2023-01-22,일,전남,여수시,2,0,0,3
2023,설날,2023-01-22,일,전남,영광군,0,0,0,0
2023,설날,2023-01-22,일,전남,영암군,2,0,0,4
2023,설날,2023-01-22,일,전남,완도군,0,0,0,0
2023,설날,2023-01-22,일,전남,장성군,0,0,0,0
2023,설날,2023-01-22,일,전남,장흥군,0,0,0,0
2023,설날,2023-01-22,일,전남,진도군,0,0,0,0
2023,설날,2023-01-22,일,전남,함평군,0,0,0,0
2023,설날,2023-01-22,일,전남,해남군,0,0,0,0
2023,설날,2023-01-22,일,전남,화순군,1,0,0,1
2023,설날,2023-01-22,일,전북,고창군,0,0,0,0
2023,설날,2023-01-22,일,전북,군산시,4,0,1,4
2023,설날,2023-01-22,일,전북,김제시,0,0,0,0
2023,설날,2023-01-22,일,전북,남원시,0,0,0,0
2023,설날,2023-01-22,일,전북,무주군,0,0,0,0
2023,설날,2023-01-22,일,전북,부안군,0,0,0,0
2023,설날,2023-01-22,일,전북,소계,7,0,3,10
2023,설날,2023-01-22,일,전북,순창군,0,0,0,0
2023,설날,2023-01-22,일,전북,완주군,0,0,0,0
2023,설날,2023-01-22,일,전북,익산시,0,0,0,0
2023,설날,2023-01-22,일,전북,임실군,0,0,0,0
2023,설날,2023-01-22,일,전북,장수군,0,0,0,0
2023,설날,2023-01-22,일,전북,전주시,3,0,2,6
2023,설날,2023-01-22,일,전북,정읍시,0,0,0,0
2023,설날,2023-01-22,일,전북,진안군,0,0,0,0
2023,설날,2023-01-22,일,제주,서귀포시,1,0,0,1
2023,설날,2023-01-22,일,제주,소계,8,0,4,14
2023,설날,2023-01-22,일,제주,제주시,7,0,4,13
2023,설날,2023-01-22,일,충남,계룡시,0,0,0,0
2023,설날,2023-01-22,일,충남,공주시,1,0,0,1
2023,설날,2023-01-22,일,충남,금산군,0,0,0,0
2023,설날,2023-01-22,일,충남,논산시,0,0,0,0
2023,설날,2023-01-22,일,충남,당진시,0,0,0,0
2023,설날,2023-01-22,일,충남,보령시,0,0,0,0
2023,설날,2023-01-22,일,충남,부여군,0,0,0,0
2023,설날,2023-01-22,일,충남,서산시,1,1,0,0
2023,설날,2023-01-22,일,충남,서천군,0,0,0,0
2023,설날,2023-01-22,일,충남,소계,4,1,0,3
2023,설날,2023-01-22,일,충남,아산시,0,0,0,0
2023,설날,2023-01-22,일,충남,예산군,1,0,0,1
2023,설날,2023-01-22,일,충남,천안시,1,0,0,1
2023,설날,2023-01-22,일,충남,청양군,0,0,0,0
2023,설날,2023-01-22,일,충남,태안군,0,0,0,0
2023,설날,2023-01-22,일,충남,홍성군,0,0,0,0
2023,설날,2023-01-22,일,충북,괴산군,0,0,0,0
2023,설날,2023-01-22,일,충북,단양군,0,0,0,0
2023,설날,2023-01-22,일,충북,보은군,0,0,0,0
2023,설날,2023-01-22,일,충북,소계,10,0,3,13
2023,설날,2023-01-22,일,충북,영동군,0,0,0,0
2023,설날,2023-01-22,일,충북,옥천군,0,0,0,0
2023,설날,2023-01-22,일,충북,음성군,1,0,0,1
2023,설날,2023-01-22,일,충북,제천시,2,0,0,2
2023,설날,2023-01-22,일,충북,증평군,0,0,0,0
2023,설날,2023-01-22,일,충북,진천군,1,0,0,1
2023,설날,2023-01-22,일,충북,청주시,6,0,3,9
2023,설날,2023-01-22,일,충북,충주시,0,0,0,0
2023,설날,2023-01-23,월,강원,강릉시,0,0,0,0
2023,설날,2023-01-23,월,강원,고성군,0,0,0,0
2023,설날,2023-01-23,월,강원,동해시,0,0,0,0
2023,설날,2023-01-23,월,강원,삼척시,0,0,0,0
2023,설날,2023-01-23,월,강원,소계,13,0,2,25
2023,설날,2023-01-23,월,강원,속초시,0,0,0,0
2023,설날,2023-01-23,월,강원,양구군,0,0,0,0
2023,설날,2023-01-23,월,강원,양양군,0,0,0,0
2023,설날,2023-01-23,월,강원,영월군,0,0,0,0
2023,설날,2023-01-23,월,강원,원주시,7,0,1,12
2023,설날,2023-01-23,월,강원,인제군,0,0,0,0
2023,설날,2023-01-23,월,강원,정선군,0,0,0,0
2023,설날,2023-01-23,월,강원,철원군,0,0,0,0
2023,설날,2023-01-23,월,강원,춘천시,1,0,0,1
2023,설날,2023-01-23,월,강원,태백시,1,0,0,1
2023,설날,2023-01-23,월,강원,평창군,0,0,0,0
2023,설날,2023-01-23,월,강원,홍천군,2,0,1,6
2023,설날,2023-01-23,월,강원,화천군,1,0,0,3
2023,설날,2023-01-23,월,강원,횡성군,1,0,0,2
2023,설날,2023-01-23,월,경기,가평군,1,0,0,1
2023,설날,2023-01-23,월,경기,고양시,1,0,0,1
2023,설날,2023-01-23,월,경기,과천시,0,0,0,0
2023,설날,2023-01-23,월,경기,광명시,0,0,0,0
2023,설날,2023-01-23,월,경기,광주시,2,0,0,2
2023,설날,2023-01-23,월,경기,구리시,0,0,0,0
2023,설날,2023-01-23,월,경기,군포시,1,0,0,1
2023,설날,2023-01-23,월,경기,김포시,5,0,1,12
2023,설날,2023-01-23,월,경기,남양주시,4,0,0,6
2023,설날,2023-01-23,월,경기,동두천시,2,0,0,2
2023,설날,2023-01-23,월,경기,부천시,5,0,0,5
2023,설날,2023-01-23,월,경기,성남시,4,0,0,4
2023,설날,2023-01-23,월,경기,소계,84,1,12,160
2023,설날,2023-01-23,월,경기,수원시,13,0,3,23
2023,설날,2023-01-23,월,경기,시흥시,5,1,1,10
2023,설날,2023-01-23,월,경기,안산시,3,0,0,8
2023,설날,2023-01-23,월,경기,안성시,3,0,1,3
2023,설날,2023-01-23,월,경기,안양시,2,0,0,2
2023,설날,2023-01-23,월,경기,양주시,2,0,0,4
2023,설날,2023-01-23,월,경기,양평군,1,0,0,4
2023,설날,2023-01-23,월,경기,여주시,1,0,0,3
2023,설날,2023-01-23,월,경기,연천군,0,0,0,0
2023,설날,2023-01-23,월,경기,오산시,3,0,0,3
2023,설날,2023-01-23,월,경기,용인시,3,0,1,7
2023,설날,2023-01-23,월,경기,의왕시,0,0,0,0
2023,설날,2023-01-23,월,경기,의정부시,2,0,1,2
2023,설날,2023-01-23,월,경기,이천시,0,0,0,0
2023,설날,2023-01-23,월,경기,파주시,2,0,1,6
2023,설날,2023-01-23,월,경기,평택시,6,0,1,12
2023,설날,2023-01-23,월,경기,포천시,1,0,0,4
2023,설날,2023-01-23,월,경기,하남시,2,0,0,8
2023,설날,2023-01-23,월,경기,화성시,10,0,2,27
2023,설날,2023-01-23,월,경남,거제시,2,0,0,2
2023,설날,2023-01-23,월,경남,거창군,0,0,0,0
2023,설날,2023-01-23,월,경남,고성군,0,0,0,0
2023,설날,2023-01-23,월,경남,김해시,1,0,0,5
2023,설날,2023-01-23,월,경남,남해군,0,0,0,0
2023,설날,2023-01-23,월,경남,밀양시,2,0,1,2
2023,설날,2023-01-23,월,경남,사천시,1,0,0,1
2023,설날,2023-01-23,월,경남,산청군,0,0,0,0
2023,설날,2023-01-23,월,경남,소계,19,0,7,29
2023,설날,2023-01-23,월,경남,양산시,1,0,0,1
2023,설날,2023-01-23,월,경남,의령군,0,0,0,0
2023,설날,2023-01-23,월,경남,진주시,0,0,0,0
2023,설날,2023-01-23,월,경남,창녕군,0,0,0,0
2023,설날,2023-01-23,월,경남,창원시,6,0,2,11
2023,설날,2023-01-23,월,경남,통영시,3,0,1,3
2023,설날,2023-01-23,월,경남,하동군,0,0,0,0
2023,설날,2023-01-23,월,경남,함안군,0,0,0,0
2023,설날,2023-01-23,월,경남,함양군,1,0,1,1
2023,설날,2023-01-23,월,경남,합천군,2,0,2,3
2023,설날,2023-01-23,월,경북,경산시,0,0,0,0
2023,설날,2023-01-23,월,경북,경주시,3,0,1,4
2023,설날,2023-01-23,월,경북,고령군,0,0,0,0
2023,설날,2023-01-23,월,경북,구미시,2,0,1,4
2023,설날,2023-01-23,월,경북,군위군,1,0,0,2
2023,설날,2023-01-23,월,경북,김천시,1,0,0,1
2023,설날,2023-01-23,월,경북,문경시,0,0,0,0
2023,설날,2023-01-23,월,경북,봉화군,1,0,1,1
2023,설날,2023-01-23,월,경북,상주시,1,0,0,2
2023,설날,2023-01-23,월,경북,성주군,0,0,0,0
2023,설날,2023-01-23,월,경북,소계,20,0,9,43
2023,설날,2023-01-23,월,경북,안동시,2,0,2,5
2023,설날,2023-01-23,월,경북,영덕군,1,0,2,4
2023,설날,2023-01-23,월,경북,영양군,0,0,0,0
2023,설날,2023-01-23,월,경북,영주시,0,0,0,0
2023,설날,2023-01-23,월,경북,영천시,1,0,1,2
2023,설날,2023-01-23,월,경북,예천군,0,0,0,0
2023,설날,2023-01-23,월,경북,울릉군,0,0,0,0
2023,설날,2023-01-23,월,경북,울진군,0,0,0,0
2023,설날,2023-01-23,월,경북,의성군,0,0,0,0
2023,설날,2023-01-23,월,경북,청도군,0,0,0,0
2023,설날,2023-01-23,월,경북,청송군,0,0,0,0
2023,설날,2023-01-23,월,경북,칠곡군,3,0,0,5
2023,설날,2023-01-23,월,경북,포항시,4,0,1,13
2023,설날,2023-01-23,월,광주,광산구,5,0,0,7
2023,설날,2023-01-23,월,광주,남구,1,0,1,1
2023,설날,2023-01-23,월,광주,동구,1,0,1,1
2023,설날,2023-01-23,월,광주,북구,5,0,1,6
2023,설날,2023-01-23,월,광주,서구,3,0,0,6
2023,설날,2023-01-23,월,광주,소계,15,0,3,21
2023,설날,2023-01-23,월,대구,군위군,0,0,0,0
2023,설날,2023-01-23,월,대구,남구,1,0,0,2
2023,설날,2023-01-23,월,대구,달서구,2,0,0,3
2023,설날,2023-01-23,월,대구,달성군,0,0,0,0
2023,설날,2023-01-23,월,대구,동구,4,0,0,6
2023,설날,2023-01-23,월,대구,북구,3,0,0,3
2023,설날,2023-01-23,월,대구,서구,2,0,1,2
2023,설날,2023-01-23,월,대구,소계,15,0,2,25
2023,설날,2023-01-23,월,대구,수성구,1,0,1,4
2023,설날,2023-01-23,월,대구,중구,2,0,0,5
2023,설날,2023-01-23,월,대전,대덕구,0,0,0,0
2023,설날,2023-01-23,월,대전,동구,2,0,0,4
2023,설날,2023-01-23,월,대전,서구,8,2,2,13
2023,설날,2023-01-23,월,대전,소계,15,2,3,26
2023,설날,2023-01-23,월,대전,유성구,2,0,0,2
2023,설날,2023-01-23,월,대전,중구,3,0,1,7
2023,설날,2023-01-23,월,부산,강서구,1,0,0,4
2023,설날,2023-01-23,월,부산,금정구,1,0,0,2
2023,설날,2023-01-23,월,부산,기장군,1,0,0,2
2023,설날,2023-01-23,월,부산,남구,1,0,0,1
2023,설날,2023-01-23,월,부산,동구,0,0,0,0
2023,설날,2023-01-23,월,부산,동래구,2,0,1,7
2023,설날,2023-01-23,월,부산,북구,2,0,0,2
2023,설날,2023-01-23,월,부산,사상구,2,0,1,2
2023,설날,2023-01-23,월,부산,사하구,0,0,0,0
2023,설날,2023-01-23,월,부산,서구,0,0,0,0
2023,설날,2023-01-23,월,부산,소계,22,0,4,42
2023,설날,2023-01-23,월,부산,수영구,4,0,1,7
2023,설날,2023-01-23,월,부산,연제구,1,0,0,2
2023,설날,2023-01-23,월,부산,영도구,0,0,0,0
2023,설날,2023-01-23,월,부산,중구,1,0,0,2
2023,설날,2023-01-23,월,부산,진구,4,0,1,7
2023,설날,2023-01-23,월,부산,해운대구,2,0,0,4
2023,설날,2023-01-23,월,서울,강남구,4,0,1,8
2023,설날,2023-01-23,월,서울,강동구,2,0,1,3
2023,설날,2023-01-23,월,서울,강북구,3,0,2,3
2023,설날,2023-01-23,월,서울,강서구,2,0,1,2
2023,설날,2023-01-23,월,서울,관악구,1,0,0,1
2023,설날,2023-01-23,월,서울,광진구,1,0,0,1
2023,설날,2023-01-23,월,서울,구로구,0,0,0,0
2023,설날,2023-01-23,월,서울,금천구,2,0,1,5
2023,설날,2023-01-23,월,서울,노원구,2,0,0,4
2023,설날,2023-01-23,월,서울,도봉구,0,0,0,0
2023,설날,2023-01-23,월,서울,동대문구,2,0,0,3
2023,설날,2023-01-23,월,서울,동작구,3,0,0,3
2023,설날,2023-01-23,월,서울,마포구,2,0,2,3
2023,설날,2023-01-23,월,서울,서대문구,2,0,1,2
2023,설날,2023-01-23,월,서울,서초구,5,0,1,9
2023,설날,2023-01-23,월,서울,성동구,0,0,0,0
2023,설날,2023-01-23,월,서울,성북구,2,0,0,2
2023,설날,2023-01-23,월,서울,소계,52,0,14,83
2023,설날,2023-01-23,월,서울,송파구,3,0,0,8
2023,설날,2023-01-23,월,서울,양천구,3,0,1,5
2023,설날,2023-01-23,월,서울,영등포구,5,0,1,9
2023,설날,2023-01-23,월,서울,용산구,1,0,0,1
2023,설날,2023-01-23,월,서울,은평구,3,0,1,6
2023,설날,2023-01-23,월,서울,종로구,1,0,0,1
2023,설날,2023-01-23,월,서울,중구,2,0,0,2
2023,설날,2023-01-23,월,서울,중랑구,1,0,1,2
2023,설날,2023-01-23,월,세종,세종시,2,0,0,4
2023,설날,2023-01-23,월,세종,소계,2,0,0,4
2023,설날,2023-01-23,월,울산,남구,2,0,0,2
2023,설날,2023-01-23,월,울산,동구,2,0,0,4
2023,설날,2023-01-23,월,울산,북구,0,0,0,0
2023,설날,2023-01-23,월,울산,소계,7,0,1,10
2023,설날,2023-01-23,월,울산,울주군,1,0,0,1
2023,설날,2023-01-23,월,울산,중구,2,0,1,3
2023,설날,2023-01-23,월,인천,강화군,2,1,1,2
2023,설날,2023-01-23,월,인천,계양구,1,0,0,1
2023,설날,2023-01-23,월,인천,남동구,2,0,0,3
2023,설날,2023-01-23,월,인천,동구,0,0,0,0
2023,설날,2023-01-23,월,인천,미추홀구,3,0,1,4
2023,설날,2023-01-23,월,인천,부평구,1,0,0,1
2023,설날,2023-01-23,월,인천,서구,4,0,1,7
2023,설날,2023-01-23,월,인천,소계,14,1,3,19
2023,설날,2023-01-23,월,인천,연수구,0,0,0,0
2023,설날,2023-01-23,월,인천,옹진군,1,0,0,1
2023,설날,2023-01-23,월,인천,중구,0,0,0,0
2023,설날,2023-01-23,월,전국,전국,347,4,81,610
2023,설날,2023-01-23,월,전남,강진군,1,0,4,5
2023,설날,2023-01-23,월,전남,고흥군,2,0,0,9
2023,설날,2023-01-23,월,전남,곡성군,0,0,0,0
2023,설날,2023-01-23,월,전남,광양시,0,0,0,0
2023,설날,2023-01-23,월,전남,구례군,0,0,0,0
2023,설날,2023-01-23,월,전남,나주시,0,0,0,0
2023,설날,2023-01-23,월,전남,담양군,0,0,0,0
2023,설날,2023-01-23,월,전남,목포시,5,0,0,7
2023,설날,2023-01-23,월,전남,무안군,1,0,0,1
2023,설날,2023-01-23,월,전남,보성군,0,0,0,0
2023,설날,2023-01-23,월,전남,소계,22,0,7,46
2023,설날,2023-01-23,월,전남,순천시,3,0,1,10
2023,설날,2023-01-23,월,전남,신안군,0,0,0,0
2023,설날,2023-01-23,월,전남,여수시,5,0,1,6
2023,설날,2023-01-23,월,전남,영광군,0,0,0,0
2023,설날,2023-01-23,월,전남,영암군,0,0,0,0
2023,설날,2023-01-23,월,전남,완도군,2,0,0,2
2023,설날,2023-01-23,월,전남,장성군,0,0,0,0
2023,설날,2023-01-23,월,전남,장흥군,2,0,1,4
2023,설날,2023-01-23,월,전남,진도군,0,0,0,0
2023,설날,2023-01-23,월,전남,함평군,0,0,0,0
2023,설날,2023-01-23,월,전남,해남군,1,0,0,2
2023,설날,2023-01-23,월,전남,화순군,0,0,0,0
2023,설날,2023-01-23,월,전북,고창군,0,0,0,0
2023,설날,2023-01-23,월,전북,군산시,4,0,1,10
2023,설날,2023-01-23,월,전북,김제시,0,0,0,0
2023,설날,2023-01-23,월,전북,남원시,0,0,0,0
2023,설날,2023-01-23,월,전북,무주군,0,0,0,0
2023,설날,2023-01-23,월,전북,부안군,0,0,0,0
2023,설날,2023-01-23,월,전북,소계,11,0,3,17
2023,설날,2023-01-23,월,전북,순창군,0,0,0,0
2023,설날,2023-01-23,월,전북,완주군,0,0,0,0
2023,설날,2023-01-23,월,전북,익산시,3,0,1,3
2023,설날,2023-01-23,월,전북,임실군,0,0,0,0
2023,설날,2023-01-23,월,전북,장수군,0,0,0,0
2023,설날,2023-01-23,월,전북,전주시,3,0,1,3
2023,설날,2023-01-23,월,전북,정읍시,1,0,0,1
2023,설날,2023-01-23,월,전북,진안군,0,0,0,0
2023,설날,2023-01-23,월,제주,서귀포시,3,0,1,3
2023,설날,2023-01-23,월,제주,소계,6,0,3,6
2023,설날,2023-01-23,월,제주,제주시,3,0,2,3
2023,설날,2023-01-23,월,충남,계룡시,1,0,1,3
2023,설날,2023-01-23,월,충남,공주시,1,0,0,5
2023,설날,2023-01-23,월,충남,금산군,0,0,0,0
2023,설날,2023-01-23,월,충남,논산시,0,0,0,0
2023,설날,2023-01-23,월,충남,당진시,1,0,2,4
2023,설날,2023-01-23,월,충남,보령시,2,0,1,2
2023,설날,2023-01-23,월,충남,부여군,0,0,0,0
2023,설날,2023-01-23,월,충남,서산시,1,0,1,4
2023,설날,2023-01-23,월,충남,서천군,0,0,0,0
2023,설날,2023-01-23,월,충남,소계,15,0,7,32
2023,설날,2023-01-23,월,충남,아산시,1,0,0,2
2023,설날,2023-01-23,월,충남,예산군,2,0,0,2
2023,설날,2023-01-23,월,충남,천안시,4,0,1,5
2023,설날,2023-01-23,월,충남,청양군,0,0,0,0
2023,설날,2023-01-23,월,충남,태안군,1,0,0,4
2023,설날,2023-01-23,월,충남,홍성군,1,0,1,1
2023,설날,2023-01-23,월,충북,괴산군,1,0,0,3
2023,설날,2023-01-23,월,충북,단양군,0,0,0,0
2023,설날,2023-01-23,월,충북,보은군,2,0,0,4
2023,설날,2023-01-23,월,충북,소계,15,0,1,22
2023,설날,2023-01-23,월,충북,영동군,0,0,0,0
2023,설날,2023-01-23,월,충북,옥천군,0,0,0,0
2023,설날,2023-01-23,월,충북,음성군,1,0,0,1
2023,설날,2023-01-23,월,충북,제천시,0,0,0,0
2023,설날,2023-01-23,월,충북,증평군,1,0,0,1
2023,설날,2023-01-23,월,충북,진천군,0,0,0,0
2023,설날,2023-01-23,월,충북,청주시,7,0,1,10
2023,설날,2023-01-23,월,충북,충주시,3,0,0,3
2023,설날,2023-01-24,화,강원,강릉시,1,0,0,1
2023,설날,2023-01-24,화,강원,고성군,0,0,0,0
2023,설날,2023-01-24,화,강원,동해시,1,0,0,1
2023,설날,2023-01-24,화,강원,삼척시,0,0,0,0
2023,설날,2023-01-24,화,강원,소계,7,0,2,13
2023,설날,2023-01-24,화,강원,속초시,1,0,1,1
2023,설날,2023-01-24,화,강원,양구군,0,0,0,0
2023,설날,2023-01-24,화,강원,양양군,0,0,0,0
2023,설날,2023-01-24,화,강원,영월군,0,0,0,0
2023,설날,2023-01-24,화,강원,원주시,2,0,0,7
2023,설날,2023-01-24,화,강원,인제군,0,0,0,0
2023,설날,2023-01-24,화,강원,정선군,1,0,1,2
2023,설날,2023-01-24,화,강원,철원군,0,0,0,0
2023,설날,2023-01-24,화,강원,춘천시,1,0,0,1
2023,설날,2023-01-24,화,강원,태백시,0,0,0,0
2023,설날,2023-01-24,화,강원,평창군,0,0,0,0
2023,설날,2023-01-24,화,강원,홍천군,0,0,0,0
2023,설날,2023-01-24,화,강원,화천군,0,0,0,0
2023,설날,2023-01-24,화,강원,횡성군,0,0,0,0
2023,설날,2023-01-24,화,경기,가평군,0,0,0,0
2023,설날,2023-01-24,화,경기,고양시,2,0,0,4
2023,설날,2023-01-24,화,경기,과천시,0,0,0,0
2023,설날,2023-01-24,화,경기,광명시,0,0,0,0
2023,설날,2023-01-24,화,경기,광주시,1,0,1,1
2023,설날,2023-01-24,화,경기,구리시,5,0,0,6
2023,설날,2023-01-24,화,경기,군포시,1,0,1,1
2023,설날,2023-01-24,화,경기,김포시,2,0,0,4
2023,설날,2023-01-24,화,경기,남양주시,3,0,0,3
2023,설날,2023-01-24,화,경기,동두천시,2,0,0,3
2023,설날,2023-01-24,화,경기,부천시,2,0,1,2
2023,설날,2023-01-24,화,경기,성남시,4,0,0,5
2023,설날,2023-01-24,화,경기,소계,65,0,14,94
2023,설날,2023-01-24,화,경기,수원시,7,0,0,13
2023,설날,2023-01-24,화,경기,시흥시,4,0,0,6
2023,설날,2023-01-24,화,경기,안산시,5,0,0,5
2023,설날,2023-01-24,화,경기,안성시,1,0,0,1
2023,설날,2023-01-24,화,경기,안양시,3,0,2,6
2023,설날,2023-01-24,화,경기,양주시,1,0,1,1
2023,설날,2023-01-24,화,경기,양평군,0,0,0,0
2023,설날,2023-01-24,화,경기,여주시,0,0,0,0
2023,설날,2023-01-24,화,경기,연천군,0,0,0,0
2023,설날,2023-01-24,화,경기,오산시,1,0,0,1
2023,설날,2023-01-24,화,경기,용인시,2,0,0,5
2023,설날,2023-01-24,화,경기,의왕시,0,0,0,0
2023,설날,2023-01-24,화,경기,의정부시,3,0,2,3
2023,설날,2023-01-24,화,경기,이천시,2,0,0,4
2023,설날,2023-01-24,화,경기,파주시,3,0,1,4
2023,설날,2023-01-24,화,경기,평택시,4,0,2,6
2023,설날,2023-01-24,화,경기,포천시,1,0,0,1
2023,설날,2023-01-24,화,경기,하남시,4,0,3,7
2023,설날,2023-01-24,화,경기,화성시,2,0,0,2
2023,설날,2023-01-24,화,경남,거제시,3,0,1,4
2023,설날,2023-01-24,화,경남,거창군,1,0,1,1
2023,설날,2023-01-24,화,경남,고성군,0,0,0,0
2023,설날,2023-01-24,화,경남,김해시,0,0,0,0
2023,설날,2023-01-24,화,경남,남해군,0,0,0,0
2023,설날,2023-01-24,화,경남,밀양시,1,0,1,1
2023,설날,2023-01-24,화,경남,사천시,1,0,0,1
2023,설날,2023-01-24,화,경남,산청군,0,0,0,0
2023,설날,2023-01-24,화,경남,소계,19,2,7,24
2023,설날,2023-01-24,화,경남,양산시,4,1,1,6
2023,설날,2023-01-24,화,경남,의령군,0,0,0,0
2023,설날,2023-01-24,화,경남,진주시,1,1,0,0
2023,설날,2023-01-24,화,경남,창녕군,0,0,0,0
2023,설날,2023-01-24,화,경남,창원시,6,0,3,8
2023,설날,2023-01-24,화,경남,통영시,2,0,0,3
2023,설날,2023-01-24,화,경남,하동군,0,0,0,0
2023,설날,2023-01-24,화,경남,함안군,0,0,0,0
2023,설날,2023-01-24,화,경남,함양군,0,0,0,0
2023,설날,2023-01-24,화,경남,합천군,0,0,0,0
2023,설날,2023-01-24,화,경북,경산시,4,1,0,3
2023,설날,2023-01-24,화,경북,경주시,1,0,0,1
2023,설날,2023-01-24,화,경북,고령군,0,0,0,0
2023,설날,2023-01-24,화,경북,구미시,6,0,0,8
2023,설날,2023-01-24,화,경북,군위군,0,0,0,0
2023,설날,2023-01-24,화,경북,김천시,0,0,0,0
2023,설날,2023-01-24,화,경북,문경시,1,0,0,1
2023,설날,2023-01-24,화,경북,봉화군,0,0,0,0
2023,설날,2023-01-24,화,경북,상주시,0,0,0,0
2023,설날,2023-01-24,화,경북,성주군,0,0,0,0
2023,설날,2023-01-24,화,경북,소계,19,1,2,22
2023,설날,2023-01-24,화,경북,안동시,0,0,0,0
2023,설날,2023-01-24,화,경북,영덕군,0,0,0,0
2023,설날,2023-01-24,화,경북,영양군,0,0,0,0
2023,설날,2023-01-24,화,경북,영주시,0,0,0,0
2023,설날,2023-01-24,화,경북,영천시,0,0,0,0
2023,설날,2023-01-24,화,경북,예천군,0,0,0,0
2023,설날,2023-01-24,화,경북,울릉군,0,0,0,0
2023,설날,2023-01-24,화,경북,울진군,0,0,0,0
2023,설날,2023-01-24,화,경북,의성군,0,0,0,0
2023,설날,2023-01-24,화,경북,청도군,0,0,0,0
2023,설날,2023-01-24,화,경북,청송군,0,0,0,0
2023,설날,2023-01-24,화,경북,칠곡군,1,0,1,2
2023,설날,2023-01-24,화,경북,포항시,6,0,1,7
2023,설날,2023-01-24,화,광주,광산구,6,0,0,10
2023,설날,2023-01-24,화,광주,남구,1,0,0,1
2023,설날,2023-01-24,화,광주,동구,0,0,0,0
2023,설날,2023-01-24,화,광주,북구,5,0,0,10
2023,설날,2023-01-24,화,광주,서구,2,0,0,2
2023,설날,2023-01-24,화,광주,소계,14,0,0,23
2023,설날,2023-01-24,화,대구,군위군,0,0,0,0
2023,설날,2023-01-24,화,대구,남구,0,0,0,0
2023,설날,2023-01-24,화,대구,달서구,6,0,1,11
2023,설날,2023-01-24,화,대구,달성군,1,0,0,1
2023,설날,2023-01-24,화,대구,동구,0,0,0,0
2023,설날,2023-01-24,화,대구,북구,4,0,1,5
2023,설날,2023-01-24,화,대구,서구,4,0,0,5
2023,설날,2023-01-24,화,대구,소계,18,0,4,26
2023,설날,2023-01-24,화,대구,수성구,3,0,2,4
2023,설날,2023-01-24,화,대구,중구,0,0,0,0
2023,설날,2023-01-24,화,대전,대덕구,1,0,0,1
2023,설날,2023-01-24,화,대전,동구,0,0,0,0
2023,설날,2023-01-24,화,대전,서구,8,0,1,8
2023,설날,2023-01-24,화,대전,소계,12,0,1,13
2023,설날,2023-01-24,화,대전,유성구,2,0,0,3
2023,설날,2023-01-24,화,대전,중구,1,0,0,1
2023,설날,2023-01-24,화,부산,강서구,1,0,0,1
2023,설날,2023-01-24,화,부산,금정구,1,0,0,2
2023,설날,2023-01-24,화,부산,기장군,0,0,0,0
2023,설날,2023-01-24,화,부산,남구,0,0,0,0
2023,설날,2023-01-24,화,부산,동구,2,0,0,2
2023,설날,2023-01-24,화,부산,동래구,1,0,0,1
2023,설날,2023-01-24,화,부산,북구,0,0,0,0
2023,설날,2023-01-24,화,부산,사상구,1,0,0,1
2023,설날,2023-01-24,화,부산,사하구,2,0,0,3
2023,설날,2023-01-24,화,부산,서구,1,0,1,1
2023,설날,2023-01-24,화,부산,소계,15,0,2,18
2023,설날,2023-01-24,화,부산,수영구,1,0,1,1
2023,설날,2023-01-24,화,부산,연제구,0,0,0,0
2023,설날,2023-01-24,화,부산,영도구,1,0,0,1
2023,설날,2023-01-24,화,부산,중구,0,0,0,0
2023,설날,2023-01-24,화,부산,진구,3,0,0,3
2023,설날,2023-01-24,화,부산,해운대구,1,0,0,2
2023,설날,2023-01-24,화,서울,강남구,1,0,0,6
2023,설날,2023-01-24,화,서울,강동구,2,0,0,2
2023,설날,2023-01-24,화,서울,강북구,0,0,0,0
2023,설날,2023-01-24,화,서울,강서구,0,0,0,0
2023,설날,2023-01-24,화,서울,관악구,2,0,0,2
2023,설날,2023-01-24,화,서울,광진구,1,0,1,3
2023,설날,2023-01-24,화,서울,구로구,1,0,1,1
2023,설날,2023-01-24,화,서울,금천구,2,0,0,3
2023,설날,2023-01-24,화,서울,노원구,1,0,0,1
2023,설날,2023-01-24,화,서울,도봉구,1,0,0,1
2023,설날,2023-01-24,화,서울,동대문구,5,0,1,5
2023,설날,2023-01-24,화,서울,동작구,4,0,2,9
2023,설날,2023-01-24,화,서울,마포구,1,0,0,1
2023,설날,2023-01-24,화,서울,서대문구,3,0,2,5
2023,설날,2023-01-24,화,서울,서초구,1,0,0,1
2023,설날,2023-01-24,화,서울,성동구,1,0,0,1
2023,설날,2023-01-24,화,서울,성북구,2,0,0,5
2023,설날,2023-01-24,화,서울,소계,46,0,11,83
2023,설날,2023-01-24,화,서울,송파구,4,0,0,6
2023,설날,2023-01-24,화,서울,양천구,3,0,2,11
2023,설날,2023-01-24,화,서울,영등포구,3,0,0,12
2023,설날,2023-01-24,화,서울,용산구,2,0,0,2
2023,설날,2023-01-24,화,서울,은평구,2,0,0,2
2023,설날,2023-01-24,화,서울,종로구,0,0,0,0
2023,설날,2023-01-24,화,서울,중구,0,0,0,0
2023,설날,2023-01-24,화,서울,중랑구,4,0,2,4
2023,설날,2023-01-24,화,세종,세종시,0,0,0,0
2023,설날,2023-01-24,화,세종,소계,0,0,0,0
2023,설날,2023-01-24,화,울산,남구,3,0,2,3
2023,설날,2023-01-24,화,울산,동구,0,0,0,0
2023,설날,2023-01-24,화,울산,북구,1,0,1,1
2023,설날,2023-01-24,화,울산,소계,8,0,5,11
2023,설날,2023-01-24,화,울산,울주군,3,0,1,6
2023,설날,2023-01-24,화,울산,중구,1,0,1,1
2023,설날,2023-01-24,화,인천,강화군,0,0,0,0
2023,설날,2023-01-24,화,인천,계양구,0,0,0,0
2023,설날,2023-01-24,화,인천,남동구,5,0,0,5
2023,설날,2023-01-24,화,인천,동구,0,0,0,0
2023,설날,2023-01-24,화,인천,미추홀구,1,0,0,1
2023,설날,2023-01-24,화,인천,부평구,3,0,1,8
2023,설날,2023-01-24,화,인천,서구,3,0,1,4
2023,설날,2023-01-24,화,인천,소계,14,0,2,22
2023,설날,2023-01-24,화,인천,연수구,2,0,0,4
2023,설날,2023-01-24,화,인천,옹진군,0,0,0,0
2023,설날,2023-01-24,화,인천,중구,0,0,0,0
2023,설날,2023-01-24,화,전국,전국,294,6,63,452
2023,설날,2023-01-24,화,전남,강진군,4,0,0,24
2023,설날,2023-01-24,화,전남,고흥군,0,0,0,0
2023,설날,2023-01-24,화,전남,곡성군,0,0,0,0
2023,설날,2023-01-24,화,전남,광양시,0,0,0,0
2023,설날,2023-01-24,화,전남,구례군,0,0,0,0
2023,설날,2023-01-24,화,전남,나주시,3,2,0,5
2023,설날,2023-01-24,화,전남,담양군,0,0,0,0
2023,설날,2023-01-24,화,전남,목포시,1,0,0,1
2023,설날,2023-01-24,화,전남,무안군,1,0,1,2
2023,설날,2023-01-24,화,전남,보성군,0,0,0,0
2023,설날,2023-01-24,화,전남,소계,17,2,2,45
2023,설날,2023-01-24,화,전남,순천시,2,0,0,3
2023,설날,2023-01-24,화,전남,신안군,0,0,0,0
2023,설날,2023-01-24,화,전남,여수시,0,0,0,0
2023,설날,2023-01-24,화,전남,영광군,0,0,0,0
2023,설날,2023-01-24,화,전남,영암군,2,0,0,6
2023,설날,2023-01-24,화,전남,완도군,1,0,0,1
2023,설날,2023-01-24,화,전남,장성군,0,0,0,0
2023,설날,2023-01-24,화,전남,장흥군,2,0,0,2
2023,설날,2023-01-24,화,전남,진도군,0,0,0,0
2023,설날,2023-01-24,화,전남,함평군,0,0,0,0
2023,설날,2023-01-24,화,전남,해남군,1,0,1,1
2023,설날,2023-01-24,화,전남,화순군,0,0,0,0
2023,설날,2023-01-24,화,전북,고창군,1,0,1,1
2023,설날,2023-01-24,화,전북,군산시,2,0,1,2
2023,설날,2023-01-24,화,전북,김제시,1,0,0,1
2023,설날,2023-01-24,화,전북,남원시,0,0,0,0
2023,설날,2023-01-24,화,전북,무주군,0,0,0,0
2023,설날,2023-01-24,화,전북,부안군,0,0,0,0
2023,설날,2023-01-24,화,전북,소계,4,0,2,4
2023,설날,2023-01-24,화,전북,순창군,0,0,0,0
2023,설날,2023-01-24,화,전북,완주군,0,0,0,0
2023,설날,2023-01-24,화,전북,익산시,0,0,0,0
2023,설날,2023-01-24,화,전북,임실군,0,0,0,0
2023,설날,2023-01-24,화,전북,장수군,0,0,0,0
2023,설날,2023-01-24,화,전북,전주시,0,0,0,0
2023,설날,2023-01-24,화,전북,정읍시,0,0,0,0
2023,설날,2023-01-24,화,전북,진안군,0,0,0,0
2023,설날,2023-01-24,화,제주,서귀포시,5,0,0,8
2023,설날,2023-01-24,화,제주,소계,10,0,3,19
2023,설날,2023-01-24,화,제주,제주시,5,0,3,11
2023,설날,2023-01-24,화,충남,계룡시,0,0,0,0
2023,설날,2023-01-24,화,충남,공주시,1,0,0,1
2023,설날,2023-01-24,화,충남,금산군,2,1,0,1
2023,설날,2023-01-24,화,충남,논산시,0,0,0,0
2023,설날,2023-01-24,화,충남,당진시,0,0,0,0
2023,설날,2023-01-24,화,충남,보령시,0,0,0,0
2023,설날,2023-01-24,화,충남,부여군,0,0,0,0
2023,설날,2023-01-24,화,충남,서산시,0,0,0,0
2023,설날,2023-01-24,화,충남,서천군,1,0,1,2
2023,설날,2023-01-24,화,충남,소계,10,1,2,10
2023,설날,2023-01-24,화,충남,아산시,0,0,0,0
2023,설날,2023-01-24,화,충남,예산군,0,0,0,0
2023,설날,2023-01-24,화,충남,천안시,5,0,1,5
2023,설날,2023-01-24,화,충남,청양군,1,0,0,1
2023,설날,2023-01-24,화,충남,태안군,0,0,0,0
2023,설날,2023-01-24,화,충남,홍성군,0,0,0,0
2023,설날,2023-01-24,화,충북,괴산군,1,0,0,3
2023,설날,2023-01-24,화,충북,단양군,0,0,0,0
2023,설날,2023-01-24,화,충북,보은군,0,0,0,0
2023,설날,2023-01-24,화,충북,소계,16,0,4,25
2023,설날,2023-01-24,화,충북,영동군,0,0,0,0
2023,설날,2023-01-24,화,충북,옥천군,0,0,0,0
2023,설날,2023-01-24,화,충북,음성군,1,0,0,1
2023,설날,2023-01-24,화,충북,제천시,0,0,0,0
2023,설날,2023-01-24,화,충북,증평군,0,0,0,0
2023,설날,2023-01-24,화,충북,진천군,1,0,1,3
2023,설날,2023-01-24,화,충북,청주시,11,0,3,16
2023,설날,2023-01-24,화,충북,충주시,2,0,0,2
2023,추석,2023-09-28,목,강원,강릉시,2,0,1,4
2023,추석,2023-09-28,목,강원,고성군,0,0,0,0
2023,추석,2023-09-28,목,강원,동해시,2,0,0,3
2023,추석,2023-09-28,목,강원,삼척시,0,0,0,0
2023,추석,2023-09-28,목,강원,소계,14,0,5,28
2023,추석,2023-09-28,목,강원,속초시,0,0,0,0
2023,추석,2023-09-28,목,강원,양구군,0,0,0,0
2023,추석,2023-09-28,목,강원,양양군,1,0,1,1
2023,추석,2023-09-28,목,강원,영월군,1,0,0,1
2023,추석,2023-09-28,목,강원,원주시,3,0,2,6
2023,추석,2023-09-28,목,강원,인제군,0,0,0,0
2023,추석,2023-09-28,목,강원,정선군,0,0,0,0
2023,추석,2023-09-28,목,강원,철원군,0,0,0,0
2023,추석,2023-09-28,목,강원,춘천시,3,0,1,9
2023,추석,2023-09-28,목,강원,태백시,0,0,0,0
2023,추석,2023-09-28,목,강원,평창군,1,0,0,3
2023,추석,2023-09-28,목,강원,홍천군,0,0,0,0
2023,추석,2023-09-28,목,강원,화천군,0,0,0,0
2023,추석,2023-09-28,목,강원,횡성군,1,0,0,1
2023,추석,2023-09-28,목,경기,가평군,1,0,0,1
2023,추석,2023-09-28,목,경기,고양시,10,0,2,17
2023,추석,2023-09-28,목,경기,과천시,0,0,0,0
2023,추석,2023-09-28,목,경기,광명시,4,0,0,6
2023,추석,2023-09-28,목,경기,광주시,3,0,0,3
2023,추석,2023-09-28,목,경기,구리시,0,0,0,0
2023,추석,2023-09-28,목,경기,군포시,3,0,1,7
2023,추석,2023-09-28,목,경기,김포시,4,0,1,5
2023,추석,2023-09-28,목,경기,남양주시,4,0,0,5
2023,추석,2023-09-28,목,경기,동두천시,0,0,0,0
2023,추석,2023-09-28,목,경기,부천시,8,0,1,8
2023,추석,2023-09-28,목,경기,성남시,7,0,0,8
2023,추석,2023-09-28,목,경기,소계,105,1,21,162
2023,추석,2023-09-28,목,경기,수원시,4,1,0,5
2023,추석,2023-09-28,목,경기,시흥시,6,0,2,13
2023,추석,2023-09-28,목,경기,안산시,4,0,1,8
2023,추석,2023-09-28,목,경기,안성시,2,0,2,5
2023,추석,2023-09-28,목,경기,안양시,1,0,1,1
2023,추석,2023-09-28,목,경기,양주시,3,0,1,3
2023,추석,2023-09-28,목,경기,양평군,2,0,0,2
2023,추석,2023-09-28,목,경기,여주시,1,0,0,1
2023,추석,2023-09-28,목,경기,연천군,1,0,0,2
2023,추석,2023-09-28,목,경기,오산시,2,0,0,3
2023,추석,2023-09-28,목,경기,용인시,7,0,1,9
2023,추석,2023-09-28,목,경기,의왕시,1,0,0,2
2023,추석,2023-09-28,목,경기,의정부시,4,0,0,4
2023,추석,2023-09-28,목,경기,이천시,2,0,0,7
2023,추석,2023-09-28,목,경기,파주시,4,0,3,6
2023,추석,2023-09-28,목,경기,평택시,5,0,0,7
2023,추석,2023-09-28,목,경기,포천시,1,0,1,3
2023,추석,2023-09-28,목,경기,하남시,5,0,2,7
2023,추석,2023-09-28,목,경기,화성시,6,0,2,14
2023,추석,2023-09-28,목,경남,거제시,5,0,1,9
2023,추석,2023-09-28,목,경남,거창군,0,0,0,0
2023,추석,2023-09-28,목,경남,고성군,0,0,0,0
2023,추석,2023-09-28,목,경남,김해시,2,0,0,8
2023,추석,2023-09-28,목,경남,남해군,2,0,1,4
2023,추석,2023-09-28,목,경남,밀양시,1,0,0,1
2023,추석,2023-09-28,목,경남,사천시,2,0,1,2
2023,추석,2023-09-28,목,경남,산청군,0,0,0,0
2023,추석,2023-09-28,목,경남,소계,29,0,11,48
2023,추석,2023-09-28,목,경남,양산시,4,0,2,5
2023,추석,2023-09-28,목,경남,의령군,1,0,1,1
2023,추석,2023-09-28,목,경남,진주시,1,0,1,2
2023,추석,2023-09-28,목,경남,창녕군,1,0,1,2
2023,추석,2023-09-28,목,경남,창원시,3,0,1,4
2023,추석,2023-09-28,목,경남,통영시,3,0,2,5
2023,추석,2023-09-28,목,경남,하동군,0,0,0,0
2023,추석,2023-09-28,목,경남,함안군,0,0,0,0
2023,추석,2023-09-28,목,경남,함양군,2,0,0,3
2023,추석,2023-09-28,목,경남,합천군,2,0,0,2
2023,추석,2023-09-28,목,경북,경산시,3,1,0,3
2023,추석,2023-09-28,목,경북,경주시,5,1,1,5
2023,추석,2023-09-28,목,경북,고령군,0,0,0,0
2023,추석,2023-09-28,목,경북,구미시,5,0,2,6
2023,추석,2023-09-28,목,경북,군위군,0,0,0,0
2023,추석,2023-09-28,목,경북,김천시,1,0,0,1
2023,추석,2023-09-28,목,경북,문경시,2,0,1,2
2023,추석,2023-09-28,목,경북,봉화군,0,0,0,0
2023,추석,2023-09-28,목,경북,상주시,1,0,1,1
2023,추석,2023-09-28,목,경북,성주군,0,0,0,0
2023,추석,2023-09-28,목,경북,소계,38,2,11,48
2023,추석,2023-09-28,목,경북,안동시,2,0,2,6
2023,추석,2023-09-28,목,경북,영덕군,1,0,0,1
2023,추석,2023-09-28,목,경북,영양군,0,0,0,0
2023,추석,2023-09-28,목,경북,영주시,3,0,2,4
2023,추석,2023-09-28,목,경북,영천시,2,0,0,2
2023,추석,2023-09-28,목,경북,예천군,0,0,0,0
2023,추석,2023-09-28,목,경북,울릉군,0,0,0,0
2023,추석,2023-09-28,목,경북,울진군,0,0,0,0
2023,추석,2023-09-28,목,경북,의성군,1,0,0,1
2023,추석,2023-09-28,목,경북,청도군,0,0,0,0
2023,추석,2023-09-28,목,경북,청송군,0,0,0,0
2023,추석,2023-09-28,목,경북,칠곡군,1,0,0,1
2023,추석,2023-09-28,목,경북,포항시,11,0,2,15
2023,추석,2023-09-28,목,광주,광산구,3,0,1,3
2023,추석,2023-09-28,목,광주,남구,2,0,0,3
2023,추석,2023-09-28,목,광주,동구,2,0,0,4
2023,추석,2023-09-28,목,광주,북구,7,0,1,11
2023,추석,2023-09-28,목,광주,서구,6,0,0,7
2023,추석,2023-09-28,목,광주,소계,20,0,2,28
2023,추석,2023-09-28,목,대구,군위군,0,0,0,0
2023,추석,2023-09-28,목,대구,남구,0,0,0,0
2023,추석,2023-09-28,목,대구,달서구,4,0,0,5
2023,추석,2023-09-28,목,대구,달성군,3,0,1,6
2023,추석,2023-09-28,목,대구,동구,6,0,3,7
2023,추석,2023-09-28,목,대구,북구,4,0,2,5
2023,추석,2023-09-28,목,대구,서구,1,0,1,1
2023,추석,2023-09-28,목,대구,소계,24,0,7,31
2023,추석,2023-09-28,목,대구,수성구,6,0,0,7
2023,추석,2023-09-28,목,대구,중구,0,0,0,0
2023,추석,2023-09-28,목,대전,대덕구,5,0,1,10
2023,추석,2023-09-28,목,대전,동구,4,0,2,8
2023,추석,2023-09-28,목,대전,서구,7,2,1,12
2023,추석,2023-09-28,목,대전,소계,25,2,4,53
2023,추석,2023-09-28,목,대전,유성구,5,0,0,18
2023,추석,2023-09-28,목,대전,중구,4,0,0,5
2023,추석,2023-09-28,목,부산,강서구,1,0,3,9
2023,추석,2023-09-28,목,부산,금정구,2,0,0,2
2023,추석,2023-09-28,목,부산,기장군,0,0,0,0
2023,추석,2023-09-28,목,부산,남구,2,0,0,2
2023,추석,2023-09-28,목,부산,동구,0,0,0,0
2023,추석,2023-09-28,목,부산,동래구,3,0,0,3
2023,추석,2023-09-28,목,부산,북구,1,0,3,3
2023,추석,2023-09-28,목,부산,사상구,1,0,0,1
2023,추석,2023-09-28,목,부산,사하구,1,0,1,1
2023,추석,2023-09-28,목,부산,서구,2,0,0,3
2023,추석,2023-09-28,목,부산,소계,22,0,9,35
2023,추석,2023-09-28,목,부산,수영구,1,0,0,1
2023,추석,2023-09-28,목,부산,연제구,1,0,0,1
2023,추석,2023-09-28,목,부산,영도구,0,0,0,0
2023,추석,2023-09-28,목,부산,중구,1,0,0,1
2023,추석,2023-09-28,목,부산,진구,3,0,0,3
2023,추석,2023-09-28,목,부산,해운대구,3,0,2,5
2023,추석,2023-09-28,목,서울,강남구,4,0,1,5
2023,추석,2023-09-28,목,서울,강동구,2,0,1,2
2023,추석,2023-09-28,목,서울,강북구,4,0,0,6
2023,추석,2023-09-28,목,서울,강서구,4,0,2,5
2023,추석,2023-09-28,목,서울,관악구,4,0,4,8
2023,추석,2023-09-28,목,서울,광진구,1,0,0,1
2023,추석,2023-09-28,목,서울,구로구,3,0,1,4
2023,추석,2023-09-28,목,서울,금천구,0,0,0,0
2023,추석,2023-09-28,목,서울,노원구,3,0,0,3
2023,추석,2023-09-28,목,서울,도봉구,1,0,1,1
2023,추석,2023-09-28,목,서울,동대문구,1,0,0,3
2023,추석,2023-09-28,목,서울,동작구,4,0,3,4
2023,추석,2023-09-28,목,서울,마포구,2,0,0,3
2023,추석,2023-09-28,목,서울,서대문구,2,0,1,5
2023,추석,2023-09-28,목,서울,서초구,5,0,2,9
2023,추석,2023-09-28,목,서울,성동구,2,0,0,2
2023,추석,2023-09-28,목,서울,성북구,1,0,0,1
2023,추석,2023-09-28,목,서울,소계,63,1,21,85
2023,추석,2023-09-28,목,서울,송파구,5,0,2,5
2023,추석,2023-09-28,목,서울,양천구,1,0,0,1
2023,추석,2023-09-28,목,서울,영등포구,4,0,0,5
2023,추석,2023-09-28,목,서울,용산구,4,1,0,4
2023,추석,2023-09-28,목,서울,은평구,1,0,0,1
2023,추석,2023-09-28,목,서울,종로구,3,0,1,5
2023,추석,2023-09-28,목,서울,중구,0,0,0,0
2023,추석,2023-09-28,목,서울,중랑구,2,0,2,2
2023,추석,2023-09-28,목,세종,세종시,3,0,0,5
2023,추석,2023-09-28,목,세종,소계,3,0,0,5
2023,추석,2023-09-28,목,울산,남구,1,0,0,1
2023,추석,2023-09-28,목,울산,동구,1,0,0,1
2023,추석,2023-09-28,목,울산,북구,1,0,1,2
2023,추석,2023-09-28,목,울산,소계,7,0,3,11
2023,추석,2023-09-28,목,울산,울주군,1,0,0,4
2023,추석,2023-09-28,목,울산,중구,3,0,2,3
2023,추석,2023-09-28,목,인천,강화군,0,0,0,0
2023,추석,2023-09-28,목,인천,계양구,1,0,0,1
2023,추석,2023-09-28,목,인천,남동구,4,0,0,6
2023,추석,2023-09-28,목,인천,동구,1,0,0,1
2023,추석,2023-09-28,목,인천,미추홀구,4,0,2,10
2023,추석,2023-09-28,목,인천,부평구,3,0,2,7
2023,추석,2023-09-28,목,인천,서구,2,0,1,2
2023,추석,2023-09-28,목,인천,소계,20,0,6,37
2023,추석,2023-09-28,목,인천,연수구,1,0,0,2
2023,추석,2023-09-28,목,인천,옹진군,0,0,0,0
2023,추석,2023-09-28,목,인천,중구,4,0,1,8
2023,추석,2023-09-28,목,전국,전국,461,7,142,738
2023,추석,2023-09-28,목,전남,강진군,0,0,0,0
2023,추석,2023-09-28,목,전남,고흥군,2,0,2,3
2023,추석,2023-09-28,목,전남,곡성군,0,0,0,0
2023,추석,2023-09-28,목,전남,광양시,2,0,3,5
2023,추석,2023-09-28,목,전남,구례군,0,0,0,0
2023,추석,2023-09-28,목,전남,나주시,2,0,1,3
2023,추석,2023-09-28,목,전남,담양군,0,0,0,0
2023,추석,2023-09-28,목,전남,목포시,6,0,1,8
2023,추석,2023-09-28,목,전남,무안군,2,0,1,4
2023,추석,2023-09-28,목,전남,보성군,0,0,0,0
2023,추석,2023-09-28,목,전남,소계,26,1,14,39
2023,추석,2023-09-28,목,전남,순천시,5,0,1,6
2023,추석,2023-09-28,목,전남,신안군,0,0,0,0
2023,추석,2023-09-28,목,전남,여수시,1,0,2,2
2023,추석,2023-09-28,목,전남,영광군,1,0,0,2
2023,추석,2023-09-28,목,전남,영암군,1,1,0,0
2023,추석,2023-09-28,목,전남,완도군,0,0,0,0
2023,추석,2023-09-28,목,전남,장성군,1,0,1,1
2023,추석,2023-09-28,목,전남,장흥군,1,0,0,1
2023,추석,2023-09-28,목,전남,진도군,1,0,1,1
2023,추석,2023-09-28,목,전남,함평군,0,0,0,0
2023,추석,2023-09-28,목,전남,해남군,0,0,0,0
2023,추석,2023-09-28,목,전남,화순군,1,0,1,3
2023,추석,2023-09-28,목,전북,고창군,0,0,0,0
2023,추석,2023-09-28,목,전북,군산시,1,0,0,2
2023,추석,2023-09-28,목,전북,김제시,0,0,0,0
2023,추석,2023-09-28,목,전북,남원시,0,0,0,0
2023,추석,2023-09-28,목,전북,무주군,0,0,0,0
2023,추석,2023-09-28,목,전북,부안군,0,0,0,0
2023,추석,2023-09-28,목,전북,소계,8,0,1,15
2023,추석,2023-09-28,목,전북,순창군,0,0,0,0
2023,추석,2023-09-28,목,전북,완주군,0,0,0,0
2023,추석,2023-09-28,목,전북,익산시,1,0,0,3
2023,추석,2023-09-28,목,전북,임실군,0,0,0,0
2023,추석,2023-09-28,목,전북,장수군,0,0,0,0
2023,추석,2023-09-28,목,전북,전주시,3,0,0,7
2023,추석,2023-09-28,목,전북,정읍시,3,0,1,3
2023,추석,2023-09-28,목,전북,진안군,0,0,0,0
2023,추석,2023-09-28,목,제주,서귀포시,3,0,1,3
2023,추석,2023-09-28,목,제주,소계,8,0,2,8
2023,추석,2023-09-28,목,제주,제주시,5,0,1,5
2023,추석,2023-09-28,목,충남,계룡시,1,0,1,2
2023,추석,2023-09-28,목,충남,공주시,2,0,1,7
2023,추석,2023-09-28,목,충남,금산군,1,0,1,3
2023,추석,2023-09-28,목,충남,논산시,2,0,2,5
2023,추석,2023-09-28,목,충남,당진시,0,0,0,0
2023,추석,2023-09-28,목,충남,보령시,0,0,0,0
2023,추석,2023-09-28,목,충남,부여군,0,0,0,0
2023,추석,2023-09-28,목,충남,서산시,2,0,1,2
2023,추석,2023-09-28,목,충남,서천군,0,0,0,0
2023,추석,2023-09-28,목,충남,소계,23,0,14,49
2023,추석,2023-09-28,목,충남,아산시,3,0,0,10
2023,추석,2023-09-28,목,충남,예산군,1,0,1,2
2023,추석,2023-09-28,목,충남,천안시,7,0,2,10
2023,추석,2023-09-28,목,충남,청양군,2,0,2,5
2023,추석,2023-09-28,목,충남,태안군,2,0,3,3
2023,추석,2023-09-28,목,충남,홍성군,0,0,0,0
2023,추석,2023-09-28,목,충북,괴산군,3,0,2,17
2023,추석,2023-09-28,목,충북,단양군,1,0,0,1
2023,추석,2023-09-28,목,충북,보은군,2,0,5,5
2023,추석,2023-09-28,목,충북,소계,26,0,11,56
2023,추석,2023-09-28,목,충북,영동군,0,0,0,0
2023,추석,2023-09-28,목,충북,옥천군,0,0,0,0
2023,추석,2023-09-28,목,충북,음성군,0,0,0,0
2023,추석,2023-09-28,목,충북,제천시,3,0,0,3
2023,추석,2023-09-28,목,충북,증평군,1,0,0,1
2023,추석,2023-09-28,목,충북,진천군,2,0,0,3
2023,추석,2023-09-28,목,충북,청주시,12,0,3,22
2023,추석,2023-09-28,목,충북,충주시,2,0,1,4
2023,추석,2023-09-29,금,강원,강릉시,3,0,0,7
2023,추석,2023-09-29,금,강원,고성군,1,0,2,2
2023,추석,2023-09-29,금,강원,동해시,0,0,0,0
2023,추석,2023-09-29,금,강원,삼척시,0,0,0,0
2023,추석,2023-09-29,금,강원,소계,12,0,4,19
2023,추석,2023-09-29,금,강원,속초시,1,0,0,1
2023,추석,2023-09-29,금,강원,양구군,1,0,0,1
2023,추석,2023-09-29,금,강원,양양군,0,0,0,0
2023,추석,2023-09-29,금,강원,영월군,0,0,0,0
2023,추석,2023-09-29,금,강원,원주시,1,0,0,2
2023,추석,2023-09-29,금,강원,인제군,0,0,0,0
2023,추석,2023-09-29,금,강원,정선군,0,0,0,0
2023,추석,2023-09-29,금,강원,철원군,0,0,0,0
2023,추석,2023-09-29,금,강원,춘천시,2,0,0,2
2023,추석,2023-09-29,금,강원,태백시,0,0,0,0
2023,추석,2023-09-29,금,강원,평창군,2,0,1,3
2023,추석,2023-09-29,금,강원,홍천군,1,0,1,1
2023,추석,2023-09-29,금,강원,화천군,0,0,0,0
2023,추석,2023-09-29,금,강원,횡성군,0,0,0,0
2023,추석,2023-09-29,금,경기,가평군,0,0,0,0
2023,추석,2023-09-29,금,경기,고양시,1,0,0,1
2023,추석,2023-09-29,금,경기,과천시,0,0,0,0
2023,추석,2023-09-29,금,경기,광명시,2,0,2,2
2023,추석,2023-09-29,금,경기,광주시,5,0,0,12
2023,추석,2023-09-29,금,경기,구리시,2,0,0,4
2023,추석,2023-09-29,금,경기,군포시,1,0,0,1
2023,추석,2023-09-29,금,경기,김포시,4,0,1,6
2023,추석,2023-09-29,금,경기,남양주시,4,0,0,8
2023,추석,2023-09-29,금,경기,동두천시,1,0,0,1
2023,추석,2023-09-29,금,경기,부천시,5,0,1,6
2023,추석,2023-09-29,금,경기,성남시,4,0,0,8
2023,추석,2023-09-29,금,경기,소계,98,0,18,188
2023,추석,2023-09-29,금,경기,수원시,6,0,1,7
2023,추석,2023-09-29,금,경기,시흥시,3,0,1,4
2023,추석,2023-09-29,금,경기,안산시,11,0,3,24
2023,추석,2023-09-29,금,경기,안성시,3,0,0,6
2023,추석,2023-09-29,금,경기,안양시,4,0,0,8
2023,추석,2023-09-29,금,경기,양주시,2,0,0,6
2023,추석,2023-09-29,금,경기,양평군,1,0,0,2
2023,추석,2023-09-29,금,경기,여주시,2,0,1,3
2023,추석,2023-09-29,금,경기,연천군,2,0,0,2
2023,추석,2023-09-29,금,경기,오산시,2,0,0,2
2023,추석,2023-09-29,금,경기,용인시,7,0,1,13
2023,추석,2023-09-29,금,경기,의왕시,0,0,0,0
2023,추석,2023-09-29,금,경기,의정부시,1,0,0,2
2023,추석,2023-09-29,금,경기,이천시,0,0,0,0
2023,추석,2023-09-29,금,경기,파주시,5,0,3,7
2023,추석,2023-09-29,금,경기,평택시,5,0,0,14
2023,추석,2023-09-29,금,경기,포천시,3,0,1,7
2023,추석,2023-09-29,금,경기,하남시,2,0,0,2
2023,추석,2023-09-29,금,경기,화성시,10,0,3,30
2023,추석,2023-09-29,금,경남,거제시,6,0,5,8
2023,추석,2023-09-29,금,경남,거창군,0,0,0,0
2023,추석,2023-09-29,금,경남,고성군,1,0,1,3
2023,추석,2023-09-29,금,경남,김해시,2,0,0,5
2023,추석,2023-09-29,금,경남,남해군,2,0,0,4
2023,추석,2023-09-29,금,경남,밀양시,1,0,1,2
2023,추석,2023-09-29,금,경남,사천시,3,0,2,11
2023,추석,2023-09-29,금,경남,산청군,1,0,0,2
2023,추석,2023-09-29,금,경남,소계,32,0,12,64
2023,추석,2023-09-29,금,경남,양산시,0,0,0,0
2023,추석,2023-09-29,금,경남,의령군,1,0,0,1
2023,추석,2023-09-29,금,경남,진주시,1,0,0,4
2023,추석,2023-09-29,금,경남,창녕군,0,0,0,0
2023,추석,2023-09-29,금,경남,창원시,7,0,2,12
2023,추석,2023-09-29,금,경남,통영시,3,0,1,5
2023,추석,2023-09-29,금,경남,하동군,0,0,0,0
2023,추석,2023-09-29,금,경남,함안군,1,0,0,1
2023,추석,2023-09-29,금,경남,함양군,2,0,0,5
2023,추석,2023-09-29,금,경남,합천군,1,0,0,1
2023,추석,2023-09-29,금,경북,경산시,0,0,0,0
2023,추석,2023-09-29,금,경북,경주시,3,0,0,4
2023,추석,2023-09-29,금,경북,고령군,0,0,0,0
2023,추석,2023-09-29,금,경북,구미시,1,0,0,3
2023,추석,2023-09-29,금,경북,군위군,0,0,0,0
2023,추석,2023-09-29,금,경북,김천시,0,0,0,0
2023,추석,2023-09-29,금,경북,문경시,0,0,0,0
2023,추석,2023-09-29,금,경북,봉화군,1,0,0,1
2023,추석,2023-09-29,금,경북,상주시,1,0,0,1
2023,추석,2023-09-29,금,경북,성주군,0,0,0,0
2023,추석,2023-09-29,금,경북,소계,17,0,4,44
2023,추석,2023-09-29,금,경북,안동시,3,0,1,14
2023,추석,2023-09-29,금,경북,영덕군,0,0,0,0
2023,추석,2023-09-29,금,경북,영양군,0,0,0,0
2023,추석,2023-09-29,금,경북,영주시,0,0,0,0
2023,추석,2023-09-29,금,경북,영천시,0,0,0,0
2023,추석,2023-09-29,금,경북,예천군,2,0,1,3
2023,추석,2023-09-29,금,경북,울릉군,0,0,0,0
2023,추석,2023-09-29,금,경북,울진군,1,0,1,3
2023,추석,2023-09-29,금,경북,의성군,1,0,0,1
2023,추석,2023-09-29,금,경북,청도군,0,0,0,0
2023,추석,2023-09-29,금,경북,청송군,1,0,0,1
2023,추석,2023-09-29,금,경북,칠곡군,1,0,0,3
2023,추석,2023-09-29,금,경북,포항시,2,0,1,10
2023,추석,2023-09-29,금,광주,광산구,2,0,0,2
2023,추석,2023-09-29,금,광주,남구,1,0,0,1
2023,추석,2023-09-29,금,광주,동구,0,0,0,0
2023,추석,2023-09-29,금,광주,북구,5,0,1,13
2023,추석,2023-09-29,금,광주,서구,3,0,1,7
2023,추석,2023-09-29,금,광주,소계,11,0,2,23
2023,추석,2023-09-29,금,대구,군위군,1,0,0,1
2023,추석,2023-09-29,금,대구,남구,0,0,0,0
2023,추석,2023-09-29,금,대구,달서구,4,0,0,7
2023,추석,2023-09-29,금,대구,달성군,1,0,0,1
2023,추석,2023-09-29,금,대구,동구,0,0,0,0
2023,추석,2023-09-29,금,대구,북구,2,1,2,11
2023,추석,2023-09-29,금,대구,서구,0,0,0,0
2023,추석,2023-09-29,금,대구,소계,10,1,3,22
2023,추석,2023-09-29,금,대구,수성구,2,0,1,2
2023,추석,2023-09-29,금,대구,중구,0,0,0,0
2023,추석,2023-09-29,금,대전,대덕구,1,0,0,1
2023,추석,2023-09-29,금,대전,동구,1,0,0,1
2023,추석,2023-09-29,금,대전,서구,3,0,0,4
2023,추석,2023-09-29,금,대전,소계,9,0,1,16
2023,추석,2023-09-29,금,대전,유성구,4,0,1,10
2023,추석,2023-09-29,금,대전,중구,0,0,0,0
2023,추석,2023-09-29,금,부산,강서구,1,0,0,1
2023,추석,2023-09-29,금,부산,금정구,0,0,0,0
2023,추석,2023-09-29,금,부산,기장군,3,0,0,6
2023,추석,2023-09-29,금,부산,남구,2,0,0,4
2023,추석,2023-09-29,금,부산,동구,0,0,0,0
2023,추석,2023-09-29,금,부산,동래구,1,0,0,3
2023,추석,2023-09-29,금,부산,북구,1,0,0,1
2023,추석,2023-09-29,금,부산,사상구,0,0,0,0
2023,추석,2023-09-29,금,부산,사하구,2,0,0,2
2023,추석,2023-09-29,금,부산,서구,1,0,0,2
2023,추석,2023-09-29,금,부산,소계,20,0,3,32
2023,추석,2023-09-29,금,부산,수영구,0,0,0,0
2023,추석,2023-09-29,금,부산,연제구,1,0,0,1
2023,추석,2023-09-29,금,부산,영도구,0,0,0,0
2023,추석,2023-09-29,금,부산,중구,0,0,0,0
2023,추석,2023-09-29,금,부산,진구,5,0,3,6
2023,추석,2023-09-29,금,부산,해운대구,3,0,0,6
2023,추석,2023-09-29,금,서울,강남구,0,0,0,0
2023,추석,2023-09-29,금,서울,강동구,0,0,0,0
2023,추석,2023-09-29,금,서울,강북구,2,0,1,2
2023,추석,2023-09-29,금,서울,강서구,3,0,0,3
2023,추석,2023-09-29,금,서울,관악구,0,0,0,0
2023,추석,2023-09-29,금,서울,광진구,0,0,0,0
2023,추석,2023-09-29,금,서울,구로구,2,0,1,3
2023,추석,2023-09-29,금,서울,금천구,3,0,2,6
2023,추석,2023-09-29,금,서울,노원구,2,0,1,3
2023,추석,2023-09-29,금,서울,도봉구,1,0,0,1
2023,추석,2023-09-29,금,서울,동대문구,0,0,0,0
2023,추석,2023-09-29,금,서울,동작구,0,0,0,0
2023,추석,2023-09-29,금,서울,마포구,2,0,0,3
2023,추석,2023-09-29,금,서울,서대문구,2,0,1,2
2023,추석,2023-09-29,금,서울,서초구,3,0,1,9
2023,추석,2023-09-29,금,서울,성동구,0,0,0,0
2023,추석,2023-09-29,금,서울,성북구,4,0,0,9
2023,추석,2023-09-29,금,서울,소계,41,0,11,66
2023,추석,2023-09-29,금,서울,송파구,2,0,1,2
2023,추석,2023-09-29,금,서울,양천구,2,0,0,2
2023,추석,2023-09-29,금,서울,영등포구,1,0,0,1
2023,추석,2023-09-29,금,서울,용산구,3,0,0,5
2023,추석,2023-09-29,금,서울,은평구,1,0,1,1
2023,추석,2023-09-29,금,서울,종로구,3,0,2,8
2023,추석,2023-09-29,금,서울,중구,4,0,0,5
2023,추석,2023-09-29,금,서울,중랑구,1,0,0,1
2023,추석,2023-09-29,금,세종,세종시,3,0,1,3
2023,추석,2023-09-29,금,세종,소계,3,0,1,3
2023,추석,2023-09-29,금,울산,남구,1,0,0,3
2023,추석,2023-09-29,금,울산,동구,0,0,0,0
2023,추석,2023-09-29,금,울산,북구,1,0,0,1
2023,추석,2023-09-29,금,울산,소계,2,0,0,4
2023,추석,2023-09-29,금,울산,울주군,0,0,0,0
2023,추석,2023-09-29,금,울산,중구,0,0,0,0
2023,추석,2023-09-29,금,인천,강화군,0,0,0,0
2023,추석,2023-09-29,금,인천,계양구,1,0,0,4
2023,추석,2023-09-29,금,인천,남동구,2,0,0,4
2023,추석,2023-09-29,금,인천,동구,0,0,0,0
2023,추석,2023-09-29,금,인천,미추홀구,4,0,0,7
2023,추석,2023-09-29,금,인천,부평구,4,0,0,7
2023,추석,2023-09-29,금,인천,서구,2,0,0,2
2023,추석,2023-09-29,금,인천,소계,14,0,2,26
2023,추석,2023-09-29,금,인천,연수구,0,0,0,0
2023,추석,2023-09-29,금,인천,옹진군,0,0,0,0
2023,추석,2023-09-29,금,인천,중구,1,0,2,2
2023,추석,2023-09-29,금,전국,전국,342,2,100,669
2023,추석,2023-09-29,금,전남,강진군,1,0,0,2
2023,추석,2023-09-29,금,전남,고흥군,1,0,1,1
2023,추석,2023-09-29,금,전남,곡성군,0,0,0,0
2023,추석,2023-09-29,금,전남,광양시,1,0,0,4
2023,추석,2023-09-29,금,전남,구례군,2,0,0,3
2023,추석,2023-09-29,금,전남,나주시,1,0,0,1
2023,추석,2023-09-29,금,전남,담양군,0,0,0,0
2023,추석,2023-09-29,금,전남,목포시,1,0,0,1
2023,추석,2023-09-29,금,전남,무안군,0,0,0,0
2023,추석,2023-09-29,금,전남,보성군,1,0,0,1
2023,추석,2023-09-29,금,전남,소계,19,1,12,50
2023,추석,2023-09-29,금,전남,순천시,2,0,0,2
2023,추석,2023-09-29,금,전남,신안군,2,0,8,20
2023,추석,2023-09-29,금,전남,여수시,3,0,1,8
2023,추석,2023-09-29,금,전남,영광군,0,0,0,0
2023,추석,2023-09-29,금,전남,영암군,1,0,0,4
2023,추석,2023-09-29,금,전남,완도군,0,0,0,0
2023,추석,2023-09-29,금,전남,장성군,0,0,0,0
2023,추석,2023-09-29,금,전남,장흥군,0,0,0,0
2023,추석,2023-09-29,금,전남,진도군,0,0,0,0
2023,추석,2023-09-29,금,전남,함평군,0,0,0,0
2023,추석,2023-09-29,금,전남,해남군,2,1,1,1
2023,추석,2023-09-29,금,전남,화순군,1,0,1,2
2023,추석,2023-09-29,금,전북,고창군,0,0,0,0
2023,추석,2023-09-29,금,전북,군산시,1,0,0,1
2023,추석,2023-09-29,금,전북,김제시,1,0,1,1
2023,추석,2023-09-29,금,전북,남원시,1,0,0,1
2023,추석,2023-09-29,금,전북,무주군,1,0,1,1
2023,추석,2023-09-29,금,전북,부안군,0,0,0,0
2023,추석,2023-09-29,금,전북,소계,8,0,4,18
2023,추석,2023-09-29,금,전북,순창군,0,0,0,0
2023,추석,2023-09-29,금,전북,완주군,0,0,0,0
2023,추석,2023-09-29,금,전북,익산시,0,0,0,0
2023,추석,2023-09-29,금,전북,임실군,0,0,0,0
2023,추석,2023-09-29,금,전북,장수군,0,0,0,0
2023,추석,2023-09-29,금,전북,전주시,2,0,1,9
2023,추석,2023-09-29,금,전북,정읍시,1,0,1,4
2023,추석,2023-09-29,금,전북,진안군,1,0,0,1
2023,추석,2023-09-29,금,제주,서귀포시,2,0,0,2
2023,추석,2023-09-29,금,제주,소계,6,0,1,8
2023,추석,2023-09-29,금,제주,제주시,4,0,1,6
2023,추석,2023-09-29,금,충남,계룡시,0,0,0,0
2023,추석,2023-09-29,금,충남,공주시,2,0,1,3
2023,추석,2023-09-29,금,충남,금산군,1,0,0,5
2023,추석,2023-09-29,금,충남,논산시,2,0,3,6
2023,추석,2023-09-29,금,충남,당진시,0,0,0,0
2023,추석,2023-09-29,금,충남,보령시,0,0,0,0
2023,추석,2023-09-29,금,충남,부여군,0,0,0,0
2023,추석,2023-09-29,금,충남,서산시,0,0,0,0
2023,추석,2023-09-29,금,충남,서천군,2,0,0,6
2023,추석,2023-09-29,금,충남,소계,18,0,10,46
2023,추석,2023-09-29,금,충남,아산시,2,0,0,3
2023,추석,2023-09-29,금,충남,예산군,1,0,0,5
2023,추석,2023-09-29,금,충남,천안시,6,0,0,8
2023,추석,2023-09-29,금,충남,청양군,2,0,6,10
2023,추석,2023-09-29,금,충남,태안군,0,0,0,0
2023,추석,2023-09-29,금,충남,홍성군,0,0,0,0
2023,추석,2023-09-29,금,충북,괴산군,1,0,1,1
2023,추석,2023-09-29,금,충북,단양군,0,0,0,0
2023,추석,2023-09-29,금,충북,보은군,1,0,0,1
2023,추석,2023-09-29,금,충북,소계,22,0,12,40
2023,추석,2023-09-29,금,충북,영동군,0,0,0,0
2023,추석,2023-09-29,금,충북,옥천군,1,0,1,1
2023,추석,2023-09-29,금,충북,음성군,0,0,0,0
2023,추석,2023-09-29,금,충북,제천시,2,0,1,2
2023,추석,2023-09-29,금,충북,증평군,0,0,0,0
2023,추석,2023-09-29,금,충북,진천군,0,0,0,0
2023,추석,2023-09-29,금,충북,청주시,13,0,6,22
2023,추석,2023-09-29,금,충북,충주시,4,0,3,13
2023,추석,2023-09-30,토,강원,강릉시,1,0,1,1
2023,추석,2023-09-30,토,강원,고성군,1,0,0,2
2023,추석,2023-09-30,토,강원,동해시,0,0,0,0
2023,추석,2023-09-30,토,강원,삼척시,2,0,1,3
2023,추석,2023-09-30,토,강원,소계,20,0,6,35
2023,추석,2023-09-30,토,강원,속초시,2,0,0,3
2023,추석,2023-09-30,토,강원,양구군,0,0,0,0
2023,추석,2023-09-30,토,강원,양양군,1,0,2,2
2023,추석,2023-09-30,토,강원,영월군,1,0,0,2
2023,추석,2023-09-30,토,강원,원주시,2,0,1,2
2023,추석,2023-09-30,토,강원,인제군,1,0,0,1
2023,추석,2023-09-30,토,강원,정선군,0,0,0,0
2023,추석,2023-09-30,토,강원,철원군,2,0,0,4
2023,추석,2023-09-30,토,강원,춘천시,1,0,0,4
2023,추석,2023-09-30,토,강원,태백시,0,0,0,0
2023,추석,2023-09-30,토,강원,평창군,2,0,0,6
2023,추석,2023-09-30,토,강원,홍천군,2,0,0,3
2023,추석,2023-09-30,토,강원,화천군,0,0,0,0
2023,추석,2023-09-30,토,강원,횡성군,2,0,1,2
2023,추석,2023-09-30,토,경기,가평군,1,1,0,0
2023,추석,2023-09-30,토,경기,고양시,5,0,1,7
2023,추석,2023-09-30,토,경기,과천시,1,0,0,1
2023,추석,2023-09-30,토,경기,광명시,2,0,0,2
2023,추석,2023-09-30,토,경기,광주시,1,0,0,2
2023,추석,2023-09-30,토,경기,구리시,2,1,1,1
2023,추석,2023-09-30,토,경기,군포시,1,0,0,1
2023,추석,2023-09-30,토,경기,김포시,3,0,1,6
2023,추석,2023-09-30,토,경기,남양주시,1,0,3,4
2023,추석,2023-09-30,토,경기,동두천시,1,0,0,1
2023,추석,2023-09-30,토,경기,부천시,7,0,1,9
2023,추석,2023-09-30,토,경기,성남시,5,0,1,7
2023,추석,2023-09-30,토,경기,소계,86,3,43,136
2023,추석,2023-09-30,토,경기,수원시,10,0,10,23
2023,추석,2023-09-30,토,경기,시흥시,0,0,0,0
2023,추석,2023-09-30,토,경기,안산시,4,0,0,5
2023,추석,2023-09-30,토,경기,안성시,5,0,0,11
2023,추석,2023-09-30,토,경기,안양시,0,0,0,0
2023,추석,2023-09-30,토,경기,양주시,0,0,0,0
2023,추석,2023-09-30,토,경기,양평군,1,0,0,1
2023,추석,2023-09-30,토,경기,여주시,1,0,0,1
2023,추석,2023-09-30,토,경기,연천군,0,0,0,0
2023,추석,2023-09-30,토,경기,오산시,2,0,1,3
2023,추석,2023-09-30,토,경기,용인시,5,1,1,6
2023,추석,2023-09-30,토,경기,의왕시,1,0,0,1
2023,추석,2023-09-30,토,경기,의정부시,3,0,3,3
2023,추석,2023-09-30,토,경기,이천시,2,0,5,6
2023,추석,2023-09-30,토,경기,파주시,3,0,3,6
2023,추석,2023-09-30,토,경기,평택시,5,0,3,9
2023,추석,2023-09-30,토,경기,포천시,4,0,5,7
2023,추석,2023-09-30,토,경기,하남시,5,0,3,8
2023,추석,2023-09-30,토,경기,화성시,5,0,1,5
2023,추석,2023-09-30,토,경남,거제시,1,0,1,1
2023,추석,2023-09-30,토,경남,거창군,0,0,0,0
2023,추석,2023-09-30,토,경남,고성군,0,0,0,0
2023,추석,2023-09-30,토,경남,김해시,3,0,1,7
2023,추석,2023-09-30,토,경남,남해군,0,0,0,0
2023,추석,2023-09-30,토,경남,밀양시,2,0,0,3
2023,추석,2023-09-30,토,경남,사천시,0,0,0,0
2023,추석,2023-09-30,토,경남,산청군,0,0,0,0
2023,추석,2023-09-30,토,경남,소계,18,0,6,39
2023,추석,2023-09-30,토,경남,양산시,1,0,0,7
2023,추석,2023-09-30,토,경남,의령군,0,0,0,0
2023,추석,2023-09-30,토,경남,진주시,1,0,0,2
2023,추석,2023-09-30,토,경남,창녕군,0,0,0,0
2023,추석,2023-09-30,토,경남,창원시,4,0,1,4
2023,추석,2023-09-30,토,경남,통영시,3,0,0,7
2023,추석,2023-09-30,토,경남,하동군,2,0,3,5
2023,추석,2023-09-30,토,경남,함안군,0,0,0,0
2023,추석,2023-09-30,토,경남,함양군,0,0,0,0
2023,추석,2023-09-30,토,경남,합천군,1,0,0,3
2023,추석,2023-09-30,토,경북,경산시,2,0,1,3
2023,추석,2023-09-30,토,경북,경주시,3,0,2,3
2023,추석,2023-09-30,토,경북,고령군,0,0,0,0
2023,추석,2023-09-30,토,경북,구미시,6,1,1,8
2023,추석,2023-09-30,토,경북,군위군,0,0,0,0
2023,추석,2023-09-30,토,경북,김천시,0,0,0,0
2023,추석,2023-09-30,토,경북,문경시,0,0,0,0
2023,추석,2023-09-30,토,경북,봉화군,0,0,0,0
2023,추석,2023-09-30,토,경북,상주시,1,0,0,1
2023,추석,2023-09-30,토,경북,성주군,0,0,0,0
2023,추석,2023-09-30,토,경북,소계,31,2,13,59
2023,추석,2023-09-30,토,경북,안동시,2,0,3,10
2023,추석,2023-09-30,토,경북,영덕군,3,1,1,2
2023,추석,2023-09-30,토,경북,영양군,0,0,0,0
2023,추석,2023-09-30,토,경북,영주시,0,0,0,0
2023,추석,2023-09-30,토,경북,영천시,1,0,1,7
2023,추석,2023-09-30,토,경북,예천군,0,0,0,0
2023,추석,2023-09-30,토,경북,울릉군,1,0,0,1
2023,추석,2023-09-30,토,경북,울진군,0,0,0,0
2023,추석,2023-09-30,토,경북,의성군,1,0,1,1
2023,추석,2023-09-30,토,경북,청도군,1,0,0,2
2023,추석,2023-09-30,토,경북,청송군,0,0,0,0
2023,추석,2023-09-30,토,경북,칠곡군,2,0,1,3
2023,추석,2023-09-30,토,경북,포항시,8,0,2,18
2023,추석,2023-09-30,토,광주,광산구,5,0,0,7
2023,추석,2023-09-30,토,광주,남구,0,0,0,0
2023,추석,2023-09-30,토,광주,동구,0,0,0,0
2023,추석,2023-09-30,토,광주,북구,4,0,0,6
2023,추석,2023-09-30,토,광주,서구,2,0,1,3
2023,추석,2023-09-30,토,광주,소계,11,0,1,16
2023,추석,2023-09-30,토,대구,군위군,0,0,0,0
2023,추석,2023-09-30,토,대구,남구,0,0,0,0
2023,추석,2023-09-30,토,대구,달서구,2,0,0,3
2023,추석,2023-09-30,토,대구,달성군,1,0,0,1
2023,추석,2023-09-30,토,대구,동구,0,0,0,0
2023,추석,2023-09-30,토,대구,북구,4,0,1,4
2023,추석,2023-09-30,토,대구,서구,0,0,0,0
2023,추석,2023-09-30,토,대구,소계,12,0,3,14
2023,추석,2023-09-30,토,대구,수성구,5,0,2,6
2023,추석,2023-09-30,토,대구,중구,0,0,0,0
2023,추석,2023-09-30,토,대전,대덕구,2,0,1,2
2023,추석,2023-09-30,토,대전,동구,4,0,0,9
2023,추석,2023-09-30,토,대전,서구,4,0,4,19
2023,추석,2023-09-30,토,대전,소계,16,0,5,40
2023,추석,2023-09-30,토,대전,유성구,2,0,0,4
2023,추석,2023-09-30,토,대전,중구,4,0,0,6
2023,추석,2023-09-30,토,부산,강서구,4,0,0,8
2023,추석,2023-09-30,토,부산,금정구,0,0,0,0
2023,추석,2023-09-30,토,부산,기장군,1,0,0,3
2023,추석,2023-09-30,토,부산,남구,2,0,1,2
2023,추석,2023-09-30,토,부산,동구,2,0,1,2
2023,추석,2023-09-30,토,부산,동래구,1,0,0,1
2023,추석,2023-09-30,토,부산,북구,0,0,0,0
2023,추석,2023-09-30,토,부산,사상구,2,0,0,4
2023,추석,2023-09-30,토,부산,사하구,3,0,0,4
2023,추석,2023-09-30,토,부산,서구,3,0,0,7
2023,추석,2023-09-30,토,부산,소계,25,0,3,38
2023,추석,2023-09-30,토,부산,수영구,2,0,0,2
2023,추석,2023-09-30,토,부산,연제구,0,0,0,0
2023,추석,2023-09-30,토,부산,영도구,0,0,0,0
2023,추석,2023-09-30,토,부산,중구,0,0,0,0
2023,추석,2023-09-30,토,부산,진구,3,0,1,3
2023,추석,2023-09-30,토,부산,해운대구,2,0,0,2
2023,추석,2023-09-30,토,서울,강남구,3,0,1,3
2023,추석,2023-09-30,토,서울,강동구,2,0,0,2
2023,추석,2023-09-30,토,서울,강북구,5,0,2,5
2023,추석,2023-09-30,토,서울,강서구,3,0,0,6
2023,추석,2023-09-30,토,서울,관악구,2,0,0,2
2023,추석,2023-09-30,토,서울,광진구,2,0,1,2
2023,추석,2023-09-30,토,서울,구로구,1,0,1,1
2023,추석,2023-09-30,토,서울,금천구,2,0,0,5
2023,추석,2023-09-30,토,서울,노원구,2,0,0,2
2023,추석,2023-09-30,토,서울,도봉구,2,0,1,2
2023,추석,2023-09-30,토,서울,동대문구,2,0,0,2
2023,추석,2023-09-30,토,서울,동작구,1,0,0,1
2023,추석,2023-09-30,토,서울,마포구,2,0,0,4
2023,추석,2023-09-30,토,서울,서대문구,0,0,0,0
2023,추석,2023-09-30,토,서울,서초구,5,0,0,6
2023,추석,2023-09-30,토,서울,성동구,0,0,0,0
2023,추석,2023-09-30,토,서울,성북구,2,0,0,3
2023,추석,2023-09-30,토,서울,소계,51,0,9,72
2023,추석,2023-09-30,토,서울,송파구,2,0,2,7
2023,추석,2023-09-30,토,서울,양천구,3,0,0,5
2023,추석,2023-09-30,토,서울,영등포구,1,0,1,1
2023,추석,2023-09-30,토,서울,용산구,3,0,0,4
2023,추석,2023-09-30,토,서울,은평구,1,0,0,1
2023,추석,2023-09-30,토,서울,종로구,1,0,0,1
2023,추석,2023-09-30,토,서울,중구,1,0,0,1
2023,추석,2023-09-30,토,서울,중랑구,3,0,0,6
2023,추석,2023-09-30,토,세종,세종시,1,0,0,1
2023,추석,2023-09-30,토,세종,소계,1,0,0,1
2023,추석,2023-09-30,토,울산,남구,0,0,0,0
2023,추석,2023-09-30,토,울산,동구,0,0,0,0
2023,추석,2023-09-30,토,울산,북구,2,0,1,4
2023,추석,2023-09-30,토,울산,소계,4,0,1,9
2023,추석,2023-09-30,토,울산,울주군,0,0,0,0
2023,추석,2023-09-30,토,울산,중구,2,0,0,5
2023,추석,2023-09-30,토,인천,강화군,1,0,0,1
2023,추석,2023-09-30,토,인천,계양구,0,0,0,0
2023,추석,2023-09-30,토,인천,남동구,5,0,1,6
2023,추석,2023-09-30,토,인천,동구,0,0,0,0
2023,추석,2023-09-30,토,인천,미추홀구,4,0,0,5
2023,추석,2023-09-30,토,인천,부평구,3,0,0,4
2023,추석,2023-09-30,토,인천,서구,2,0,1,2
2023,추석,2023-09-30,토,인천,소계,19,0,2,25
2023,추석,2023-09-30,토,인천,연수구,2,0,0,3
2023,추석,2023-09-30,토,인천,옹진군,0,0,0,0
2023,추석,2023-09-30,토,인천,중구,2,0,0,4
2023,추석,2023-09-30,토,전국,전국,377,9,128,670
2023,추석,2023-09-30,토,전남,강진군,0,0,0,0
2023,추석,2023-09-30,토,전남,고흥군,1,0,0,5
2023,추석,2023-09-30,토,전남,곡성군,1,0,1,3
2023,추석,2023-09-30,토,전남,광양시,2,1,0,1
2023,추석,2023-09-30,토,전남,구례군,0,0,0,0
2023,추석,2023-09-30,토,전남,나주시,1,0,1,1
2023,추석,2023-09-30,토,전남,담양군,2,0,3,8
2023,추석,2023-09-30,토,전남,목포시,2,0,0,6
2023,추석,2023-09-30,토,전남,무안군,0,0,0,0
2023,추석,2023-09-30,토,전남,보성군,0,0,0,0
2023,추석,2023-09-30,토,전남,소계,18,1,12,38
2023,추석,2023-09-30,토,전남,순천시,1,0,1,1
2023,추석,2023-09-30,토,전남,신안군,1,0,1,1
2023,추석,2023-09-30,토,전남,여수시,3,0,1,5
2023,추석,2023-09-30,토,전남,영광군,0,0,0,0
2023,추석,2023-09-30,토,전남,영암군,1,0,0,1
2023,추석,2023-09-30,토,전남,완도군,1,0,0,1
2023,추석,2023-09-30,토,전남,장성군,1,0,4,4
2023,추석,2023-09-30,토,전남,장흥군,0,0,0,0
2023,추석,2023-09-30,토,전남,진도군,0,0,0,0
2023,추석,2023-09-30,토,전남,함평군,1,0,0,1
2023,추석,2023-09-30,토,전남,해남군,0,0,0,0
2023,추석,2023-09-30,토,전남,화순군,0,0,0,0
2023,추석,2023-09-30,토,전북,고창군,0,0,0,0
2023,추석,2023-09-30,토,전북,군산시,1,0,0,1
2023,추석,2023-09-30,토,전북,김제시,0,0,0,0
2023,추석,2023-09-30,토,전북,남원시,1,0,1,2
2023,추석,2023-09-30,토,전북,무주군,0,0,0,0
2023,추석,2023-09-30,토,전북,부안군,0,0,0,0
2023,추석,2023-09-30,토,전북,소계,13,2,4,36
2023,추석,2023-09-30,토,전북,순창군,0,0,0,0
2023,추석,2023-09-30,토,전북,완주군,1,1,1,3
2023,추석,2023-09-30,토,전북,익산시,3,0,0,10
2023,추석,2023-09-30,토,전북,임실군,1,0,2,2
2023,추석,2023-09-30,토,전북,장수군,0,0,0,0
2023,추석,2023-09-30,토,전북,전주시,4,1,0,13
2023,추석,2023-09-30,토,전북,정읍시,2,0,0,5
2023,추석,2023-09-30,토,전북,진안군,0,0,0,0
2023,추석,2023-09-30,토,제주,서귀포시,4,0,1,13
2023,추석,2023-09-30,토,제주,소계,11,0,6,24
2023,추석,2023-09-30,토,제주,제주시,7,0,5,11
2023,추석,2023-09-30,토,충남,계룡시,0,0,0,0
2023,추석,2023-09-30,토,충남,공주시,1,0,0,1
2023,추석,2023-09-30,토,충남,금산군,0,0,0,0
2023,추석,2023-09-30,토,충남,논산시,0,0,0,0
2023,추석,2023-09-30,토,충남,당진시,3,0,1,9
2023,추석,2023-09-30,토,충남,보령시,2,0,1,2
2023,추석,2023-09-30,토,충남,부여군,1,0,0,1
2023,추석,2023-09-30,토,충남,서산시,1,1,0,0
2023,추석,2023-09-30,토,충남,서천군,0,0,0,0
2023,추석,2023-09-30,토,충남,소계,21,1,8,48
2023,추석,2023-09-30,토,충남,아산시,4,0,4,12
2023,추석,2023-09-30,토,충남,예산군,1,0,0,5
2023,추석,2023-09-30,토,충남,천안시,4,0,0,8
2023,추석,2023-09-30,토,충남,청양군,2,0,2,4
2023,추석,2023-09-30,토,충남,태안군,1,0,0,3
2023,추석,2023-09-30,토,충남,홍성군,1,0,0,3
2023,추석,2023-09-30,토,충북,괴산군,0,0,0,0
2023,추석,2023-09-30,토,충북,단양군,0,0,0,0
2023,추석,2023-09-30,토,충북,보은군,0,0,0,0
2023,추석,2023-09-30,토,충북,소계,20,0,6,40
2023,추석,2023-09-30,토,충북,영동군,1,0,0,1
2023,추석,2023-09-30,토,충북,옥천군,0,0,0,0
2023,추석,2023-09-30,토,충북,음성군,3,0,1,10
2023,추석,2023-09-30,토,충북,제천시,2,0,1,2
2023,추석,2023-09-30,토,충북,증평군,0,0,0,0
2023,추석,2023-09-30,토,충북,진천군,1,0,0,2
2023,추석,2023-09-30,토,충북,청주시,8,0,4,14
2023,추석,2023-09-30,토,충북,충주시,5,0,0,11
2023,추석,2023-10-01,일,강원,강릉시,1,0,0,1
2023,추석,2023-10-01,일,강원,고성군,0,0,0,0
2023,추석,2023-10-01,일,강원,동해시,0,0,0,0
2023,추석,2023-10-01,일,강원,삼척시,0,0,0,0
2023,추석,2023-10-01,일,강원,소계,11,0,4,21
2023,추석,2023-10-01,일,강원,속초시,1,0,0,4
2023,추석,2023-10-01,일,강원,양구군,0,0,0,0
2023,추석,2023-10-01,일,강원,양양군,1,0,0,2
2023,추석,2023-10-01,일,강원,영월군,1,0,1,3
2023,추석,2023-10-01,일,강원,원주시,1,0,0,1
2023,추석,2023-10-01,일,강원,인제군,1,0,0,1
2023,추석,2023-10-01,일,강원,정선군,0,0,0,0
2023,추석,2023-10-01,일,강원,철원군,1,0,1,3
2023,추석,2023-10-01,일,강원,춘천시,1,0,0,1
2023,추석,2023-10-01,일,강원,태백시,1,0,2,2
2023,추석,2023-10-01,일,강원,평창군,0,0,0,0
2023,추석,2023-10-01,일,강원,홍천군,0,0,0,0
2023,추석,2023-10-01,일,강원,화천군,2,0,0,3
2023,추석,2023-10-01,일,강원,횡성군,0,0,0,0
2023,추석,2023-10-01,일,경기,가평군,4,0,1,10
2023,추석,2023-10-01,일,경기,고양시,5,0,2,5
2023,추석,2023-10-01,일,경기,과천시,0,0,0,0
2023,추석,2023-10-01,일,경기,광명시,0,0,0,0
2023,추석,2023-10-01,일,경기,광주시,2,0,1,2
2023,추석,2023-10-01,일,경기,구리시,2,0,1,2
2023,추석,2023-10-01,일,경기,군포시,0,0,0,0
2023,추석,2023-10-01,일,경기,김포시,5,1,1,7
2023,추석,2023-10-01,일,경기,남양주시,4,0,0,9
2023,추석,2023-10-01,일,경기,동두천시,0,0,0,0
2023,추석,2023-10-01,일,경기,부천시,5,0,0,6
2023,추석,2023-10-01,일,경기,성남시,2,0,1,3
2023,추석,2023-10-01,일,경기,소계,104,2,26,167
2023,추석,2023-10-01,일,경기,수원시,13,0,1,24
2023,추석,2023-10-01,일,경기,시흥시,7,0,1,14
2023,추석,2023-10-01,일,경기,안산시,13,0,4,14
2023,추석,2023-10-01,일,경기,안성시,3,0,1,3
2023,추석,2023-10-01,일,경기,안양시,1,0,0,1
2023,추석,2023-10-01,일,경기,양주시,3,0,2,6
2023,추석,2023-10-01,일,경기,양평군,2,0,0,12
2023,추석,2023-10-01,일,경기,여주시,0,0,0,0
2023,추석,2023-10-01,일,경기,연천군,1,0,0,1
2023,추석,2023-10-01,일,경기,오산시,0,0,0,0
2023,추석,2023-10-01,일,경기,용인시,7,1,1,12
2023,추석,2023-10-01,일,경기,의왕시,2,0,2,2
2023,추석,2023-10-01,일,경기,의정부시,1,0,1,1
2023,추석,2023-10-01,일,경기,이천시,5,0,1,5
2023,추석,2023-10-01,일,경기,파주시,6,0,3,7
2023,추석,2023-10-01,일,경기,평택시,3,0,0,4
2023,추석,2023-10-01,일,경기,포천시,0,0,0,0
2023,추석,2023-10-01,일,경기,하남시,3,0,0,7
2023,추석,2023-10-01,일,경기,화성시,5,0,2,10
2023,추석,2023-10-01,일,경남,거제시,1,0,0,2
2023,추석,2023-10-01,일,경남,거창군,0,0,0,0
2023,추석,2023-10-01,일,경남,고성군,2,0,1,2
2023,추석,2023-10-01,일,경남,김해시,7,0,1,10
2023,추석,2023-10-01,일,경남,남해군,0,0,0,0
2023,추석,2023-10-01,일,경남,밀양시,0,0,0,0
2023,추석,2023-10-01,일,경남,사천시,0,0,0,0
2023,추석,2023-10-01,일,경남,산청군,1,0,1,3
2023,추석,2023-10-01,일,경남,소계,29,0,8,45
2023,추석,2023-10-01,일,경남,양산시,2,0,0,5
2023,추석,2023-10-01,일,경남,의령군,0,0,0,0
2023,추석,2023-10-01,일,경남,진주시,3,0,1,3
2023,추석,2023-10-01,일,경남,창녕군,0,0,0,0
2023,추석,2023-10-01,일,경남,창원시,10,0,1,14
2023,추석,2023-10-01,일,경남,통영시,0,0,0,0
2023,추석,2023-10-01,일,경남,하동군,0,0,0,0
2023,추석,2023-10-01,일,경남,함안군,0,0,0,0
2023,추석,2023-10-01,일,경남,함양군,2,0,2,5
2023,추석,2023-10-01,일,경남,합천군,1,0,1,1
2023,추석,2023-10-01,일,경북,경산시,1,0,0,1
2023,추석,2023-10-01,일,경북,경주시,5,0,2,5
2023,추석,2023-10-01,일,경북,고령군,0,0,0,0
2023,추석,2023-10-01,일,경북,구미시,1,0,1,1
2023,추석,2023-10-01,일,경북,군위군,0,0,0,0
2023,추석,2023-10-01,일,경북,김천시,0,0,0,0
2023,추석,2023-10-01,일,경북,문경시,0,0,0,0
2023,추석,2023-10-01,일,경북,봉화군,0,0,0,0
2023,추석,2023-10-01,일,경북,상주시,2,0,1,4
2023,추석,2023-10-01,일,경북,성주군,1,0,0,1
2023,추석,2023-10-01,일,경북,소계,22,0,8,36
2023,추석,2023-10-01,일,경북,안동시,0,0,0,0
2023,추석,2023-10-01,일,경북,영덕군,1,0,0,1
2023,추석,2023-10-01,일,경북,영양군,0,0,0,0
2023,추석,2023-10-01,일,경북,영주시,0,0,0,0
2023,추석,2023-10-01,일,경북,영천시,0,0,0,0
2023,추석,2023-10-01,일,경북,예천군,0,0,0,0
2023,추석,2023-10-01,일,경북,울릉군,0,0,0,0
2023,추석,2023-10-01,일,경북,울진군,1,0,1,1
2023,추석,2023-10-01,일,경북,의성군,0,0,0,0
2023,추석,2023-10-01,일,경북,청도군,2,0,1,8
2023,추석,2023-10-01,일,경북,청송군,0,0,0,0
2023,추석,2023-10-01,일,경북,칠곡군,0,0,0,0
2023,추석,2023-10-01,일,경북,포항시,8,0,2,14
2023,추석,2023-10-01,일,광주,광산구,6,0,3,9
2023,추석,2023-10-01,일,광주,남구,1,0,0,1
2023,추석,2023-10-01,일,광주,동구,1,0,0,1
2023,추석,2023-10-01,일,광주,북구,5,0,4,9
2023,추석,2023-10-01,일,광주,서구,5,0,0,6
2023,추석,2023-10-01,일,광주,소계,18,0,7,26
2023,추석,2023-10-01,일,대구,군위군,1,0,3,4
2023,추석,2023-10-01,일,대구,남구,1,0,1,1
2023,추석,2023-10-01,일,대구,달서구,6,0,2,10
2023,추석,2023-10-01,일,대구,달성군,3,0,0,3
2023,추석,2023-10-01,일,대구,동구,3,0,1,5
2023,추석,2023-10-01,일,대구,북구,2,0,1,2
2023,추석,2023-10-01,일,대구,서구,1,0,0,1
2023,추석,2023-10-01,일,대구,소계,24,0,12,38
2023,추석,2023-10-01,일,대구,수성구,3,0,2,7
2023,추석,2023-10-01,일,대구,중구,4,0,2,5
2023,추석,2023-10-01,일,대전,대덕구,2,0,0,3
2023,추석,2023-10-01,일,대전,동구,1,0,0,1
2023,추석,2023-10-01,일,대전,서구,5,0,2,7
2023,추석,2023-10-01,일,대전,소계,18,0,8,27
2023,추석,2023-10-01,일,대전,유성구,6,0,4,9
2023,추석,2023-10-01,일,대전,중구,4,0,2,7
2023,추석,2023-10-01,일,부산,강서구,1,0,0,5
2023,추석,2023-10-01,일,부산,금정구,4,0,1,4
2023,추석,2023-10-01,일,부산,기장군,3,0,0,5
2023,추석,2023-10-01,일,부산,남구,1,0,1,1
2023,추석,2023-10-01,일,부산,동구,1,0,1,3
2023,추석,2023-10-01,일,부산,동래구,1,0,1,2
2023,추석,2023-10-01,일,부산,북구,2,0,0,2
2023,추석,2023-10-01,일,부산,사상구,0,0,0,0
2023,추석,2023-10-01,일,부산,사하구,2,0,0,3
2023,추석,2023-10-01,일,부산,서구,0,0,0,0
2023,추석,2023-10-01,일,부산,소계,30,1,9,46
2023,추석,2023-10-01,일,부산,수영구,6,0,2,8
2023,추석,2023-10-01,일,부산,연제구,1,0,0,1
2023,추석,2023-10-01,일,부산,영도구,1,0,1,1
2023,추석,2023-10-01,일,부산,중구,1,0,1,1
2023,추석,2023-10-01,일,부산,진구,3,1,0,4
2023,추석,2023-10-01,일,부산,해운대구,3,0,1,6
2023,추석,2023-10-01,일,서울,강남구,4,0,0,4
2023,추석,2023-10-01,일,서울,강동구,2,0,0,2
2023,추석,2023-10-01,일,서울,강북구,3,0,1,3
2023,추석,2023-10-01,일,서울,강서구,5,0,11,14
2023,추석,2023-10-01,일,서울,관악구,4,0,0,6
2023,추석,2023-10-01,일,서울,광진구,0,0,0,0
2023,추석,2023-10-01,일,서울,구로구,3,0,0,6
2023,추석,2023-10-01,일,서울,금천구,1,0,0,2
2023,추석,2023-10-01,일,서울,노원구,2,0,0,3
2023,추석,2023-10-01,일,서울,도봉구,1,0,1,1
2023,추석,2023-10-01,일,서울,동대문구,9,0,2,10
2023,추석,2023-10-01,일,서울,동작구,4,0,0,4
2023,추석,2023-10-01,일,서울,마포구,0,0,0,0
2023,추석,2023-10-01,일,서울,서대문구,1,0,1,1
2023,추석,2023-10-01,일,서울,서초구,1,0,1,1
2023,추석,2023-10-01,일,서울,성동구,1,0,1,1
2023,추석,2023-10-01,일,서울,성북구,3,0,0,4
2023,추석,2023-10-01,일,서울,소계,65,0,21,92
2023,추석,2023-10-01,일,서울,송파구,2,0,2,4
2023,추석,2023-10-01,일,서울,양천구,1,0,0,1
2023,추석,2023-10-01,일,서울,영등포구,6,0,0,9
2023,추석,2023-10-01,일,서울,용산구,3,0,0,6
2023,추석,2023-10-01,일,서울,은평구,3,0,0,3
2023,추석,2023-10-01,일,서울,종로구,0,0,0,0
2023,추석,2023-10-01,일,서울,중구,2,0,1,2
2023,추석,2023-10-01,일,서울,중랑구,4,0,0,5
2023,추석,2023-10-01,일,세종,세종시,1,0,1,2
2023,추석,2023-10-01,일,세종,소계,1,0,1,2
2023,추석,2023-10-01,일,울산,남구,3,0,0,5
2023,추석,2023-10-01,일,울산,동구,1,0,0,2
2023,추석,2023-10-01,일,울산,북구,2,0,1,5
2023,추석,2023-10-01,일,울산,소계,8,0,1,14
2023,추석,2023-10-01,일,울산,울주군,0,0,0,0
2023,추석,2023-10-01,일,울산,중구,2,0,0,2
2023,추석,2023-10-01,일,인천,강화군,1,0,0,3
2023,추석,2023-10-01,일,인천,계양구,4,0,2,8
2023,추석,2023-10-01,일,인천,남동구,2,0,0,3
2023,추석,2023-10-01,일,인천,동구,0,0,0,0
2023,추석,2023-10-01,일,인천,미추홀구,0,0,0,0
2023,추석,2023-10-01,일,인천,부평구,2,0,0,3
2023,추석,2023-10-01,일,인천,서구,0,0,0,0
2023,추석,2023-10-01,일,인천,소계,10,0,3,18
2023,추석,2023-10-01,일,인천,연수구,1,0,1,1
2023,추석,2023-10-01,일,인천,옹진군,0,0,0,0
2023,추석,2023-10-01,일,인천,중구,0,0,0,0
2023,추석,2023-10-01,일,전국,전국,435,6,140,680
2023,추석,2023-10-01,일,전남,강진군,0,0,0,0
2023,추석,2023-10-01,일,전남,고흥군,0,0,0,0
2023,추석,2023-10-01,일,전남,곡성군,0,0,0,0
2023,추석,2023-10-01,일,전남,광양시,1,0,0,2
2023,추석,2023-10-01,일,전남,구례군,0,0,0,0
2023,추석,2023-10-01,일,전남,나주시,1,0,0,1
2023,추석,2023-10-01,일,전남,담양군,2,0,1,2
2023,추석,2023-10-01,일,전남,목포시,3,0,1,3
2023,추석,2023-10-01,일,전남,무안군,0,0,0,0
2023,추석,2023-10-01,일,전남,보성군,1,0,0,1
2023,추석,2023-10-01,일,전남,소계,23,2,3,33
2023,추석,2023-10-01,일,전남,순천시,0,0,0,0
2023,추석,2023-10-01,일,전남,신안군,2,1,0,2
2023,추석,2023-10-01,일,전남,여수시,4,0,1,7
2023,추석,2023-10-01,일,전남,영광군,0,0,0,0
2023,추석,2023-10-01,일,전남,영암군,0,0,0,0
2023,추석,2023-10-01,일,전남,완도군,3,1,0,3
2023,추석,2023-10-01,일,전남,장성군,2,0,0,4
2023,추석,2023-10-01,일,전남,장흥군,0,0,0,0
2023,추석,2023-10-01,일,전남,진도군,0,0,0,0
2023,추석,2023-10-01,일,전남,함평군,1,0,0,2
2023,추석,2023-10-01,일,전남,해남군,1,0,0,1
2023,추석,2023-10-01,일,전남,화순군,2,0,0,5
2023,추석,2023-10-01,일,전북,고창군,0,0,0,0
2023,추석,2023-10-01,일,전북,군산시,2,0,2,3
2023,추석,2023-10-01,일,전북,김제시,0,0,0,0
2023,추석,2023-10-01,일,전북,남원시,0,0,0,0
2023,추석,2023-10-01,일,전북,무주군,0,0,0,0
2023,추석,2023-10-01,일,전북,부안군,0,0,0,0
2023,추석,2023-10-01,일,전북,소계,18,0,7,28
2023,추석,2023-10-01,일,전북,순창군,1,0,0,1
2023,추석,2023-10-01,일,전북,완주군,2,0,1,3
2023,추석,2023-10-01,일,전북,익산시,2,0,0,4
2023,추석,2023-10-01,일,전북,임실군,1,0,1,1
2023,추석,2023-10-01,일,전북,장수군,0,0,0,0
2023,추석,2023-10-01,일,전북,전주시,9,0,3,14
2023,추석,2023-10-01,일,전북,정읍시,1,0,0,2
2023,추석,2023-10-01,일,전북,진안군,0,0,0,0
2023,추석,2023-10-01,일,제주,서귀포시,3,0,0,3
2023,추석,2023-10-01,일,제주,소계,13,0,6,18
2023,추석,2023-10-01,일,제주,제주시,10,0,6,15
2023,추석,2023-10-01,일,충남,계룡시,0,0,0,0
2023,추석,2023-10-01,일,충남,공주시,0,0,0,0
2023,추석,2023-10-01,일,충남,금산군,0,0,0,0
2023,추석,2023-10-01,일,충남,논산시,0,0,0,0
2023,추석,2023-10-01,일,충남,당진시,3,0,0,5
2023,추석,2023-10-01,일,충남,보령시,1,0,2,3
2023,추석,2023-10-01,일,충남,부여군,1,0,0,2
2023,추석,2023-10-01,일,충남,서산시,2,0,1,3
2023,추석,2023-10-01,일,충남,서천군,2,0,1,2
2023,추석,2023-10-01,일,충남,소계,19,0,10,32
2023,추석,2023-10-01,일,충남,아산시,2,0,1,5
2023,추석,2023-10-01,일,충남,예산군,0,0,0,0
2023,추석,2023-10-01,일,충남,천안시,4,0,1,6
2023,추석,2023-10-01,일,충남,청양군,1,0,1,1
2023,추석,2023-10-01,일,충남,태안군,2,0,2,4
2023,추석,2023-10-01,일,충남,홍성군,1,0,1,1
2023,추석,2023-10-01,일,충북,괴산군,1,0,0,2
2023,추석,2023-10-01,일,충북,단양군,0,0,0,0
2023,추석,2023-10-01,일,충북,보은군,0,0,0,0
2023,추석,2023-10-01,일,충북,소계,22,1,6,37
2023,추석,2023-10-01,일,충북,영동군,0,0,0,0
2023,추석,2023-10-01,일,충북,옥천군,2,0,1,2
2023,추석,2023-10-01,일,충북,음성군,1,0,0,2
2023,추석,2023-10-01,일,충북,제천시,2,0,1,3
2023,추석,2023-10-01,일,충북,증평군,2,0,0,3
2023,추석,2023-10-01,일,충북,진천군,2,0,1,2
2023,추석,2023-10-01,일,충북,청주시,10,1,2,17
2023,추석,2023-10-01,일,충북,충주시,2,0,1,6
2023,추석,2023-10-02,월,강원,강릉시,3,0,1,4
2023,추석,2023-10-02,월,강원,고성군,0,0,0,0
2023,추석,2023-10-02,월,강원,동해시,2,0,1,4
2023,추석,2023-10-02,월,강원,삼척시,0,0,0,0
2023,추석,2023-10-02,월,강원,소계,22,0,5,36
2023,추석,2023-10-02,월,강원,속초시,2,0,0,4
2023,추석,2023-10-02,월,강원,양구군,0,0,0,0
2023,추석,2023-10-02,월,강원,양양군,4,0,1,5
2023,추석,2023-10-02,월,강원,영월군,0,0,0,0
2023,추석,2023-10-02,월,강원,원주시,4,0,2,7
2023,추석,2023-10-02,월,강원,인제군,0,0,0,0
2023,추석,2023-10-02,월,강원,정선군,0,0,0,0
2023,추석,2023-10-02,월,강원,철원군,0,0,0,0
2023,추석,2023-10-02,월,강원,춘천시,5,0,0,10
2023,추석,2023-10-02,월,강원,태백시,1,0,0,1
2023,추석,2023-10-02,월,강원,평창군,1,0,0,1
2023,추석,2023-10-02,월,강원,홍천군,0,0,0,0
2023,추석,2023-10-02,월,강원,화천군,0,0,0,0
2023,추석,2023-10-02,월,강원,횡성군,0,0,0,0
2023,추석,2023-10-02,월,경기,가평군,1,0,0,1
2023,추석,2023-10-02,월,경기,고양시,7,0,3,9
2023,추석,2023-10-02,월,경기,과천시,0,0,0,0
2023,추석,2023-10-02,월,경기,광명시,4,0,0,7
2023,추석,2023-10-02,월,경기,광주시,5,0,3,9
2023,추석,2023-10-02,월,경기,구리시,2,0,1,3
2023,추석,2023-10-02,월,경기,군포시,0,0,0,0
2023,추석,2023-10-02,월,경기,김포시,6,0,0,12
2023,추석,2023-10-02,월,경기,남양주시,10,1,2,14
2023,추석,2023-10-02,월,경기,동두천시,0,0,0,0
2023,추석,2023-10-02,월,경기,부천시,10,0,2,10
2023,추석,2023-10-02,월,경기,성남시,7,0,1,8
2023,추석,2023-10-02,월,경기,소계,107,1,32,152
2023,추석,2023-10-02,월,경기,수원시,11,0,2,12
2023,추석,2023-10-02,월,경기,시흥시,3,0,2,6
2023,추석,2023-10-02,월,경기,안산시,8,0,3,14
2023,추석,2023-10-02,월,경기,안성시,1,0,0,1
2023,추석,2023-10-02,월,경기,안양시,0,0,0,0
2023,추석,2023-10-02,월,경기,양주시,0,0,0,0
2023,추석,2023-10-02,월,경기,양평군,2,0,2,4
2023,추석,2023-10-02,월,경기,여주시,0,0,0,0
2023,추석,2023-10-02,월,경기,연천군,0,0,0,0
2023,추석,2023-10-02,월,경기,오산시,2,0,0,5
2023,추석,2023-10-02,월,경기,용인시,7,0,2,12
2023,추석,2023-10-02,월,경기,의왕시,0,0,0,0
2023,추석,2023-10-02,월,경기,의정부시,5,0,3,6
2023,추석,2023-10-02,월,경기,이천시,0,0,0,0
2023,추석,2023-10-02,월,경기,파주시,3,0,2,3
2023,추석,2023-10-02,월,경기,평택시,5,0,1,6
2023,추석,2023-10-02,월,경기,포천시,1,0,1,1
2023,추석,2023-10-02,월,경기,하남시,2,0,1,2
2023,추석,2023-10-02,월,경기,화성시,5,0,1,7
2023,추석,2023-10-02,월,경남,거제시,2,1,1,1
2023,추석,2023-10-02,월,경남,거창군,0,0,0,0
2023,추석,2023-10-02,월,경남,고성군,0,0,0,0
2023,추석,2023-10-02,월,경남,김해시,5,1,1,14
2023,추석,2023-10-02,월,경남,남해군,1,0,0,2
2023,추석,2023-10-02,월,경남,밀양시,1,0,1,2
2023,추석,2023-10-02,월,경남,사천시,0,0,0,0
2023,추석,2023-10-02,월,경남,산청군,0,0,0,0
2023,추석,2023-10-02,월,경남,소계,24,3,5,35
2023,추석,2023-10-02,월,경남,양산시,6,0,1,6
2023,추석,2023-10-02,월,경남,의령군,1,0,0,1
2023,추석,2023-10-02,월,경남,진주시,1,0,0,1
2023,추석,2023-10-02,월,경남,창녕군,0,0,0,0
2023,추석,2023-10-02,월,경남,창원시,3,1,1,2
2023,추석,2023-10-02,월,경남,통영시,0,0,0,0
2023,추석,2023-10-02,월,경남,하동군,1,0,0,1
2023,추석,2023-10-02,월,경남,함안군,0,0,0,0
2023,추석,2023-10-02,월,경남,함양군,2,0,0,4
2023,추석,2023-10-02,월,경남,합천군,1,0,0,1
2023,추석,2023-10-02,월,경북,경산시,2,0,1,2
2023,추석,2023-10-02,월,경북,경주시,2,0,0,5
2023,추석,2023-10-02,월,경북,고령군,0,0,0,0
2023,추석,2023-10-02,월,경북,구미시,3,0,3,12
2023,추석,2023-10-02,월,경북,군위군,0,0,0,0
2023,추석,2023-10-02,월,경북,김천시,0,0,0,0
2023,추석,2023-10-02,월,경북,문경시,0,0,0,0
2023,추석,2023-10-02,월,경북,봉화군,1,0,0,1
2023,추석,2023-10-02,월,경북,상주시,2,0,2,4
2023,추석,2023-10-02,월,경북,성주군,1,0,0,2
2023,추석,2023-10-02,월,경북,소계,26,2,13,45
2023,추석,2023-10-02,월,경북,안동시,3,0,1,5
2023,추석,2023-10-02,월,경북,영덕군,0,0,0,0
2023,추석,2023-10-02,월,경북,영양군,0,0,0,0
2023,추석,2023-10-02,월,경북,영주시,1,0,1,1
2023,추석,2023-10-02,월,경북,영천시,0,0,0,0
2023,추석,2023-10-02,월,경북,예천군,0,0,0,0
2023,추석,2023-10-02,월,경북,울릉군,0,0,0,0
2023,추석,2023-10-02,월,경북,울진군,1,0,1,1
2023,추석,2023-10-02,월,경북,의성군,1,0,1,2
2023,추석,2023-10-02,월,경북,청도군,2,1,0,1
2023,추석,2023-10-02,월,경북,청송군,0,0,0,0
2023,추석,2023-10-02,월,경북,칠곡군,1,1,0,1
2023,추석,2023-10-02,월,경북,포항시,6,0,3,8
2023,추석,2023-10-02,월,광주,광산구,3,0,1,7
2023,추석,2023-10-02,월,광주,남구,2,0,0,3
2023,추석,2023-10-02,월,광주,동구,0,0,0,0
2023,추석,2023-10-02,월,광주,북구,4,0,5,17
2023,추석,2023-10-02,월,광주,서구,3,0,0,5
2023,추석,2023-10-02,월,광주,소계,12,0,6,32
2023,추석,2023-10-02,월,대구,군위군,2,0,0,4
2023,추석,2023-10-02,월,대구,남구,2,0,0,3
2023,추석,2023-10-02,월,대구,달서구,5,0,1,5
2023,추석,2023-10-02,월,대구,달성군,1,0,0,1
2023,추석,2023-10-02,월,대구,동구,4,0,0,9
2023,추석,2023-10-02,월,대구,북구,9,0,1,12
2023,추석,2023-10-02,월,대구,서구,0,0,0,0
2023,추석,2023-10-02,월,대구,소계,34,0,4,58
2023,추석,2023-10-02,월,대구,수성구,6,0,2,17
2023,추석,2023-10-02,월,대구,중구,5,0,0,7
2023,추석,2023-10-02,월,대전,대덕구,0,0,0,0
2023,추석,2023-10-02,월,대전,동구,3,0,1,3
2023,추석,2023-10-02,월,대전,서구,6,0,0,7
2023,추석,2023-10-02,월,대전,소계,15,0,3,18
2023,추석,2023-10-02,월,대전,유성구,4,0,1,5
2023,추석,2023-10-02,월,대전,중구,2,0,1,3
2023,추석,2023-10-02,월,부산,강서구,0,0,0,0
2023,추석,2023-10-02,월,부산,금정구,2,0,0,4
2023,추석,2023-10-02,월,부산,기장군,2,0,1,3
2023,추석,2023-10-02,월,부산,남구,1,0,0,1
2023,추석,2023-10-02,월,부산,동구,1,0,0,1
2023,추석,2023-10-02,월,부산,동래구,4,0,3,5
2023,추석,2023-10-02,월,부산,북구,0,0,0,0
2023,추석,2023-10-02,월,부산,사상구,2,0,0,2
2023,추석,2023-10-02,월,부산,사하구,0,0,0,0
2023,추석,2023-10-02,월,부산,서구,2,0,1,2
2023,추석,2023-10-02,월,부산,소계,23,0,6,27
2023,추석,2023-10-02,월,부산,수영구,2,0,0,2
2023,추석,2023-10-02,월,부산,연제구,2,0,1,2
2023,추석,2023-10-02,월,부산,영도구,1,0,0,1
2023,추석,2023-10-02,월,부산,중구,1,0,0,1
2023,추석,2023-10-02,월,부산,진구,3,0,0,3
2023,추석,2023-10-02,월,부산,해운대구,0,0,0,0
2023,추석,2023-10-02,월,서울,강남구,5,0,1,7
2023,추석,2023-10-02,월,서울,강동구,3,0,1,3
2023,추석,2023-10-02,월,서울,강북구,0,0,0,0
2023,추석,2023-10-02,월,서울,강서구,2,0,1,3
2023,추석,2023-10-02,월,서울,관악구,4,0,3,6
2023,추석,2023-10-02,월,서울,광진구,0,0,0,0
2023,추석,2023-10-02,월,서울,구로구,4,0,3,4
2023,추석,2023-10-02,월,서울,금천구,3,0,1,3
2023,추석,2023-10-02,월,서울,노원구,6,0,4,11
2023,추석,2023-10-02,월,서울,도봉구,2,0,0,3
2023,추석,2023-10-02,월,서울,동대문구,4,0,1,5
2023,추석,2023-10-02,월,서울,동작구,4,0,2,6
2023,추석,2023-10-02,월,서울,마포구,2,0,1,2
2023,추석,2023-10-02,월,서울,서대문구,3,0,1,4
2023,추석,2023-10-02,월,서울,서초구,2,0,0,13
2023,추석,2023-10-02,월,서울,성동구,3,0,0,8
2023,추석,2023-10-02,월,서울,성북구,6,0,0,6
2023,추석,2023-10-02,월,서울,소계,76,0,24,119
2023,추석,2023-10-02,월,서울,송파구,9,0,1,15
2023,추석,2023-10-02,월,서울,양천구,3,0,2,3
2023,추석,2023-10-02,월,서울,영등포구,5,0,1,6
2023,추석,2023-10-02,월,서울,용산구,4,0,1,4
2023,추석,2023-10-02,월,서울,은평구,0,0,0,0
2023,추석,2023-10-02,월,서울,종로구,1,0,0,2
2023,추석,2023-10-02,월,서울,중구,0,0,0,0
2023,추석,2023-10-02,월,서울,중랑구,1,0,0,5
2023,추석,2023-10-02,월,세종,세종시,3,0,4,5
2023,추석,2023-10-02,월,세종,소계,3,0,4,5
2023,추석,2023-10-02,월,울산,남구,3,0,1,4
2023,추석,2023-10-02,월,울산,동구,2,0,1,2
2023,추석,2023-10-02,월,울산,북구,4,0,2,13
2023,추석,2023-10-02,월,울산,소계,17,0,7,32
2023,추석,2023-10-02,월,울산,울주군,6,0,2,7
2023,추석,2023-10-02,월,울산,중구,2,0,1,6
2023,추석,2023-10-02,월,인천,강화군,2,1,1,3
2023,추석,2023-10-02,월,인천,계양구,0,0,0,0
2023,추석,2023-10-02,월,인천,남동구,2,0,0,2
2023,추석,2023-10-02,월,인천,동구,0,0,0,0
2023,추석,2023-10-02,월,인천,미추홀구,4,1,0,4
2023,추석,2023-10-02,월,인천,부평구,3,0,1,3
2023,추석,2023-10-02,월,인천,서구,3,0,2,4
2023,추석,2023-10-02,월,인천,소계,16,2,4,19
2023,추석,2023-10-02,월,인천,연수구,0,0,0,0
2023,추석,2023-10-02,월,인천,옹진군,0,0,0,0
2023,추석,2023-10-02,월,인천,중구,2,0,0,3
2023,추석,2023-10-02,월,전국,전국,453,9,146,731
2023,추석,2023-10-02,월,전남,강진군,2,0,2,6
2023,추석,2023-10-02,월,전남,고흥군,0,0,0,0
2023,추석,2023-10-02,월,전남,곡성군,1,0,1,2
2023,추석,2023-10-02,월,전남,광양시,1,0,1,1
2023,추석,2023-10-02,월,전남,구례군,1,0,1,3
2023,추석,2023-10-02,월,전남,나주시,1,0,0,1
2023,추석,2023-10-02,월,전남,담양군,0,0,0,0
2023,추석,2023-10-02,월,전남,목포시,1,0,0,2
2023,추석,2023-10-02,월,전남,무안군,0,0,0,0
2023,추석,2023-10-02,월,전남,보성군,0,0,0,0
2023,추석,2023-10-02,월,전남,소계,23,0,9,45
2023,추석,2023-10-02,월,전남,순천시,3,0,0,4
2023,추석,2023-10-02,월,전남,신안군,0,0,0,0
2023,추석,2023-10-02,월,전남,여수시,7,0,1,11
2023,추석,2023-10-02,월,전남,영광군,0,0,0,0
2023,추석,2023-10-02,월,전남,영암군,0,0,0,0
2023,추석,2023-10-02,월,전남,완도군,1,0,0,2
2023,추석,2023-10-02,월,전남,장성군,2,0,2,6
2023,추석,2023-10-02,월,전남,장흥군,0,0,0,0
2023,추석,2023-10-02,월,전남,진도군,0,0,0,0
2023,추석,2023-10-02,월,전남,함평군,1,0,1,2
2023,추석,2023-10-02,월,전남,해남군,0,0,0,0
2023,추석,2023-10-02,월,전남,화순군,2,0,0,5
2023,추석,2023-10-02,월,전북,고창군,0,0,0,0
2023,추석,2023-10-02,월,전북,군산시,5,0,2,13
2023,추석,2023-10-02,월,전북,김제시,0,0,0,0
2023,추석,2023-10-02,월,전북,남원시,0,0,0,0
2023,추석,2023-10-02,월,전북,무주군,0,0,0,0
2023,추석,2023-10-02,월,전북,부안군,0,0,0,0
2023,추석,2023-10-02,월,전북,소계,13,1,5,22
2023,추석,2023-10-02,월,전북,순창군,0,0,0,0
2023,추석,2023-10-02,월,전북,완주군,0,0,0,0
2023,추석,2023-10-02,월,전북,익산시,2,0,0,3
2023,추석,2023-10-02,월,전북,임실군,0,0,0,0
2023,추석,2023-10-02,월,전북,장수군,0,0,0,0
2023,추석,2023-10-02,월,전북,전주시,6,1,3,6
2023,추석,2023-10-02,월,전북,정읍시,0,0,0,0
2023,추석,2023-10-02,월,전북,진안군,0,0,0,0
2023,추석,2023-10-02,월,제주,서귀포시,1,0,0,6
2023,추석,2023-10-02,월,제주,소계,7,0,3,14
2023,추석,2023-10-02,월,제주,제주시,6,0,3,8
2023,추석,2023-10-02,월,충남,계룡시,0,0,0,0
2023,추석,2023-10-02,월,충남,공주시,0,0,0,0
2023,추석,2023-10-02,월,충남,금산군,0,0,0,0
2023,추석,2023-10-02,월,충남,논산시,1,0,1,2
2023,추석,2023-10-02,월,충남,당진시,1,0,0,1
2023,추석,2023-10-02,월,충남,보령시,0,0,0,0
2023,추석,2023-10-02,월,충남,부여군,2,0,1,3
2023,추석,2023-10-02,월,충남,서산시,4,0,2,9
2023,추석,2023-10-02,월,충남,서천군,1,0,1,1
2023,추석,2023-10-02,월,충남,소계,21,0,7,42
2023,추석,2023-10-02,월,충남,아산시,2,0,0,4
2023,추석,2023-10-02,월,충남,예산군,3,0,0,9
2023,추석,2023-10-02,월,충남,천안시,6,0,2,12
2023,추석,2023-10-02,월,충남,청양군,0,0,0,0
2023,추석,2023-10-02,월,충남,태안군,0,0,0,0
2023,추석,2023-10-02,월,충남,홍성군,1,0,0,1
2023,추석,2023-10-02,월,충북,괴산군,1,0,0,1
2023,추석,2023-10-02,월,충북,단양군,0,0,0,0
2023,추석,2023-10-02,월,충북,보은군,0,0,0,0
2023,추석,2023-10-02,월,충북,소계,14,0,9,30
2023,추석,2023-10-02,월,충북,영동군,0,0,0,0
2023,추석,2023-10-02,월,충북,옥천군,1,0,1,2
2023,추석,2023-10-02,월,충북,음성군,2,0,0,5
2023,추석,2023-10-02,월,충북,제천시,1,0,0,1
2023,추석,2023-10-02,월,충북,증평군,0,0,0,0
2023,추석,2023-10-02,월,충북,진천군,0,0,0,0
2023,추석,2023-10-02,월,충북,청주시,7,0,6,17
2023,추석,2023-10-02,월,충북,충주시,2,0,2,4
2024,설날,2024-02-09,금,강원,강릉시,1,1,0,0
2024,설날,2024-02-09,금,강원,고성군,1,0,0,1
2024,설날,2024-02-09,금,강원,동해시,2,0,1,2
2024,설날,2024-02-09,금,강원,삼척시,0,0,0,0
2024,설날,2024-02-09,금,강원,소계,14,1,9,28
2024,설날,2024-02-09,금,강원,속초시,1,0,1,2
2024,설날,2024-02-09,금,강원,양구군,1,0,0,3
2024,설날,2024-02-09,금,강원,양양군,0,0,0,0
2024,설날,2024-02-09,금,강원,영월군,1,0,2,3
2024,설날,2024-02-09,금,강원,원주시,0,0,0,0
2024,설날,2024-02-09,금,강원,인제군,2,0,1,4
2024,설날,2024-02-09,금,강원,정선군,1,0,1,1
2024,설날,2024-02-09,금,강원,철원군,0,0,0,0
2024,설날,2024-02-09,금,강원,춘천시,1,0,3,7
2024,설날,2024-02-09,금,강원,태백시,2,0,0,4
2024,설날,2024-02-09,금,강원,평창군,1,0,0,1
2024,설날,2024-02-09,금,강원,홍천군,0,0,0,0
2024,설날,2024-02-09,금,강원,화천군,0,0,0,0
2024,설날,2024-02-09,금,강원,횡성군,0,0,0,0
2024,설날,2024-02-09,금,경기,가평군,1,0,0,3
2024,설날,2024-02-09,금,경기,고양시,11,0,8,22
2024,설날,2024-02-09,금,경기,과천시,0,0,0,0
2024,설날,2024-02-09,금,경기,광명시,2,0,0,2
2024,설날,2024-02-09,금,경기,광주시,2,0,0,2
2024,설날,2024-02-09,금,경기,구리시,0,0,0,0
2024,설날,2024-02-09,금,경기,군포시,2,0,1,2
2024,설날,2024-02-09,금,경기,김포시,2,0,0,3
2024,설날,2024-02-09,금,경기,남양주시,1,1,0,0
2024,설날,2024-02-09,금,경기,동두천시,0,0,0,0
2024,설날,2024-02-09,금,경기,부천시,8,0,1,14
2024,설날,2024-02-09,금,경기,성남시,1,0,1,1
2024,설날,2024-02-09,금,경기,소계,91,2,25,158
2024,설날,2024-02-09,금,경기,수원시,9,0,5,19
2024,설날,2024-02-09,금,경기,시흥시,5,0,1,9
2024,설날,2024-02-09,금,경기,안산시,7,0,2,10
2024,설날,2024-02-09,금,경기,안성시,1,0,1,5
2024,설날,2024-02-09,금,경기,안양시,5,0,2,6
2024,설날,2024-02-09,금,경기,양주시,1,0,0,3
2024,설날,2024-02-09,금,경기,양평군,2,0,0,5
2024,설날,2024-02-09,금,경기,여주시,2,0,0,3
2024,설날,2024-02-09,금,경기,연천군,0,0,0,0
2024,설날,2024-02-09,금,경기,오산시,0,0,0,0
2024,설날,2024-02-09,금,경기,용인시,6,0,1,16
2024,설날,2024-02-09,금,경기,의왕시,2,0,0,3
2024,설날,2024-02-09,금,경기,의정부시,5,0,0,5
2024,설날,2024-02-09,금,경기,이천시,1,0,0,2
2024,설날,2024-02-09,금,경기,파주시,3,0,0,5
2024,설날,2024-02-09,금,경기,평택시,8,0,1,14
2024,설날,2024-02-09,금,경기,포천시,1,0,0,1
2024,설날,2024-02-09,금,경기,하남시,0,0,0,0
2024,설날,2024-02-09,금,경기,화성시,3,1,1,3
2024,설날,2024-02-09,금,경남,거제시,0,0,0,0
2024,설날,2024-02-09,금,경남,거창군,1,0,0,2
2024,설날,2024-02-09,금,경남,고성군,0,0,0,0
2024,설날,2024-02-09,금,경남,김해시,1,0,0,1
2024,설날,2024-02-09,금,경남,남해군,0,0,0,0
2024,설날,2024-02-09,금,경남,밀양시,1,0,0,5
2024,설날,2024-02-09,금,경남,사천시,2,0,0,3
2024,설날,2024-02-09,금,경남,산청군,0,0,0,0
2024,설날,2024-02-09,금,경남,소계,21,0,4,32
2024,설날,2024-02-09,금,경남,양산시,4,0,2,5
2024,설날,2024-02-09,금,경남,의령군,0,0,0,0
2024,설날,2024-02-09,금,경남,진주시,0,0,0,0
2024,설날,2024-02-09,금,경남,창녕군,0,0,0,0
2024,설날,2024-02-09,금,경남,창원시,5,0,0,5
2024,설날,2024-02-09,금,경남,통영시,0,0,0,0
2024,설날,2024-02-09,금,경남,하동군,1,0,0,4
2024,설날,2024-02-09,금,경남,함안군,1,0,0,1
2024,설날,2024-02-09,금,경남,함양군,3,0,1,4
2024,설날,2024-02-09,금,경남,합천군,2,0,1,2
2024,설날,2024-02-09,금,경북,경산시,1,0,0,1
2024,설날,2024-02-09,금,경북,경주시,1,0,0,3
2024,설날,2024-02-09,금,경북,고령군,0,0,0,0
2024,설날,2024-02-09,금,경북,구미시,1,0,1,1
2024,설날,2024-02-09,금,경북,김천시,0,0,0,0
2024,설날,2024-02-09,금,경북,문경시,0,0,0,0
2024,설날,2024-02-09,금,경북,봉화군,0,0,0,0
2024,설날,2024-02-09,금,경북,상주시,1,0,0,1
2024,설날,2024-02-09,금,경북,성주군,1,0,0,3
2024,설날,2024-02-09,금,경북,소계,14,1,2,21
2024,설날,2024-02-09,금,경북,안동시,1,0,0,2
2024,설날,2024-02-09,금,경북,영덕군,0,0,0,0
2024,설날,2024-02-09,금,경북,영양군,0,0,0,0
2024,설날,2024-02-09,금,경북,영주시,0,0,0,0
2024,설날,2024-02-09,금,경북,영천시,0,0,0,0
2024,설날,2024-02-09,금,경북,예천군,1,1,0,0
2024,설날,2024-02-09,금,경북,울릉군,0,0,0,0
2024,설날,2024-02-09,금,경북,울진군,0,0,0,0
2024,설날,2024-02-09,금,경북,의성군,1,0,0,1
2024,설날,2024-02-09,금,경북,청도군,0,0,0,0
2024,설날,2024-02-09,금,경북,청송군,1,0,1,1
2024,설날,2024-02-09,금,경북,칠곡군,0,0,0,0
2024,설날,2024-02-09,금,경북,포항시,5,0,0,8
2024,설날,2024-02-09,금,광주,광산구,1,0,3,5
2024,설날,2024-02-09,금,광주,남구,0,0,0,0
2024,설날,2024-02-09,금,광주,동구,0,0,0,0
2024,설날,2024-02-09,금,광주,북구,6,0,0,7
2024,설날,2024-02-09,금,광주,서구,5,0,0,6
2024,설날,2024-02-09,금,광주,소계,12,0,3,18
2024,설날,2024-02-09,금,대구,군위군,0,0,0,0
2024,설날,2024-02-09,금,대구,남구,0,0,0,0
2024,설날,2024-02-09,금,대구,달서구,2,0,0,2
2024,설날,2024-02-09,금,대구,달성군,3,0,0,3
2024,설날,2024-02-09,금,대구,동구,5,0,0,7
2024,설날,2024-02-09,금,대구,북구,6,0,2,10
2024,설날,2024-02-09,금,대구,서구,2,0,0,2
2024,설날,2024-02-09,금,대구,소계,22,0,3,29
2024,설날,2024-02-09,금,대구,수성구,2,0,0,3
2024,설날,2024-02-09,금,대구,중구,2,0,1,2
2024,설날,2024-02-09,금,대전,대덕구,2,0,0,3
2024,설날,2024-02-09,금,대전,동구,2,0,1,2
2024,설날,2024-02-09,금,대전,서구,3,0,0,5
2024,설날,2024-02-09,금,대전,소계,12,0,2,16
2024,설날,2024-02-09,금,대전,유성구,3,0,1,3
2024,설날,2024-02-09,금,대전,중구,2,0,0,3
2024,설날,2024-02-09,금,부산,강서구,2,0,1,2
2024,설날,2024-02-09,금,부산,금정구,2,0,0,2
2024,설날,2024-02-09,금,부산,기장군,2,0,0,3
2024,설날,2024-02-09,금,부산,남구,0,0,0,0
2024,설날,2024-02-09,금,부산,동구,1,0,0,1
2024,설날,2024-02-09,금,부산,동래구,2,0,2,3
2024,설날,2024-02-09,금,부산,북구,3,0,0,5
2024,설날,2024-02-09,금,부산,사상구,2,0,0,3
2024,설날,2024-02-09,금,부산,사하구,4,0,3,4
2024,설날,2024-02-09,금,부산,서구,1,0,0,2
2024,설날,2024-02-09,금,부산,소계,27,0,11,36
2024,설날,2024-02-09,금,부산,수영구,0,0,0,0
2024,설날,2024-02-09,금,부산,연제구,1,0,1,3
2024,설날,2024-02-09,금,부산,영도구,1,0,0,1
2024,설날,2024-02-09,금,부산,중구,1,0,0,1
2024,설날,2024-02-09,금,부산,진구,2,0,1,3
2024,설날,2024-02-09,금,부산,해운대구,3,0,3,3
2024,설날,2024-02-09,금,서울,강남구,5,0,1,9
2024,설날,2024-02-09,금,서울,강동구,0,0,0,0
2024,설날,2024-02-09,금,서울,강북구,0,0,0,0
2024,설날,2024-02-09,금,서울,강서구,1,0,0,3
2024,설날,2024-02-09,금,서울,관악구,3,0,0,4
2024,설날,2024-02-09,금,서울,광진구,1,0,0,1
2024,설날,2024-02-09,금,서울,구로구,1,0,0,1
2024,설날,2024-02-09,금,서울,금천구,2,0,0,2
2024,설날,2024-02-09,금,서울,노원구,0,0,0,0
2024,설날,2024-02-09,금,서울,도봉구,1,0,0,1
2024,설날,2024-02-09,금,서울,동대문구,0,0,0,0
2024,설날,2024-02-09,금,서울,동작구,3,0,2,4
2024,설날,2024-02-09,금,서울,마포구,2,0,1,2
2024,설날,2024-02-09,금,서울,서대문구,2,0,3,6
2024,설날,2024-02-09,금,서울,서초구,1,0,1,1
2024,설날,2024-02-09,금,서울,성동구,2,0,1,3
2024,설날,2024-02-09,금,서울,성북구,2,0,0,7
2024,설날,2024-02-09,금,서울,소계,40,0,11,67
2024,설날,2024-02-09,금,서울,송파구,3,0,0,6
2024,설날,2024-02-09,금,서울,양천구,2,0,0,3
2024,설날,2024-02-09,금,서울,영등포구,1,0,0,1
2024,설날,2024-02-09,금,서울,용산구,2,0,0,3
2024,설날,2024-02-09,금,서울,은평구,2,0,1,3
2024,설날,2024-02-09,금,서울,종로구,0,0,0,0
2024,설날,2024-02-09,금,서울,중구,0,0,0,0
2024,설날,2024-02-09,금,서울,중랑구,4,0,1,7
2024,설날,2024-02-09,금,세종,세종시,1,0,1,1
2024,설날,2024-02-09,금,세종,소계,1,0,1,1
2024,설날,2024-02-09,금,울산,남구,3,0,2,5
2024,설날,2024-02-09,금,울산,동구,0,0,0,0
2024,설날,2024-02-09,금,울산,북구,2,0,1,3
2024,설날,2024-02-09,금,울산,소계,11,0,5,17
2024,설날,2024-02-09,금,울산,울주군,0,0,0,0
2024,설날,2024-02-09,금,울산,중구,6,0,2,9
2024,설날,2024-02-09,금,인천,강화군,0,0,0,0
2024,설날,2024-02-09,금,인천,계양구,0,0,0,0
2024,설날,2024-02-09,금,인천,남동구,8,0,1,13
2024,설날,2024-02-09,금,인천,동구,0,0,0,0
2024,설날,2024-02-09,금,인천,미추홀구,3,0,1,4
2024,설날,2024-02-09,금,인천,부평구,3,0,1,5
2024,설날,2024-02-09,금,인천,서구,1,0,1,1
2024,설날,2024-02-09,금,인천,소계,16,0,4,24
2024,설날,2024-02-09,금,인천,연수구,0,0,0,0
2024,설날,2024-02-09,금,인천,옹진군,0,0,0,0
2024,설날,2024-02-09,금,인천,중구,1,0,0,1
2024,설날,2024-02-09,금,전국,전국,359,6,115,606
2024,설날,2024-02-09,금,전남,강진군,0,0,0,0
2024,설날,2024-02-09,금,전남,고흥군,0,0,0,0
2024,설날,2024-02-09,금,전남,곡성군,0,0,0,0
2024,설날,2024-02-09,금,전남,광양시,2,0,0,4
2024,설날,2024-02-09,금,전남,구례군,1,0,0,1
2024,설날,2024-02-09,금,전남,나주시,1,0,0,2
2024,설날,2024-02-09,금,전남,담양군,3,1,3,6
2024,설날,2024-02-09,금,전남,목포시,4,0,0,8
2024,설날,2024-02-09,금,전남,무안군,1,0,1,2
2024,설날,2024-02-09,금,전남,보성군,0,0,0,0
2024,설날,2024-02-09,금,전남,소계,16,1,4,32
2024,설날,2024-02-09,금,전남,순천시,1,0,0,1
2024,설날,2024-02-09,금,전남,신안군,0,0,0,0
2024,설날,2024-02-09,금,전남,여수시,1,0,0,1
2024,설날,2024-02-09,금,전남,영광군,0,0,0,0
2024,설날,2024-02-09,금,전남,영암군,0,0,0,0
2024,설날,2024-02-09,금,전남,완도군,0,0,0,0
2024,설날,2024-02-09,금,전남,장성군,0,0,0,0
2024,설날,2024-02-09,금,전남,장흥군,0,0,0,0
2024,설날,2024-02-09,금,전남,진도군,0,0,0,0
2024,설날,2024-02-09,금,전남,함평군,1,0,0,4
2024,설날,2024-02-09,금,전남,해남군,1,0,0,3
2024,설날,2024-02-09,금,전남,화순군,0,0,0,0
2024,설날,2024-02-09,금,전북,고창군,1,0,0,3
2024,설날,2024-02-09,금,전북,군산시,2,0,3,8
2024,설날,2024-02-09,금,전북,김제시,0,0,0,0
2024,설날,2024-02-09,금,전북,남원시,0,0,0,0
2024,설날,2024-02-09,금,전북,무주군,1,0,0,1
2024,설날,2024-02-09,금,전북,부안군,1,0,0,4
2024,설날,2024-02-09,금,전북,소계,11,0,6,28
2024,설날,2024-02-09,금,전북,순창군,0,0,0,0
2024,설날,2024-02-09,금,전북,완주군,0,0,0,0
2024,설날,2024-02-09,금,전북,익산시,0,0,0,0
2024,설날,2024-02-09,금,전북,임실군,0,0,0,0
2024,설날,2024-02-09,금,전북,장수군,0,0,0,0
2024,설날,2024-02-09,금,전북,전주시,6,0,3,12
2024,설날,2024-02-09,금,전북,정읍시,0,0,0,0
2024,설날,2024-02-09,금,전북,진안군,0,0,0,0
2024,설날,2024-02-09,금,제주,서귀포시,3,0,0,3
2024,설날,2024-02-09,금,제주,소계,11,0,4,18
2024,설날,2024-02-09,금,제주,제주시,8,0,4,15
2024,설날,2024-02-09,금,충남,계룡시,0,0,0,0
2024,설날,2024-02-09,금,충남,공주시,1,0,1,1
2024,설날,2024-02-09,금,충남,금산군,0,0,0,0
2024,설날,2024-02-09,금,충남,논산시,0,0,0,0
2024,설날,2024-02-09,금,충남,당진시,0,0,0,0
2024,설날,2024-02-09,금,충남,보령시,0,0,0,0
2024,설날,2024-02-09,금,충남,부여군,0,0,0,0
2024,설날,2024-02-09,금,충남,서산시,1,0,2,2
2024,설날,2024-02-09,금,충남,서천군,2,0,1,7
2024,설날,2024-02-09,금,충남,소계,18,0,9,30
2024,설날,2024-02-09,금,충남,아산시,3,0,2,4
2024,설날,2024-02-09,금,충남,예산군,1,0,1,1
2024,설날,2024-02-09,금,충남,천안시,9,0,1,14
2024,설날,2024-02-09,금,충남,청양군,0,0,0,0
2024,설날,2024-02-09,금,충남,태안군,1,0,1,1
2024,설날,2024-02-09,금,충남,홍성군,0,0,0,0
2024,설날,2024-02-09,금,충북,괴산군,0,0,0,0
2024,설날,2024-02-09,금,충북,단양군,1,0,0,1
2024,설날,2024-02-09,금,충북,보은군,0,0,0,0
2024,설날,2024-02-09,금,충북,소계,22,1,12,51
2024,설날,2024-02-09,금,충북,영동군,1,0,0,1
2024,설날,2024-02-09,금,충북,옥천군,2,0,0,6
2024,설날,2024-02-09,금,충북,음성군,1,0,0,2
2024,설날,2024-02-09,금,충북,제천시,1,0,4,7
2024,설날,2024-02-09,금,충북,증평군,0,0,0,0
2024,설날,2024-02-09,금,충북,진천군,1,1,0,0
2024,설날,2024-02-09,금,충북,청주시,11,0,5,28
2024,설날,2024-02-09,금,충북,충주시,4,0,3,6
2024,설날,2024-02-10,토,강원,강릉시,2,0,1,2
2024,설날,2024-02-10,토,강원,고성군,1,0,0,1
2024,설날,2024-02-10,토,강원,동해시,0,0,0,0
2024,설날,2024-02-10,토,강원,삼척시,1,0,0,1
2024,설날,2024-02-10,토,강원,소계,7,0,3,11
2024,설날,2024-02-10,토,강원,속초시,1,0,1,1
2024,설날,2024-02-10,토,강원,양구군,0,0,0,0
2024,설날,2024-02-10,토,강원,양양군,0,0,0,0
2024,설날,2024-02-10,토,강원,영월군,0,0,0,0
2024,설날,2024-02-10,토,강원,원주시,1,0,0,4
2024,설날,2024-02-10,토,강원,인제군,0,0,0,0
2024,설날,2024-02-10,토,강원,정선군,0,0,0,0
2024,설날,2024-02-10,토,강원,철원군,1,0,1,2
2024,설날,2024-02-10,토,강원,춘천시,0,0,0,0
2024,설날,2024-02-10,토,강원,태백시,0,0,0,0
2024,설날,2024-02-10,토,강원,평창군,0,0,0,0
2024,설날,2024-02-10,토,강원,홍천군,0,0,0,0
2024,설날,2024-02-10,토,강원,화천군,0,0,0,0
2024,설날,2024-02-10,토,강원,횡성군,0,0,0,0
2024,설날,2024-02-10,토,경기,가평군,1,0,1,6
2024,설날,2024-02-10,토,경기,고양시,3,0,0,6
2024,설날,2024-02-10,토,경기,과천시,0,0,0,0
2024,설날,2024-02-10,토,경기,광명시,3,0,0,6
2024,설날,2024-02-10,토,경기,광주시,4,1,3,6
2024,설날,2024-02-10,토,경기,구리시,2,0,0,3
2024,설날,2024-02-10,토,경기,군포시,0,0,0,0
2024,설날,2024-02-10,토,경기,김포시,0,0,0,0
2024,설날,2024-02-10,토,경기,남양주시,2,0,0,2
2024,설날,2024-02-10,토,경기,동두천시,1,0,0,1
2024,설날,2024-02-10,토,경기,부천시,6,0,0,9
2024,설날,2024-02-10,토,경기,성남시,5,0,0,5
2024,설날,2024-02-10,토,경기,소계,81,1,22,182
2024,설날,2024-02-10,토,경기,수원시,6,0,2,7
2024,설날,2024-02-10,토,경기,시흥시,5,0,0,13
2024,설날,2024-02-10,토,경기,안산시,5,0,2,10
2024,설날,2024-02-10,토,경기,안성시,1,0,1,2
2024,설날,2024-02-10,토,경기,안양시,2,0,1,2
2024,설날,2024-02-10,토,경기,양주시,1,0,0,1
2024,설날,2024-02-10,토,경기,양평군,1,0,2,5
2024,설날,2024-02-10,토,경기,여주시,0,0,0,0
2024,설날,2024-02-10,토,경기,연천군,1,0,0,1
2024,설날,2024-02-10,토,경기,오산시,2,0,0,6
2024,설날,2024-02-10,토,경기,용인시,6,0,2,15
2024,설날,2024-02-10,토,경기,의왕시,0,0,0,0
2024,설날,2024-02-10,토,경기,의정부시,3,0,0,9
2024,설날,2024-02-10,토,경기,이천시,0,0,0,0
2024,설날,2024-02-10,토,경기,파주시,5,0,2,11
2024,설날,2024-02-10,토,경기,평택시,5,0,2,25
2024,설날,2024-02-10,토,경기,포천시,1,0,0,1
2024,설날,2024-02-10,토,경기,하남시,2,0,4,10
2024,설날,2024-02-10,토,경기,화성시,8,0,0,20
2024,설날,2024-02-10,토,경남,거제시,0,0,0,0
2024,설날,2024-02-10,토,경남,거창군,0,0,0,0
2024,설날,2024-02-10,토,경남,고성군,0,0,0,0
2024,설날,2024-02-10,토,경남,김해시,1,0,0,2
2024,설날,2024-02-10,토,경남,남해군,0,0,0,0
2024,설날,2024-02-10,토,경남,밀양시,1,0,0,1
2024,설날,2024-02-10,토,경남,사천시,0,0,0,0
2024,설날,2024-02-10,토,경남,산청군,0,0,0,0
2024,설날,2024-02-10,토,경남,소계,21,0,14,42
2024,설날,2024-02-10,토,경남,양산시,4,0,0,8
2024,설날,2024-02-10,토,경남,의령군,1,0,1,1
2024,설날,2024-02-10,토,경남,진주시,1,0,0,1
2024,설날,2024-02-10,토,경남,창녕군,2,0,4,4
2024,설날,2024-02-10,토,경남,창원시,7,0,6,16
2024,설날,2024-02-10,토,경남,통영시,1,0,1,1
2024,설날,2024-02-10,토,경남,하동군,0,0,0,0
2024,설날,2024-02-10,토,경남,함안군,1,0,0,3
2024,설날,2024-02-10,토,경남,함양군,1,0,2,2
2024,설날,2024-02-10,토,경남,합천군,1,0,0,3
2024,설날,2024-02-10,토,경북,경산시,1,0,0,1
2024,설날,2024-02-10,토,경북,경주시,1,0,0,1
2024,설날,2024-02-10,토,경북,고령군,0,0,0,0
2024,설날,2024-02-10,토,경북,구미시,1,0,0,1
2024,설날,2024-02-10,토,경북,김천시,0,0,0,0
2024,설날,2024-02-10,토,경북,문경시,0,0,0,0
2024,설날,2024-02-10,토,경북,봉화군,0,0,0,0
2024,설날,2024-02-10,토,경북,상주시,0,0,0,0
2024,설날,2024-02-10,토,경북,성주군,0,0,0,0
2024,설날,2024-02-10,토,경북,소계,8,0,3,13
2024,설날,2024-02-10,토,경북,안동시,1,0,0,1
2024,설날,2024-02-10,토,경북,영덕군,0,0,0,0
2024,설날,2024-02-10,토,경북,영양군,0,0,0,0
2024,설날,2024-02-10,토,경북,영주시,0,0,0,0
2024,설날,2024-02-10,토,경북,영천시,0,0,0,0
2024,설날,2024-02-10,토,경북,예천군,1,0,2,2
2024,설날,2024-02-10,토,경북,울릉군,0,0,0,0
2024,설날,2024-02-10,토,경북,울진군,0,0,0,0
2024,설날,2024-02-10,토,경북,의성군,0,0,0,0
2024,설날,2024-02-10,토,경북,청도군,0,0,0,0
2024,설날,2024-02-10,토,경북,청송군,0,0,0,0
2024,설날,2024-02-10,토,경북,칠곡군,0,0,0,0
2024,설날,2024-02-10,토,경북,포항시,3,0,1,7
2024,설날,2024-02-10,토,광주,광산구,1,0,0,2
2024,설날,2024-02-10,토,광주,남구,1,0,0,1
2024,설날,2024-02-10,토,광주,동구,0,0,0,0
2024,설날,2024-02-10,토,광주,북구,5,0,1,11
2024,설날,2024-02-10,토,광주,서구,4,0,0,5
2024,설날,2024-02-10,토,광주,소계,11,0,1,19
2024,설날,2024-02-10,토,대구,군위군,1,0,0,5
2024,설날,2024-02-10,토,대구,남구,1,0,0,2
2024,설날,2024-02-10,토,대구,달서구,0,0,0,0
2024,설날,2024-02-10,토,대구,달성군,2,0,0,2
2024,설날,2024-02-10,토,대구,동구,1,0,0,2
2024,설날,2024-02-10,토,대구,북구,2,0,1,2
2024,설날,2024-02-10,토,대구,서구,0,0,0,0
2024,설날,2024-02-10,토,대구,소계,11,0,1,21
2024,설날,2024-02-10,토,대구,수성구,3,0,0,6
2024,설날,2024-02-10,토,대구,중구,1,0,0,2
2024,설날,2024-02-10,토,대전,대덕구,1,0,0,5
2024,설날,2024-02-10,토,대전,동구,3,0,2,3
2024,설날,2024-02-10,토,대전,서구,2,0,0,2
2024,설날,2024-02-10,토,대전,소계,10,0,2,18
2024,설날,2024-02-10,토,대전,유성구,3,0,0,7
2024,설날,2024-02-10,토,대전,중구,1,0,0,1
2024,설날,2024-02-10,토,부산,강서구,0,0,0,0
2024,설날,2024-02-10,토,부산,금정구,0,0,0,0
2024,설날,2024-02-10,토,부산,기장군,0,0,0,0
2024,설날,2024-02-10,토,부산,남구,1,0,0,1
2024,설날,2024-02-10,토,부산,동구,0,0,0,0
2024,설날,2024-02-10,토,부산,동래구,0,0,0,0
2024,설날,2024-02-10,토,부산,북구,1,0,0,2
2024,설날,2024-02-10,토,부산,사상구,1,0,1,1
2024,설날,2024-02-10,토,부산,사하구,3,0,0,7
2024,설날,2024-02-10,토,부산,서구,2,0,0,2
2024,설날,2024-02-10,토,부산,소계,16,0,2,31
2024,설날,2024-02-10,토,부산,수영구,1,0,0,2
2024,설날,2024-02-10,토,부산,연제구,0,0,0,0
2024,설날,2024-02-10,토,부산,영도구,2,0,1,3
2024,설날,2024-02-10,토,부산,중구,1,0,0,9
2024,설날,2024-02-10,토,부산,진구,4,0,0,4
2024,설날,2024-02-10,토,부산,해운대구,0,0,0,0
2024,설날,2024-02-10,토,서울,강남구,4,0,1,5
2024,설날,2024-02-10,토,서울,강동구,1,0,0,3
2024,설날,2024-02-10,토,서울,강북구,2,0,1,3
2024,설날,2024-02-10,토,서울,강서구,1,0,0,4
2024,설날,2024-02-10,토,서울,관악구,6,0,3,8
2024,설날,2024-02-10,토,서울,광진구,1,0,0,5
2024,설날,2024-02-10,토,서울,구로구,2,0,0,6
2024,설날,2024-02-10,토,서울,금천구,0,0,0,0
2024,설날,2024-02-10,토,서울,노원구,1,0,0,1
2024,설날,2024-02-10,토,서울,도봉구,3,0,0,3
2024,설날,2024-02-10,토,서울,동대문구,1,0,0,1
2024,설날,2024-02-10,토,서울,동작구,4,0,1,7
2024,설날,2024-02-10,토,서울,마포구,2,0,1,2
2024,설날,2024-02-10,토,서울,서대문구,3,0,0,5
2024,설날,2024-02-10,토,서울,서초구,1,0,1,4
2024,설날,2024-02-10,토,서울,성동구,4,0,2,7
2024,설날,2024-02-10,토,서울,성북구,1,0,0,1
2024,설날,2024-02-10,토,서울,소계,61,0,15,127
2024,설날,2024-02-10,토,서울,송파구,1,0,1,1
2024,설날,2024-02-10,토,서울,양천구,5,0,0,15
2024,설날,2024-02-10,토,서울,영등포구,1,0,1,4
2024,설날,2024-02-10,토,서울,용산구,2,0,3,8
2024,설날,2024-02-10,토,서울,은평구,5,0,0,9
2024,설날,2024-02-10,토,서울,종로구,3,0,0,8
2024,설날,2024-02-10,토,서울,중구,1,0,0,1
2024,설날,2024-02-10,토,서울,중랑구,6,0,0,16
2024,설날,2024-02-10,토,세종,세종시,1,0,0,1
2024,설날,2024-02-10,토,세종,소계,1,0,0,1
2024,설날,2024-02-10,토,울산,남구,1,0,0,1
2024,설날,2024-02-10,토,울산,동구,1,0,1,2
2024,설날,2024-02-10,토,울산,북구,2,0,1,4
2024,설날,2024-02-10,토,울산,소계,5,0,2,11
2024,설날,2024-02-10,토,울산,울주군,1,0,0,4
2024,설날,2024-02-10,토,울산,중구,0,0,0,0
2024,설날,2024-02-10,토,인천,강화군,0,0,0,0
2024,설날,2024-02-10,토,인천,계양구,0,0,0,0
2024,설날,2024-02-10,토,인천,남동구,6,0,0,9
2024,설날,2024-02-10,토,인천,동구,1,0,0,4
2024,설날,2024-02-10,토,인천,미추홀구,2,0,0,3
2024,설날,2024-02-10,토,인천,부평구,3,0,2,4
2024,설날,2024-02-10,토,인천,서구,2,0,1,2
2024,설날,2024-02-10,토,인천,소계,15,0,3,24
2024,설날,2024-02-10,토,인천,연수구,0,0,0,0
2024,설날,2024-02-10,토,인천,옹진군,0,0,0,0
2024,설날,2024-02-10,토,인천,중구,1,0,0,2
2024,설날,2024-02-10,토,전국,전국,314,1,81,662
2024,설날,2024-02-10,토,전남,강진군,0,0,0,0
2024,설날,2024-02-10,토,전남,고흥군,0,0,0,0
2024,설날,2024-02-10,토,전남,곡성군,0,0,0,0
2024,설날,2024-02-10,토,전남,광양시,1,0,0,1
2024,설날,2024-02-10,토,전남,구례군,0,0,0,0
2024,설날,2024-02-10,토,전남,나주시,1,0,0,4
2024,설날,2024-02-10,토,전남,담양군,0,0,0,0
2024,설날,2024-02-10,토,전남,목포시,6,0,0,14
2024,설날,2024-02-10,토,전남,무안군,1,0,0,1
2024,설날,2024-02-10,토,전남,보성군,1,0,0,2
2024,설날,2024-02-10,토,전남,소계,19,0,3,43
2024,설날,2024-02-10,토,전남,순천시,3,0,1,6
2024,설날,2024-02-10,토,전남,신안군,0,0,0,0
2024,설날,2024-02-10,토,전남,여수시,1,0,1,1
2024,설날,2024-02-10,토,전남,영광군,0,0,0,0
2024,설날,2024-02-10,토,전남,영암군,0,0,0,0
2024,설날,2024-02-10,토,전남,완도군,1,0,0,3
2024,설날,2024-02-10,토,전남,장성군,3,0,1,10
2024,설날,2024-02-10,토,전남,장흥군,1,0,0,1
2024,설날,2024-02-10,토,전남,진도군,0,0,0,0
2024,설날,2024-02-10,토,전남,함평군,0,0,0,0
2024,설날,2024-02-10,토,전남,해남군,0,0,0,0
2024,설날,2024-02-10,토,전남,화순군,0,0,0,0
2024,설날,2024-02-10,토,전북,고창군,0,0,0,0
2024,설날,2024-02-10,토,전북,군산시,3,0,0,15
2024,설날,2024-02-10,토,전북,김제시,0,0,0,0
2024,설날,2024-02-10,토,전북,남원시,0,0,0,0
2024,설날,2024-02-10,토,전북,무주군,0,0,0,0
2024,설날,2024-02-10,토,전북,부안군,1,0,0,1
2024,설날,2024-02-10,토,전북,소계,12,0,0,31
2024,설날,2024-02-10,토,전북,순창군,0,0,0,0
2024,설날,2024-02-10,토,전북,완주군,2,0,0,5
2024,설날,2024-02-10,토,전북,익산시,1,0,0,2
2024,설날,2024-02-10,토,전북,임실군,0,0,0,0
2024,설날,2024-02-10,토,전북,장수군,0,0,0,0
2024,설날,2024-02-10,토,전북,전주시,5,0,0,8
2024,설날,2024-02-10,토,전북,정읍시,0,0,0,0
2024,설날,2024-02-10,토,전북,진안군,0,0,0,0
2024,설날,2024-02-10,토,제주,서귀포시,3,0,0,5
2024,설날,2024-02-10,토,제주,소계,8,0,2,16
2024,설날,2024-02-10,토,제주,제주시,5,0,2,11
2024,설날,2024-02-10,토,충남,계룡시,1,0,0,4
2024,설날,2024-02-10,토,충남,공주시,0,0,0,0
2024,설날,2024-02-10,토,충남,금산군,1,0,1,1
2024,설날,2024-02-10,토,충남,논산시,0,0,0,0
2024,설날,2024-02-10,토,충남,당진시,1,0,0,5
2024,설날,2024-02-10,토,충남,보령시,0,0,0,0
2024,설날,2024-02-10,토,충남,부여군,0,0,0,0
2024,설날,2024-02-10,토,충남,서산시,1,0,0,1
2024,설날,2024-02-10,토,충남,서천군,0,0,0,0
2024,설날,2024-02-10,토,충남,소계,17,0,7,34
2024,설날,2024-02-10,토,충남,아산시,1,0,0,1
2024,설날,2024-02-10,토,충남,예산군,2,0,2,7
2024,설날,2024-02-10,토,충남,천안시,9,0,3,14
2024,설날,2024-02-10,토,충남,청양군,0,0,0,0
2024,설날,2024-02-10,토,충남,태안군,0,0,0,0
2024,설날,2024-02-10,토,충남,홍성군,1,0,1,1
2024,설날,2024-02-10,토,충북,괴산군,2,0,0,5
2024,설날,2024-02-10,토,충북,단양군,0,0,0,0
2024,설날,2024-02-10,토,충북,보은군,2,0,1,2
2024,설날,2024-02-10,토,충북,소계,11,0,1,38
2024,설날,2024-02-10,토,충북,영동군,0,0,0,0
2024,설날,2024-02-10,토,충북,옥천군,0,0,0,0
2024,설날,2024-02-10,토,충북,음성군,0,0,0,0
2024,설날,2024-02-10,토,충북,제천시,1,0,0,3
2024,설날,2024-02-10,토,충북,증평군,0,0,0,0
2024,설날,2024-02-10,토,충북,진천군,0,0,0,0
2024,설날,2024-02-10,토,충북,청주시,3,0,0,21
2024,설날,2024-02-10,토,충북,충주시,3,0,0,7
2024,설날,2024-02-11,일,강원,강릉시,0,0,0,0
2024,설날,2024-02-11,일,강원,고성군,0,0,0,0
2024,설날,2024-02-11,일,강원,동해시,0,0,0,0
2024,설날,2024-02-11,일,강원,삼척시,0,0,0,0
2024,설날,2024-02-11,일,강원,소계,11,1,9,27
2024,설날,2024-02-11,일,강원,속초시,0,0,0,0
2024,설날,2024-02-11,일,강원,양구군,0,0,0,0
2024,설날,2024-02-11,일,강원,양양군,0,0,0,0
2024,설날,2024-02-11,일,강원,영월군,0,0,0,0
2024,설날,2024-02-11,일,강원,원주시,2,0,2,5
2024,설날,2024-02-11,일,강원,인제군,0,0,0,0
2024,설날,2024-02-11,일,강원,정선군,2,0,4,6
2024,설날,2024-02-11,일,강원,철원군,0,0,0,0
2024,설날,2024-02-11,일,강원,춘천시,6,1,3,14
2024,설날,2024-02-11,일,강원,태백시,0,0,0,0
2024,설날,2024-02-11,일,강원,평창군,0,0,0,0
2024,설날,2024-02-11,일,강원,홍천군,1,0,0,2
2024,설날,2024-02-11,일,강원,화천군,0,0,0,0
2024,설날,2024-02-11,일,강원,횡성군,0,0,0,0
2024,설날,2024-02-11,일,경기,가평군,0,0,0,0
2024,설날,2024-02-11,일,경기,고양시,5,0,4,16
2024,설날,2024-02-11,일,경기,과천시,0,0,0,0
2024,설날,2024-02-11,일,경기,광명시,0,0,0,0
2024,설날,2024-02-11,일,경기,광주시,2,0,0,9
2024,설날,2024-02-11,일,경기,구리시,1,0,0,1
2024,설날,2024-02-11,일,경기,군포시,0,0,0,0
2024,설날,2024-02-11,일,경기,김포시,1,0,1,9
2024,설날,2024-02-11,일,경기,남양주시,0,0,0,0
2024,설날,2024-02-11,일,경기,동두천시,1,0,0,1
2024,설날,2024-02-11,일,경기,부천시,5,0,1,6
2024,설날,2024-02-11,일,경기,성남시,9,0,1,11
2024,설날,2024-02-11,일,경기,소계,59,0,21,145
2024,설날,2024-02-11,일,경기,수원시,7,0,1,15
2024,설날,2024-02-11,일,경기,시흥시,4,0,2,4
2024,설날,2024-02-11,일,경기,안산시,1,0,0,1
2024,설날,2024-02-11,일,경기,안성시,4,0,3,6
2024,설날,2024-02-11,일,경기,안양시,1,0,0,2
2024,설날,2024-02-11,일,경기,양주시,1,0,1,2
2024,설날,2024-02-11,일,경기,양평군,0,0,0,0
2024,설날,2024-02-11,일,경기,여주시,1,0,0,8
2024,설날,2024-02-11,일,경기,연천군,0,0,0,0
2024,설날,2024-02-11,일,경기,오산시,2,0,0,2
2024,설날,2024-02-11,일,경기,용인시,4,0,3,22
2024,설날,2024-02-11,일,경기,의왕시,0,0,0,0
2024,설날,2024-02-11,일,경기,의정부시,2,0,0,5
2024,설날,2024-02-11,일,경기,이천시,2,0,2,11
2024,설날,2024-02-11,일,경기,파주시,0,0,0,0
2024,설날,2024-02-11,일,경기,평택시,2,0,0,6
2024,설날,2024-02-11,일,경기,포천시,0,0,0,0
2024,설날,2024-02-11,일,경기,하남시,0,0,0,0
2024,설날,2024-02-11,일,경기,화성시,4,0,2,8
2024,설날,2024-02-11,일,경남,거제시,4,0,1,7
2024,설날,2024-02-11,일,경남,거창군,0,0,0,0
2024,설날,2024-02-11,일,경남,고성군,0,0,0,0
2024,설날,2024-02-11,일,경남,김해시,2,0,0,4
2024,설날,2024-02-11,일,경남,남해군,0,0,0,0
2024,설날,2024-02-11,일,경남,밀양시,1,0,1,1
2024,설날,2024-02-11,일,경남,사천시,0,0,0,0
2024,설날,2024-02-11,일,경남,산청군,0,0,0,0
2024,설날,2024-02-11,일,경남,소계,14,0,6,21
2024,설날,2024-02-11,일,경남,양산시,0,0,0,0
2024,설날,2024-02-11,일,경남,의령군,0,0,0,0
2024,설날,2024-02-11,일,경남,진주시,2,0,1,2
2024,설날,2024-02-11,일,경남,창녕군,1,0,0,1
2024,설날,2024-02-11,일,경남,창원시,4,0,3,6
2024,설날,2024-02-11,일,경남,통영시,0,0,0,0
2024,설날,2024-02-11,일,경남,하동군,0,0,0,0
2024,설날,2024-02-11,일,경남,함안군,0,0,0,0
2024,설날,2024-02-11,일,경남,함양군,0,0,0,0
2024,설날,2024-02-11,일,경남,합천군,0,0,0,0
2024,설날,2024-02-11,일,경북,경산시,0,0,0,0
2024,설날,2024-02-11,일,경북,경주시,1,0,0,2
2024,설날,2024-02-11,일,경북,고령군,0,0,0,0
2024,설날,2024-02-11,일,경북,구미시,3,0,1,5
2024,설날,2024-02-11,일,경북,김천시,0,0,0,0
2024,설날,2024-02-11,일,경북,문경시,0,0,0,0
2024,설날,2024-02-11,일,경북,봉화군,0,0,0,0
2024,설날,2024-02-11,일,경북,상주시,0,0,0,0
2024,설날,2024-02-11,일,경북,성주군,0,0,0,0
2024,설날,2024-02-11,일,경북,소계,15,0,4,28
2024,설날,2024-02-11,일,경북,안동시,2,0,0,2
2024,설날,2024-02-11,일,경북,영덕군,0,0,0,0
2024,설날,2024-02-11,일,경북,영양군,0,0,0,0
2024,설날,2024-02-11,일,경북,영주시,2,0,0,6
2024,설날,2024-02-11,일,경북,영천시,1,0,1,1
2024,설날,2024-02-11,일,경북,예천군,0,0,0,0
2024,설날,2024-02-11,일,경북,울릉군,0,0,0,0
2024,설날,2024-02-11,일,경북,울진군,0,0,0,0
2024,설날,2024-02-11,일,경북,의성군,1,0,1,1
2024,설날,2024-02-11,일,경북,청도군,0,0,0,0
2024,설날,2024-02-11,일,경북,청송군,0,0,0,0
2024,설날,2024-02-11,일,경북,칠곡군,2,0,1,3
2024,설날,2024-02-11,일,경북,포항시,3,0,0,8
2024,설날,2024-02-11,일,광주,광산구,2,0,0,2
2024,설날,2024-02-11,일,광주,남구,2,0,1,2
2024,설날,2024-02-11,일,광주,동구,0,0,0,0
2024,설날,2024-02-11,일,광주,북구,3,0,0,4
2024,설날,2024-02-11,일,광주,서구,2,0,1,2
2024,설날,2024-02-11,일,광주,소계,9,0,2,10
2024,설날,2024-02-11,일,대구,군위군,0,0,0,0
2024,설날,2024-02-11,일,대구,남구,0,0,0,0
2024,설날,2024-02-11,일,대구,달서구,4,0,1,6
2024,설날,2024-02-11,일,대구,달성군,0,0,0,0
2024,설날,2024-02-11,일,대구,동구,1,0,1,2
2024,설날,2024-02-11,일,대구,북구,1,0,0,1
2024,설날,2024-02-11,일,대구,서구,0,0,0,0
2024,설날,2024-02-11,일,대구,소계,6,0,2,9
2024,설날,2024-02-11,일,대구,수성구,0,0,0,0
2024,설날,2024-02-11,일,대구,중구,0,0,0,0
2024,설날,2024-02-11,일,대전,대덕구,2,0,1,5
2024,설날,2024-02-11,일,대전,동구,5,0,0,5
2024,설날,2024-02-11,일,대전,서구,4,0,1,7
2024,설날,2024-02-11,일,대전,소계,16,0,5,23
2024,설날,2024-02-11,일,대전,유성구,2,0,1,2
2024,설날,2024-02-11,일,대전,중구,3,0,2,4
2024,설날,2024-02-11,일,부산,강서구,3,0,1,10
2024,설날,2024-02-11,일,부산,금정구,0,0,0,0
2024,설날,2024-02-11,일,부산,기장군,1,0,0,1
2024,설날,2024-02-11,일,부산,남구,0,0,0,0
2024,설날,2024-02-11,일,부산,동구,1,0,2,4
2024,설날,2024-02-11,일,부산,동래구,0,0,0,0
2024,설날,2024-02-11,일,부산,북구,1,0,0,1
2024,설날,2024-02-11,일,부산,사상구,0,0,0,0
2024,설날,2024-02-11,일,부산,사하구,2,0,0,2
2024,설날,2024-02-11,일,부산,서구,2,0,1,4
2024,설날,2024-02-11,일,부산,소계,18,0,4,34
2024,설날,2024-02-11,일,부산,수영구,4,0,0,6
2024,설날,2024-02-11,일,부산,연제구,1,0,0,2
2024,설날,2024-02-11,일,부산,영도구,0,0,0,0
2024,설날,2024-02-11,일,부산,중구,0,0,0,0
2024,설날,2024-02-11,일,부산,진구,3,0,0,4
2024,설날,2024-02-11,일,부산,해운대구,0,0,0,0
2024,설날,2024-02-11,일,서울,강남구,3,0,0,3
2024,설날,2024-02-11,일,서울,강동구,4,0,4,13
2024,설날,2024-02-11,일,서울,강북구,4,0,0,5
2024,설날,2024-02-11,일,서울,강서구,0,0,0,0
2024,설날,2024-02-11,일,서울,관악구,1,0,0,1
2024,설날,2024-02-11,일,서울,광진구,3,0,1,4
2024,설날,2024-02-11,일,서울,구로구,1,0,0,1
2024,설날,2024-02-11,일,서울,금천구,2,0,0,4
2024,설날,2024-02-11,일,서울,노원구,2,0,0,2
2024,설날,2024-02-11,일,서울,도봉구,1,0,0,1
2024,설날,2024-02-11,일,서울,동대문구,3,0,2,3
2024,설날,2024-02-11,일,서울,동작구,3,0,2,5
2024,설날,2024-02-11,일,서울,마포구,2,0,0,3
2024,설날,2024-02-11,일,서울,서대문구,1,0,0,3
2024,설날,2024-02-11,일,서울,서초구,2,0,0,2
2024,설날,2024-02-11,일,서울,성동구,1,0,0,1
2024,설날,2024-02-11,일,서울,성북구,1,0,2,3
2024,설날,2024-02-11,일,서울,소계,51,0,17,79
2024,설날,2024-02-11,일,서울,송파구,1,0,0,3
2024,설날,2024-02-11,일,서울,양천구,0,0,0,0
2024,설날,2024-02-11,일,서울,영등포구,6,0,4,10
2024,설날,2024-02-11,일,서울,용산구,0,0,0,0
2024,설날,2024-02-11,일,서울,은평구,4,0,2,5
2024,설날,2024-02-11,일,서울,종로구,0,0,0,0
2024,설날,2024-02-11,일,서울,중구,4,0,0,5
2024,설날,2024-02-11,일,서울,중랑구,2,0,0,2
2024,설날,2024-02-11,일,세종,세종시,0,0,0,0
2024,설날,2024-02-11,일,세종,소계,0,0,0,0
2024,설날,2024-02-11,일,울산,남구,3,0,0,3
2024,설날,2024-02-11,일,울산,동구,1,0,0,2
2024,설날,2024-02-11,일,울산,북구,1,0,0,1
2024,설날,2024-02-11,일,울산,소계,6,0,0,8
2024,설날,2024-02-11,일,울산,울주군,0,0,0,0
2024,설날,2024-02-11,일,울산,중구,1,0,0,2
2024,설날,2024-02-11,일,인천,강화군,0,0,0,0
2024,설날,2024-02-11,일,인천,계양구,0,0,0,0
2024,설날,2024-02-11,일,인천,남동구,4,0,2,9
2024,설날,2024-02-11,일,인천,동구,0,0,0,0
2024,설날,2024-02-11,일,인천,미추홀구,3,0,2,4
2024,설날,2024-02-11,일,인천,부평구,3,0,0,4
2024,설날,2024-02-11,일,인천,서구,1,0,0,2
2024,설날,2024-02-11,일,인천,소계,13,1,4,20
2024,설날,2024-02-11,일,인천,연수구,1,0,0,1
2024,설날,2024-02-11,일,인천,옹진군,1,1,0,0
2024,설날,2024-02-11,일,인천,중구,0,0,0,0
2024,설날,2024-02-11,일,전국,전국,272,3,85,497
2024,설날,2024-02-11,일,전남,강진군,0,0,0,0
2024,설날,2024-02-11,일,전남,고흥군,0,0,0,0
2024,설날,2024-02-11,일,전남,곡성군,0,0,0,0
2024,설날,2024-02-11,일,전남,광양시,0,0,0,0
2024,설날,2024-02-11,일,전남,구례군,0,0,0,0
2024,설날,2024-02-11,일,전남,나주시,1,0,0,1
2024,설날,2024-02-11,일,전남,담양군,2,0,0,3
2024,설날,2024-02-11,일,전남,목포시,0,0,0,0
2024,설날,2024-02-11,일,전남,무안군,0,0,0,0
2024,설날,2024-02-11,일,전남,보성군,0,0,0,0
2024,설날,2024-02-11,일,전남,소계,15,0,4,20
2024,설날,2024-02-11,일,전남,순천시,2,0,1,2
2024,설날,2024-02-11,일,전남,신안군,0,0,0,0
2024,설날,2024-02-11,일,전남,여수시,3,0,1,4
2024,설날,2024-02-11,일,전남,영광군,2,0,1,3
2024,설날,2024-02-11,일,전남,영암군,1,0,1,1
2024,설날,2024-02-11,일,전남,완도군,1,0,0,2
2024,설날,2024-02-11,일,전남,장성군,0,0,0,0
2024,설날,2024-02-11,일,전남,장흥군,1,0,0,1
2024,설날,2024-02-11,일,전남,진도군,0,0,0,0
2024,설날,2024-02-11,일,전남,함평군,0,0,0,0
2024,설날,2024-02-11,일,전남,해남군,1,0,0,1
2024,설날,2024-02-11,일,전남,화순군,1,0,0,2
2024,설날,2024-02-11,일,전북,고창군,0,0,0,0
2024,설날,2024-02-11,일,전북,군산시,2,0,0,2
2024,설날,2024-02-11,일,전북,김제시,0,0,0,0
2024,설날,2024-02-11,일,전북,남원시,0,0,0,0
2024,설날,2024-02-11,일,전북,무주군,0,0,0,0
2024,설날,2024-02-11,일,전북,부안군,0,0,0,0
2024,설날,2024-02-11,일,전북,소계,13,1,3,15
2024,설날,2024-02-11,일,전북,순창군,0,0,0,0
2024,설날,2024-02-11,일,전북,완주군,1,0,0,2
2024,설날,2024-02-11,일,전북,익산시,3,0,1,3
2024,설날,2024-02-11,일,전북,임실군,1,1,0,0
2024,설날,2024-02-11,일,전북,장수군,0,0,0,0
2024,설날,2024-02-11,일,전북,전주시,6,0,2,8
2024,설날,2024-02-11,일,전북,정읍시,0,0,0,0
2024,설날,2024-02-11,일,전북,진안군,0,0,0,0
2024,설날,2024-02-11,일,제주,서귀포시,2,0,0,4
2024,설날,2024-02-11,일,제주,소계,6,0,0,12
2024,설날,2024-02-11,일,제주,제주시,4,0,0,8
2024,설날,2024-02-11,일,충남,계룡시,0,0,0,0
2024,설날,2024-02-11,일,충남,공주시,0,0,0,0
2024,설날,2024-02-11,일,충남,금산군,0,0,0,0
2024,설날,2024-02-11,일,충남,논산시,0,0,0,0
2024,설날,2024-02-11,일,충남,당진시,2,0,0,8
2024,설날,2024-02-11,일,충남,보령시,0,0,0,0
2024,설날,2024-02-11,일,충남,부여군,0,0,0,0
2024,설날,2024-02-11,일,충남,서산시,1,0,0,3
2024,설날,2024-02-11,일,충남,서천군,1,0,1,1
2024,설날,2024-02-11,일,충남,소계,9,0,2,19
2024,설날,2024-02-11,일,충남,아산시,2,0,1,4
2024,설날,2024-02-11,일,충남,예산군,0,0,0,0
2024,설날,2024-02-11,일,충남,천안시,3,0,0,3
2024,설날,2024-02-11,일,충남,청양군,0,0,0,0
2024,설날,2024-02-11,일,충남,태안군,0,0,0,0
2024,설날,2024-02-11,일,충남,홍성군,0,0,0,0
2024,설날,2024-02-11,일,충북,괴산군,1,0,0,2
2024,설날,2024-02-11,일,충북,단양군,0,0,0,0
2024,설날,2024-02-11,일,충북,보은군,0,0,0,0
2024,설날,2024-02-11,일,충북,소계,11,0,2,27
2024,설날,2024-02-11,일,충북,영동군,0,0,0,0
2024,설날,2024-02-11,일,충북,옥천군,1,0,0,2
2024,설날,2024-02-11,일,충북,음성군,0,0,0,0
2024,설날,2024-02-11,일,충북,제천시,1,0,0,5
2024,설날,2024-02-11,일,충북,증평군,0,0,0,0
2024,설날,2024-02-11,일,충북,진천군,0,0,0,0
2024,설날,2024-02-11,일,충북,청주시,7,0,1,16
2024,설날,2024-02-11,일,충북,충주시,1,0,1,2
2024,설날,2024-02-12,월,강원,강릉시,0,0,0,0
2024,설날,2024-02-12,월,강원,고성군,0,0,0,0
2024,설날,2024-02-12,월,강원,동해시,0,0,0,0
2024,설날,2024-02-12,월,강원,삼척시,1,0,0,2
2024,설날,2024-02-12,월,강원,소계,9,0,2,11
2024,설날,2024-02-12,월,강원,속초시,0,0,0,0
2024,설날,2024-02-12,월,강원,양구군,0,0,0,0
2024,설날,2024-02-12,월,강원,양양군,1,0,1,1
2024,설날,2024-02-12,월,강원,영월군,0,0,0,0
2024,설날,2024-02-12,월,강원,원주시,2,0,0,3
2024,설날,2024-02-12,월,강원,인제군,0,0,0,0
2024,설날,2024-02-12,월,강원,정선군,0,0,0,0
2024,설날,2024-02-12,월,강원,철원군,0,0,0,0
2024,설날,2024-02-12,월,강원,춘천시,4,0,0,4
2024,설날,2024-02-12,월,강원,태백시,0,0,0,0
2024,설날,2024-02-12,월,강원,평창군,0,0,0,0
2024,설날,2024-02-12,월,강원,홍천군,0,0,0,0
2024,설날,2024-02-12,월,강원,화천군,1,0,1,1
2024,설날,2024-02-12,월,강원,횡성군,0,0,0,0
2024,설날,2024-02-12,월,경기,가평군,1,0,0,1
2024,설날,2024-02-12,월,경기,고양시,5,0,1,10
2024,설날,2024-02-12,월,경기,과천시,0,0,0,0
2024,설날,2024-02-12,월,경기,광명시,3,0,1,3
2024,설날,2024-02-12,월,경기,광주시,2,0,0,3
2024,설날,2024-02-12,월,경기,구리시,1,0,0,4
2024,설날,2024-02-12,월,경기,군포시,0,0,0,0
2024,설날,2024-02-12,월,경기,김포시,1,0,0,1
2024,설날,2024-02-12,월,경기,남양주시,5,0,1,13
2024,설날,2024-02-12,월,경기,동두천시,0,0,0,0
2024,설날,2024-02-12,월,경기,부천시,6,0,2,10
2024,설날,2024-02-12,월,경기,성남시,8,0,2,15
2024,설날,2024-02-12,월,경기,소계,78,1,21,150
2024,설날,2024-02-12,월,경기,수원시,10,0,4,20
2024,설날,2024-02-12,월,경기,시흥시,2,0,0,2
2024,설날,2024-02-12,월,경기,안산시,4,0,1,9
2024,설날,2024-02-12,월,경기,안성시,1,0,0,1
2024,설날,2024-02-12,월,경기,안양시,1,0,1,1
2024,설날,2024-02-12,월,경기,양주시,1,0,0,1
2024,설날,2024-02-12,월,경기,양평군,0,0,0,0
2024,설날,2024-02-12,월,경기,여주시,1,0,0,2
2024,설날,2024-02-12,월,경기,연천군,0,0,0,0
2024,설날,2024-02-12,월,경기,오산시,3,0,0,5
2024,설날,2024-02-12,월,경기,용인시,7,0,4,19
2024,설날,2024-02-12,월,경기,의왕시,0,0,0,0
2024,설날,2024-02-12,월,경기,의정부시,3,0,0,8
2024,설날,2024-02-12,월,경기,이천시,0,0,0,0
2024,설날,2024-02-12,월,경기,파주시,4,0,0,4
2024,설날,2024-02-12,월,경기,평택시,4,0,3,7
2024,설날,2024-02-12,월,경기,포천시,1,0,1,1
2024,설날,2024-02-12,월,경기,하남시,0,0,0,0
2024,설날,2024-02-12,월,경기,화성시,4,1,0,10
2024,설날,2024-02-12,월,경남,거제시,1,0,0,1
2024,설날,2024-02-12,월,경남,거창군,0,0,0,0
2024,설날,2024-02-12,월,경남,고성군,0,0,0,0
2024,설날,2024-02-12,월,경남,김해시,3,0,1,5
2024,설날,2024-02-12,월,경남,남해군,0,0,0,0
2024,설날,2024-02-12,월,경남,밀양시,1,0,1,1
2024,설날,2024-02-12,월,경남,사천시,1,0,0,1
2024,설날,2024-02-12,월,경남,산청군,0,0,0,0
2024,설날,2024-02-12,월,경남,소계,15,1,5,17
2024,설날,2024-02-12,월,경남,양산시,2,0,1,3
2024,설날,2024-02-12,월,경남,의령군,0,0,0,0
2024,설날,2024-02-12,월,경남,진주시,1,1,0,0
2024,설날,2024-02-12,월,경남,창녕군,0,0,0,0
2024,설날,2024-02-12,월,경남,창원시,3,0,1,3
2024,설날,2024-02-12,월,경남,통영시,2,0,1,2
2024,설날,2024-02-12,월,경남,하동군,0,0,0,0
2024,설날,2024-02-12,월,경남,함안군,0,0,0,0
2024,설날,2024-02-12,월,경남,함양군,0,0,0,0
2024,설날,2024-02-12,월,경남,합천군,1,0,0,1
2024,설날,2024-02-12,월,경북,경산시,4,1,1,4
2024,설날,2024-02-12,월,경북,경주시,2,0,2,3
2024,설날,2024-02-12,월,경북,고령군,0,0,0,0
2024,설날,2024-02-12,월,경북,구미시,6,0,1,11
2024,설날,2024-02-12,월,경북,김천시,2,0,1,11
2024,설날,2024-02-12,월,경북,문경시,0,0,0,0
2024,설날,2024-02-12,월,경북,봉화군,0,0,0,0
2024,설날,2024-02-12,월,경북,상주시,1,0,0,3
2024,설날,2024-02-12,월,경북,성주군,1,0,1,1
2024,설날,2024-02-12,월,경북,소계,23,2,6,50
2024,설날,2024-02-12,월,경북,안동시,0,0,0,0
2024,설날,2024-02-12,월,경북,영덕군,0,0,0,0
2024,설날,2024-02-12,월,경북,영양군,0,0,0,0
2024,설날,2024-02-12,월,경북,영주시,1,0,0,1
2024,설날,2024-02-12,월,경북,영천시,1,1,0,0
2024,설날,2024-02-12,월,경북,예천군,0,0,0,0
2024,설날,2024-02-12,월,경북,울릉군,0,0,0,0
2024,설날,2024-02-12,월,경북,울진군,0,0,0,0
2024,설날,2024-02-12,월,경북,의성군,0,0,0,0
2024,설날,2024-02-12,월,경북,청도군,0,0,0,0
2024,설날,2024-02-12,월,경북,청송군,0,0,0,0
2024,설날,2024-02-12,월,경북,칠곡군,1,0,0,2
2024,설날,2024-02-12,월,경북,포항시,4,0,0,14
2024,설날,2024-02-12,월,광주,광산구,3,0,2,9
2024,설날,2024-02-12,월,광주,남구,0,0,0,0
2024,설날,2024-02-12,월,광주,동구,0,0,0,0
2024,설날,2024-02-12,월,광주,북구,3,0,0,6
2024,설날,2024-02-12,월,광주,서구,1,0,0,1
2024,설날,2024-02-12,월,광주,소계,7,0,2,16
2024,설날,2024-02-12,월,대구,군위군,0,0,0,0
2024,설날,2024-02-12,월,대구,남구,0,0,0,0
2024,설날,2024-02-12,월,대구,달서구,3,0,1,6
2024,설날,2024-02-12,월,대구,달성군,2,0,0,2
2024,설날,2024-02-12,월,대구,동구,5,1,1,4
2024,설날,2024-02-12,월,대구,북구,3,0,1,3
2024,설날,2024-02-12,월,대구,서구,2,0,0,3
2024,설날,2024-02-12,월,대구,소계,19,1,4,30
2024,설날,2024-02-12,월,대구,수성구,0,0,0,0
2024,설날,2024-02-12,월,대구,중구,4,0,1,12
2024,설날,2024-02-12,월,대전,대덕구,0,0,0,0
2024,설날,2024-02-12,월,대전,동구,2,0,0,2
2024,설날,2024-02-12,월,대전,서구,5,0,0,6
2024,설날,2024-02-12,월,대전,소계,10,0,2,12
2024,설날,2024-02-12,월,대전,유성구,2,0,1,3
2024,설날,2024-02-12,월,대전,중구,1,0,1,1
2024,설날,2024-02-12,월,부산,강서구,1,0,0,3
2024,설날,2024-02-12,월,부산,금정구,1,0,0,1
2024,설날,2024-02-12,월,부산,기장군,0,0,0,0
2024,설날,2024-02-12,월,부산,남구,3,0,0,4
2024,설날,2024-02-12,월,부산,동구,0,0,0,0
2024,설날,2024-02-12,월,부산,동래구,0,0,0,0
2024,설날,2024-02-12,월,부산,북구,2,0,0,3
2024,설날,2024-02-12,월,부산,사상구,0,0,0,0
2024,설날,2024-02-12,월,부산,사하구,1,0,1,1
2024,설날,2024-02-12,월,부산,서구,1,0,0,1
2024,설날,2024-02-12,월,부산,소계,21,0,6,28
2024,설날,2024-02-12,월,부산,수영구,2,0,0,3
2024,설날,2024-02-12,월,부산,연제구,0,0,0,0
2024,설날,2024-02-12,월,부산,영도구,2,0,0,2
2024,설날,2024-02-12,월,부산,중구,3,0,0,3
2024,설날,2024-02-12,월,부산,진구,3,0,4,5
2024,설날,2024-02-12,월,부산,해운대구,2,0,1,2
2024,설날,2024-02-12,월,서울,강남구,3,0,1,5
2024,설날,2024-02-12,월,서울,강동구,5,0,0,5
2024,설날,2024-02-12,월,서울,강북구,3,0,0,6
2024,설날,2024-02-12,월,서울,강서구,1,0,0,1
2024,설날,2024-02-12,월,서울,관악구,2,0,1,3
2024,설날,2024-02-12,월,서울,광진구,0,0,0,0
2024,설날,2024-02-12,월,서울,구로구,2,0,1,2
2024,설날,2024-02-12,월,서울,금천구,1,0,0,1
2024,설날,2024-02-12,월,서울,노원구,2,0,0,3
2024,설날,2024-02-12,월,서울,도봉구,1,0,0,2
2024,설날,2024-02-12,월,서울,동대문구,1,0,0,1
2024,설날,2024-02-12,월,서울,동작구,2,0,2,2
2024,설날,2024-02-12,월,서울,마포구,3,0,0,4
2024,설날,2024-02-12,월,서울,서대문구,4,0,1,6
2024,설날,2024-02-12,월,서울,서초구,2,0,0,2
2024,설날,2024-02-12,월,서울,성동구,1,0,1,1
2024,설날,2024-02-12,월,서울,성북구,2,0,1,2
2024,설날,2024-02-12,월,서울,소계,53,0,12,68
2024,설날,2024-02-12,월,서울,송파구,8,0,3,8
2024,설날,2024-02-12,월,서울,양천구,1,0,1,1
2024,설날,2024-02-12,월,서울,영등포구,2,0,0,2
2024,설날,2024-02-12,월,서울,용산구,1,0,0,1
2024,설날,2024-02-12,월,서울,은평구,0,0,0,0
2024,설날,2024-02-12,월,서울,종로구,1,0,0,2
2024,설날,2024-02-12,월,서울,중구,1,0,0,1
2024,설날,2024-02-12,월,서울,중랑구,4,0,0,7
2024,설날,2024-02-12,월,세종,세종시,3,0,0,4
2024,설날,2024-02-12,월,세종,소계,3,0,0,4
2024,설날,2024-02-12,월,울산,남구,1,0,0,2
2024,설날,2024-02-12,월,울산,동구,0,0,0,0
2024,설날,2024-02-12,월,울산,북구,1,0,0,4
2024,설날,2024-02-12,월,울산,소계,6,0,0,10
2024,설날,2024-02-12,월,울산,울주군,2,0,0,2
2024,설날,2024-02-12,월,울산,중구,2,0,0,2
2024,설날,2024-02-12,월,인천,강화군,1,0,1,5
2024,설날,2024-02-12,월,인천,계양구,0,0,0,0
2024,설날,2024-02-12,월,인천,남동구,3,0,1,6
2024,설날,2024-02-12,월,인천,동구,0,0,0,0
2024,설날,2024-02-12,월,인천,미추홀구,4,0,0,4
2024,설날,2024-02-12,월,인천,부평구,3,0,0,3
2024,설날,2024-02-12,월,인천,서구,3,0,0,3
2024,설날,2024-02-12,월,인천,소계,19,0,4,26
2024,설날,2024-02-12,월,인천,연수구,5,0,2,5
2024,설날,2024-02-12,월,인천,옹진군,0,0,0,0
2024,설날,2024-02-12,월,인천,중구,0,0,0,0
2024,설날,2024-02-12,월,전국,전국,328,6,85,523
2024,설날,2024-02-12,월,전남,강진군,1,0,0,2
2024,설날,2024-02-12,월,전남,고흥군,0,0,0,0
2024,설날,2024-02-12,월,전남,곡성군,1,0,1,2
2024,설날,2024-02-12,월,전남,광양시,1,0,0,1
2024,설날,2024-02-12,월,전남,구례군,1,0,1,1
2024,설날,2024-02-12,월,전남,나주시,2,0,1,2
2024,설날,2024-02-12,월,전남,담양군,1,0,0,1
2024,설날,2024-02-12,월,전남,목포시,3,0,1,3
2024,설날,2024-02-12,월,전남,무안군,0,0,0,0
2024,설날,2024-02-12,월,전남,보성군,0,0,0,0
2024,설날,2024-02-12,월,전남,소계,18,0,8,24
2024,설날,2024-02-12,월,전남,순천시,4,0,0,4
2024,설날,2024-02-12,월,전남,신안군,0,0,0,0
2024,설날,2024-02-12,월,전남,여수시,2,0,2,5
2024,설날,2024-02-12,월,전남,영광군,0,0,0,0
2024,설날,2024-02-12,월,전남,영암군,0,0,0,0
2024,설날,2024-02-12,월,전남,완도군,0,0,0,0
2024,설날,2024-02-12,월,전남,장성군,0,0,0,0
2024,설날,2024-02-12,월,전남,장흥군,1,0,1,2
2024,설날,2024-02-12,월,전남,진도군,0,0,0,0
2024,설날,2024-02-12,월,전남,함평군,1,0,1,1
2024,설날,2024-02-12,월,전남,해남군,0,0,0,0
2024,설날,2024-02-12,월,전남,화순군,0,0,0,0
2024,설날,2024-02-12,월,전북,고창군,0,0,0,0
2024,설날,2024-02-12,월,전북,군산시,0,0,0,0
2024,설날,2024-02-12,월,전북,김제시,0,0,0,0
2024,설날,2024-02-12,월,전북,남원시,0,0,0,0
2024,설날,2024-02-12,월,전북,무주군,0,0,0,0
2024,설날,2024-02-12,월,전북,부안군,1,0,2,2
2024,설날,2024-02-12,월,전북,소계,8,0,6,15
2024,설날,2024-02-12,월,전북,순창군,0,0,0,0
2024,설날,2024-02-12,월,전북,완주군,0,0,0,0
2024,설날,2024-02-12,월,전북,익산시,2,0,1,2
2024,설날,2024-02-12,월,전북,임실군,1,0,2,3
2024,설날,2024-02-12,월,전북,장수군,1,0,0,3
2024,설날,2024-02-12,월,전북,전주시,3,0,1,5
2024,설날,2024-02-12,월,전북,정읍시,0,0,0,0
2024,설날,2024-02-12,월,전북,진안군,0,0,0,0
2024,설날,2024-02-12,월,제주,서귀포시,1,0,1,1
2024,설날,2024-02-12,월,제주,소계,9,0,3,19
2024,설날,2024-02-12,월,제주,제주시,8,0,2,18
2024,설날,2024-02-12,월,충남,계룡시,1,0,0,4
2024,설날,2024-02-12,월,충남,공주시,2,0,0,6
2024,설날,2024-02-12,월,충남,금산군,0,0,0,0
2024,설날,2024-02-12,월,충남,논산시,0,0,0,0
2024,설날,2024-02-12,월,충남,당진시,2,0,0,2
2024,설날,2024-02-12,월,충남,보령시,2,0,0,3
2024,설날,2024-02-12,월,충남,부여군,1,0,0,1
2024,설날,2024-02-12,월,충남,서산시,1,0,0,2
2024,설날,2024-02-12,월,충남,서천군,0,0,0,0
2024,설날,2024-02-12,월,충남,소계,18,0,1,29
2024,설날,2024-02-12,월,충남,아산시,4,0,1,5
2024,설날,2024-02-12,월,충남,예산군,0,0,0,0
2024,설날,2024-02-12,월,충남,천안시,5,0,0,6
2024,설날,2024-02-12,월,충남,청양군,0,0,0,0
2024,설날,2024-02-12,월,충남,태안군,0,0,0,0
2024,설날,2024-02-12,월,충남,홍성군,0,0,0,0
2024,설날,2024-02-12,월,충북,괴산군,0,0,0,0
2024,설날,2024-02-12,월,충북,단양군,0,0,0,0
2024,설날,2024-02-12,월,충북,보은군,0,0,0,0
2024,설날,2024-02-12,월,충북,소계,12,1,3,14
2024,설날,2024-02-12,월,충북,영동군,0,0,0,0
2024,설날,2024-02-12,월,충북,옥천군,0,0,0,0
2024,설날,2024-02-12,월,충북,음성군,2,0,0,2
2024,설날,2024-02-12,월,충북,제천시,1,0,0,1
2024,설날,2024-02-12,월,충북,증평군,0,0,0,0
2024,설날,2024-02-12,월,충북,진천군,2,0,3,5
2024,설날,2024-02-12,월,충북,청주시,6,1,0,5
2024,설날,2024-02-12,월,충북,충주시,1,0,0,1
2024,추석,2024-09-16,월,강원,강릉시,1,0,1,1
2024,추석,2024-09-16,월,강원,고성군,0,0,0,0
2024,추석,2024-09-16,월,강원,동해시,0,0,0,0
2024,추석,2024-09-16,월,강원,삼척시,0,0,0,0
2024,추석,2024-09-16,월,강원,소계,6,2,5,13
2024,추석,2024-09-16,월,강원,속초시,0,0,0,0
2024,추석,2024-09-16,월,강원,양구군,0,0,0,0
2024,추석,2024-09-16,월,강원,양양군,0,0,0,0
2024,추석,2024-09-16,월,강원,영월군,1,2,2,5
2024,추석,2024-09-16,월,강원,원주시,0,0,0,0
2024,추석,2024-09-16,월,강원,인제군,1,0,0,2
2024,추석,2024-09-16,월,강원,정선군,0,0,0,0
2024,추석,2024-09-16,월,강원,철원군,0,0,0,0
2024,추석,2024-09-16,월,강원,춘천시,2,0,0,2
2024,추석,2024-09-16,월,강원,태백시,0,0,0,0
2024,추석,2024-09-16,월,강원,평창군,1,0,2,3
2024,추석,2024-09-16,월,강원,홍천군,0,0,0,0
2024,추석,2024-09-16,월,강원,화천군,0,0,0,0
2024,추석,2024-09-16,월,강원,횡성군,0,0,0,0
2024,추석,2024-09-16,월,경기,가평군,2,0,0,6
2024,추석,2024-09-16,월,경기,고양시,6,2,2,4
2024,추석,2024-09-16,월,경기,과천시,0,0,0,0
2024,추석,2024-09-16,월,경기,광명시,2,0,0,2
2024,추석,2024-09-16,월,경기,광주시,5,0,0,5
2024,추석,2024-09-16,월,경기,구리시,2,0,0,2
2024,추석,2024-09-16,월,경기,군포시,2,0,2,3
2024,추석,2024-09-16,월,경기,김포시,5,0,1,6
2024,추석,2024-09-16,월,경기,남양주시,3,0,0,6
2024,추석,2024-09-16,월,경기,동두천시,1,0,0,4
2024,추석,2024-09-16,월,경기,부천시,1,0,0,1
2024,추석,2024-09-16,월,경기,성남시,8,0,2,9
2024,추석,2024-09-16,월,경기,소계,73,2,12,98
2024,추석,2024-09-16,월,경기,수원시,6,0,1,6
2024,추석,2024-09-16,월,경기,시흥시,3,0,0,5
2024,추석,2024-09-16,월,경기,안산시,6,0,1,7
2024,추석,2024-09-16,월,경기,안성시,3,0,0,4
2024,추석,2024-09-16,월,경기,안양시,4,0,1,5
2024,추석,2024-09-16,월,경기,양주시,0,0,0,0
2024,추석,2024-09-16,월,경기,양평군,2,0,1,2
2024,추석,2024-09-16,월,경기,여주시,1,0,0,1
2024,추석,2024-09-16,월,경기,연천군,0,0,0,0
2024,추석,2024-09-16,월,경기,오산시,1,0,0,2
2024,추석,2024-09-16,월,경기,용인시,3,0,0,5
2024,추석,2024-09-16,월,경기,의왕시,0,0,0,0
2024,추석,2024-09-16,월,경기,의정부시,2,0,1,6
2024,추석,2024-09-16,월,경기,이천시,0,0,0,0
2024,추석,2024-09-16,월,경기,파주시,2,0,0,2
2024,추석,2024-09-16,월,경기,평택시,1,0,0,1
2024,추석,2024-09-16,월,경기,포천시,1,0,0,1
2024,추석,2024-09-16,월,경기,하남시,0,0,0,0
2024,추석,2024-09-16,월,경기,화성시,1,0,0,3
2024,추석,2024-09-16,월,경남,거제시,2,0,0,3
2024,추석,2024-09-16,월,경남,거창군,0,0,0,0
2024,추석,2024-09-16,월,경남,고성군,0,0,0,0
2024,추석,2024-09-16,월,경남,김해시,3,0,2,4
2024,추석,2024-09-16,월,경남,남해군,0,0,0,0
2024,추석,2024-09-16,월,경남,밀양시,1,1,1,1
2024,추석,2024-09-16,월,경남,사천시,1,0,0,1
2024,추석,2024-09-16,월,경남,산청군,1,0,0,1
2024,추석,2024-09-16,월,경남,소계,20,1,6,26
2024,추석,2024-09-16,월,경남,양산시,1,0,0,1
2024,추석,2024-09-16,월,경남,의령군,0,0,0,0
2024,추석,2024-09-16,월,경남,진주시,0,0,0,0
2024,추석,2024-09-16,월,경남,창녕군,0,0,0,0
2024,추석,2024-09-16,월,경남,창원시,5,0,2,7
2024,추석,2024-09-16,월,경남,통영시,4,0,1,5
2024,추석,2024-09-16,월,경남,하동군,0,0,0,0
2024,추석,2024-09-16,월,경남,함안군,0,0,0,0
2024,추석,2024-09-16,월,경남,함양군,2,0,0,3
2024,추석,2024-09-16,월,경남,합천군,0,0,0,0
2024,추석,2024-09-16,월,경북,경산시,4,0,2,4
2024,추석,2024-09-16,월,경북,경주시,2,0,0,2
2024,추석,2024-09-16,월,경북,고령군,0,0,0,0
2024,추석,2024-09-16,월,경북,구미시,2,0,1,2
2024,추석,2024-09-16,월,경북,김천시,0,0,0,0
2024,추석,2024-09-16,월,경북,문경시,0,0,0,0
2024,추석,2024-09-16,월,경북,봉화군,0,0,0,0
2024,추석,2024-09-16,월,경북,상주시,1,0,1,1
2024,추석,2024-09-16,월,경북,성주군,0,0,0,0
2024,추석,2024-09-16,월,경북,소계,26,1,10,34
2024,추석,2024-09-16,월,경북,안동시,3,0,2,6
2024,추석,2024-09-16,월,경북,영덕군,0,0,0,0
2024,추석,2024-09-16,월,경북,영양군,0,0,0,0
2024,추석,2024-09-16,월,경북,영주시,1,0,0,3
2024,추석,2024-09-16,월,경북,영천시,1,0,0,1
2024,추석,2024-09-16,월,경북,예천군,2,1,1,1
2024,추석,2024-09-16,월,경북,울릉군,0,0,0,0
2024,추석,2024-09-16,월,경북,울진군,0,0,0,0
2024,추석,2024-09-16,월,경북,의성군,0,0,0,0
2024,추석,2024-09-16,월,경북,청도군,2,0,1,5
2024,추석,2024-09-16,월,경북,청송군,0,0,0,0
2024,추석,2024-09-16,월,경북,칠곡군,0,0,0,0
2024,추석,2024-09-16,월,경북,포항시,8,0,2,9
2024,추석,2024-09-16,월,광주,광산구,3,0,1,8
2024,추석,2024-09-16,월,광주,남구,2,0,1,3
2024,추석,2024-09-16,월,광주,동구,0,0,0,0
2024,추석,2024-09-16,월,광주,북구,2,0,1,4
2024,추석,2024-09-16,월,광주,서구,6,0,1,7
2024,추석,2024-09-16,월,광주,소계,13,0,4,22
2024,추석,2024-09-16,월,대구,군위군,2,0,0,3
2024,추석,2024-09-16,월,대구,남구,1,0,1,2
2024,추석,2024-09-16,월,대구,달서구,3,0,2,7
2024,추석,2024-09-16,월,대구,달성군,0,0,0,0
2024,추석,2024-09-16,월,대구,동구,5,0,1,5
2024,추석,2024-09-16,월,대구,북구,2,0,0,5
2024,추석,2024-09-16,월,대구,서구,1,0,0,2
2024,추석,2024-09-16,월,대구,소계,21,0,5,37
2024,추석,2024-09-16,월,대구,수성구,6,0,1,10
2024,추석,2024-09-16,월,대구,중구,1,0,0,3
2024,추석,2024-09-16,월,대전,대덕구,4,0,2,7
2024,추석,2024-09-16,월,대전,동구,1,0,1,1
2024,추석,2024-09-16,월,대전,서구,3,0,2,5
2024,추석,2024-09-16,월,대전,소계,12,0,7,20
2024,추석,2024-09-16,월,대전,유성구,2,0,0,3
2024,추석,2024-09-16,월,대전,중구,2,0,2,4
2024,추석,2024-09-16,월,부산,강서구,0,0,0,0
2024,추석,2024-09-16,월,부산,금정구,2,0,0,4
2024,추석,2024-09-16,월,부산,기장군,1,0,1,2
2024,추석,2024-09-16,월,부산,남구,1,0,0,3
2024,추석,2024-09-16,월,부산,동구,4,0,1,5
2024,추석,2024-09-16,월,부산,동래구,2,0,0,7
2024,추석,2024-09-16,월,부산,북구,1,0,0,1
2024,추석,2024-09-16,월,부산,사상구,2,0,0,3
2024,추석,2024-09-16,월,부산,사하구,3,0,0,5
2024,추석,2024-09-16,월,부산,서구,1,0,0,2
2024,추석,2024-09-16,월,부산,소계,22,0,3,41
2024,추석,2024-09-16,월,부산,수영구,0,0,0,0
2024,추석,2024-09-16,월,부산,연제구,0,0,0,0
2024,추석,2024-09-16,월,부산,영도구,2,0,1,2
2024,추석,2024-09-16,월,부산,중구,0,0,0,0
2024,추석,2024-09-16,월,부산,진구,1,0,0,3
2024,추석,2024-09-16,월,부산,해운대구,2,0,0,4
2024,추석,2024-09-16,월,서울,강남구,5,0,2,6
2024,추석,2024-09-16,월,서울,강동구,5,0,2,6
2024,추석,2024-09-16,월,서울,강북구,2,0,1,2
2024,추석,2024-09-16,월,서울,강서구,1,0,0,2
2024,추석,2024-09-16,월,서울,관악구,0,0,0,0
2024,추석,2024-09-16,월,서울,광진구,2,0,1,5
2024,추석,2024-09-16,월,서울,구로구,4,0,0,6
2024,추석,2024-09-16,월,서울,금천구,1,0,0,1
2024,추석,2024-09-16,월,서울,노원구,2,0,0,2
2024,추석,2024-09-16,월,서울,도봉구,1,0,1,1
2024,추석,2024-09-16,월,서울,동대문구,3,0,1,3
2024,추석,2024-09-16,월,서울,동작구,2,0,0,2
2024,추석,2024-09-16,월,서울,마포구,2,0,1,2
2024,추석,2024-09-16,월,서울,서대문구,1,0,0,1
2024,추석,2024-09-16,월,서울,서초구,2,0,1,5
2024,추석,2024-09-16,월,서울,성동구,2,0,0,4
2024,추석,2024-09-16,월,서울,성북구,1,0,0,1
2024,추석,2024-09-16,월,서울,소계,55,0,17,71
2024,추석,2024-09-16,월,서울,송파구,4,0,0,5
2024,추석,2024-09-16,월,서울,양천구,2,0,2,2
2024,추석,2024-09-16,월,서울,영등포구,1,0,2,2
2024,추석,2024-09-16,월,서울,용산구,4,0,0,4
2024,추석,2024-09-16,월,서울,은평구,1,0,0,1
2024,추석,2024-09-16,월,서울,종로구,1,0,0,1
2024,추석,2024-09-16,월,서울,중구,3,0,2,3
2024,추석,2024-09-16,월,서울,중랑구,3,0,1,4
2024,추석,2024-09-16,월,세종,세종시,3,0,1,4
2024,추석,2024-09-16,월,세종,소계,3,0,1,4
2024,추석,2024-09-16,월,울산,남구,3,0,0,4
2024,추석,2024-09-16,월,울산,동구,0,0,0,0
2024,추석,2024-09-16,월,울산,북구,1,0,1,1
2024,추석,2024-09-16,월,울산,소계,5,0,2,6
2024,추석,2024-09-16,월,울산,울주군,0,0,0,0
2024,추석,2024-09-16,월,울산,중구,1,0,1,1
2024,추석,2024-09-16,월,인천,강화군,0,0,0,0
2024,추석,2024-09-16,월,인천,계양구,2,0,0,3
2024,추석,2024-09-16,월,인천,남동구,1,0,0,3
2024,추석,2024-09-16,월,인천,동구,0,0,0,0
2024,추석,2024-09-16,월,인천,미추홀구,3,0,1,8
2024,추석,2024-09-16,월,인천,부평구,1,0,0,1
2024,추석,2024-09-16,월,인천,서구,4,0,1,5
2024,추석,2024-09-16,월,인천,소계,16,0,2,28
2024,추석,2024-09-16,월,인천,연수구,3,0,0,6
2024,추석,2024-09-16,월,인천,옹진군,0,0,0,0
2024,추석,2024-09-16,월,인천,중구,2,0,0,2
2024,추석,2024-09-16,월,전국,전국,338,9,95,508
2024,추석,2024-09-16,월,전남,강진군,0,0,0,0
2024,추석,2024-09-16,월,전남,고흥군,0,0,0,0
2024,추석,2024-09-16,월,전남,곡성군,1,0,1,2
2024,추석,2024-09-16,월,전남,광양시,3,0,0,7
2024,추석,2024-09-16,월,전남,구례군,0,0,0,0
2024,추석,2024-09-16,월,전남,나주시,1,0,0,5
2024,추석,2024-09-16,월,전남,담양군,2,0,1,3
2024,추석,2024-09-16,월,전남,목포시,0,0,0,0
2024,추석,2024-09-16,월,전남,무안군,2,0,0,2
2024,추석,2024-09-16,월,전남,보성군,2,0,0,4
2024,추석,2024-09-16,월,전남,소계,18,0,6,36
2024,추석,2024-09-16,월,전남,순천시,3,0,3,8
2024,추석,2024-09-16,월,전남,신안군,0,0,0,0
2024,추석,2024-09-16,월,전남,여수시,2,0,0,3
2024,추석,2024-09-16,월,전남,영광군,0,0,0,0
2024,추석,2024-09-16,월,전남,영암군,0,0,0,0
2024,추석,2024-09-16,월,전남,완도군,1,0,0,1
2024,추석,2024-09-16,월,전남,장성군,0,0,0,0
2024,추석,2024-09-16,월,전남,장흥군,0,0,0,0
2024,추석,2024-09-16,월,전남,진도군,0,0,0,0
2024,추석,2024-09-16,월,전남,함평군,0,0,0,0
2024,추석,2024-09-16,월,전남,해남군,0,0,0,0
2024,추석,2024-09-16,월,전남,화순군,1,0,1,1
2024,추석,2024-09-16,월,전북,고창군,0,0,0,0
2024,추석,2024-09-16,월,전북,군산시,1,0,0,1
2024,추석,2024-09-16,월,전북,김제시,1,1,0,0
2024,추석,2024-09-16,월,전북,남원시,0,0,0,0
2024,추석,2024-09-16,월,전북,무주군,0,0,0,0
2024,추석,2024-09-16,월,전북,부안군,0,0,0,0
2024,추석,2024-09-16,월,전북,소계,11,2,7,14
2024,추석,2024-09-16,월,전북,순창군,1,0,0,1
2024,추석,2024-09-16,월,전북,완주군,0,0,0,0
2024,추석,2024-09-16,월,전북,익산시,3,0,1,4
2024,추석,2024-09-16,월,전북,임실군,0,0,0,0
2024,추석,2024-09-16,월,전북,장수군,0,0,0,0
2024,추석,2024-09-16,월,전북,전주시,2,1,1,1
2024,추석,2024-09-16,월,전북,정읍시,1,0,0,1
2024,추석,2024-09-16,월,전북,진안군,2,0,5,6
2024,추석,2024-09-16,월,제주,서귀포시,4,0,1,5
2024,추석,2024-09-16,월,제주,소계,6,0,1,8
2024,추석,2024-09-16,월,제주,제주시,2,0,0,3
2024,추석,2024-09-16,월,충남,계룡시,0,0,0,0
2024,추석,2024-09-16,월,충남,공주시,1,0,0,3
2024,추석,2024-09-16,월,충남,금산군,0,0,0,0
2024,추석,2024-09-16,월,충남,논산시,0,0,0,0
2024,추석,2024-09-16,월,충남,당진시,3,0,0,4
2024,추석,2024-09-16,월,충남,보령시,0,0,0,0
2024,추석,2024-09-16,월,충남,부여군,0,0,0,0
2024,추석,2024-09-16,월,충남,서산시,2,0,1,2
2024,추석,2024-09-16,월,충남,서천군,1,0,2,3
2024,추석,2024-09-16,월,충남,소계,14,0,3,28
2024,추석,2024-09-16,월,충남,아산시,0,0,0,0
2024,추석,2024-09-16,월,충남,예산군,1,0,0,1
2024,추석,2024-09-16,월,충남,천안시,4,0,0,9
2024,추석,2024-09-16,월,충남,청양군,0,0,0,0
2024,추석,2024-09-16,월,충남,태안군,1,0,0,5
2024,추석,2024-09-16,월,충남,홍성군,1,0,0,1
2024,추석,2024-09-16,월,충북,괴산군,3,0,0,5
2024,추석,2024-09-16,월,충북,단양군,0,0,0,0
2024,추석,2024-09-16,월,충북,보은군,0,0,0,0
2024,추석,2024-09-16,월,충북,소계,17,1,4,22
2024,추석,2024-09-16,월,충북,영동군,1,0,1,2
2024,추석,2024-09-16,월,충북,옥천군,1,0,1,1
2024,추석,2024-09-16,월,충북,음성군,0,0,0,0
2024,추석,2024-09-16,월,충북,제천시,2,0,0,2
2024,추석,2024-09-16,월,충북,증평군,0,0,0,0
2024,추석,2024-09-16,월,충북,진천군,0,0,0,0
2024,추석,2024-09-16,월,충북,청주시,8,1,1,9
2024,추석,2024-09-16,월,충북,충주시,2,0,1,3
2024,추석,2024-09-17,화,강원,강릉시,2,0,2,5
2024,추석,2024-09-17,화,강원,고성군,0,0,0,0
2024,추석,2024-09-17,화,강원,동해시,0,0,0,0
2024,추석,2024-09-17,화,강원,삼척시,1,0,0,2
2024,추석,2024-09-17,화,강원,소계,17,0,11,39
2024,추석,2024-09-17,화,강원,속초시,1,0,0,2
2024,추석,2024-09-17,화,강원,양구군,0,0,0,0
2024,추석,2024-09-17,화,강원,양양군,0,0,0,0
2024,추석,2024-09-17,화,강원,영월군,1,0,1,1
2024,추석,2024-09-17,화,강원,원주시,4,0,1,8
2024,추석,2024-09-17,화,강원,인제군,0,0,0,0
2024,추석,2024-09-17,화,강원,정선군,0,0,0,0
2024,추석,2024-09-17,화,강원,철원군,0,0,0,0
2024,추석,2024-09-17,화,강원,춘천시,0,0,0,0
2024,추석,2024-09-17,화,강원,태백시,2,0,2,8
2024,추석,2024-09-17,화,강원,평창군,1,0,0,1
2024,추석,2024-09-17,화,강원,홍천군,3,0,5,8
2024,추석,2024-09-17,화,강원,화천군,1,0,0,1
2024,추석,2024-09-17,화,강원,횡성군,1,0,0,3
2024,추석,2024-09-17,화,경기,가평군,2,0,0,7
2024,추석,2024-09-17,화,경기,고양시,5,0,1,16
2024,추석,2024-09-17,화,경기,과천시,1,0,0,1
2024,추석,2024-09-17,화,경기,광명시,2,0,1,2
2024,추석,2024-09-17,화,경기,광주시,6,0,2,11
2024,추석,2024-09-17,화,경기,구리시,1,0,0,1
2024,추석,2024-09-17,화,경기,군포시,0,0,0,0
2024,추석,2024-09-17,화,경기,김포시,4,0,2,12
2024,추석,2024-09-17,화,경기,남양주시,6,0,1,20
2024,추석,2024-09-17,화,경기,동두천시,2,0,0,2
2024,추석,2024-09-17,화,경기,부천시,8,0,2,10
2024,추석,2024-09-17,화,경기,성남시,7,0,3,14
2024,추석,2024-09-17,화,경기,소계,93,0,26,205
2024,추석,2024-09-17,화,경기,수원시,6,0,2,10
2024,추석,2024-09-17,화,경기,시흥시,6,0,0,8
2024,추석,2024-09-17,화,경기,안산시,5,0,1,12
2024,추석,2024-09-17,화,경기,안성시,0,0,0,0
2024,추석,2024-09-17,화,경기,안양시,1,0,0,1
2024,추석,2024-09-17,화,경기,양주시,1,0,0,5
2024,추석,2024-09-17,화,경기,양평군,2,0,0,8
2024,추석,2024-09-17,화,경기,여주시,2,0,2,5
2024,추석,2024-09-17,화,경기,연천군,0,0,0,0
2024,추석,2024-09-17,화,경기,오산시,1,0,1,1
2024,추석,2024-09-17,화,경기,용인시,3,0,0,7
2024,추석,2024-09-17,화,경기,의왕시,0,0,0,0
2024,추석,2024-09-17,화,경기,의정부시,3,0,0,7
2024,추석,2024-09-17,화,경기,이천시,0,0,0,0
2024,추석,2024-09-17,화,경기,파주시,3,0,1,5
2024,추석,2024-09-17,화,경기,평택시,5,0,4,14
2024,추석,2024-09-17,화,경기,포천시,2,0,1,3
2024,추석,2024-09-17,화,경기,하남시,2,0,0,7
2024,추석,2024-09-17,화,경기,화성시,7,0,2,16
2024,추석,2024-09-17,화,경남,거제시,3,0,1,8
2024,추석,2024-09-17,화,경남,거창군,0,0,0,0
2024,추석,2024-09-17,화,경남,고성군,1,0,2,3
2024,추석,2024-09-17,화,경남,김해시,2,0,0,6
2024,추석,2024-09-17,화,경남,남해군,0,0,0,0
2024,추석,2024-09-17,화,경남,밀양시,0,0,0,0
2024,추석,2024-09-17,화,경남,사천시,0,0,0,0
2024,추석,2024-09-17,화,경남,산청군,0,0,0,0
2024,추석,2024-09-17,화,경남,소계,23,0,10,44
2024,추석,2024-09-17,화,경남,양산시,2,0,1,2
2024,추석,2024-09-17,화,경남,의령군,0,0,0,0
2024,추석,2024-09-17,화,경남,진주시,1,0,0,4
2024,추석,2024-09-17,화,경남,창녕군,1,0,0,1
2024,추석,2024-09-17,화,경남,창원시,6,0,2,9
2024,추석,2024-09-17,화,경남,통영시,3,0,1,5
2024,추석,2024-09-17,화,경남,하동군,1,0,2,2
2024,추석,2024-09-17,화,경남,함안군,2,0,1,2
2024,추석,2024-09-17,화,경남,함양군,0,0,0,0
2024,추석,2024-09-17,화,경남,합천군,1,0,0,2
2024,추석,2024-09-17,화,경북,경산시,3,0,1,9
2024,추석,2024-09-17,화,경북,경주시,1,0,1,1
2024,추석,2024-09-17,화,경북,고령군,0,0,0,0
2024,추석,2024-09-17,화,경북,구미시,2,0,4,4
2024,추석,2024-09-17,화,경북,김천시,1,0,0,1
2024,추석,2024-09-17,화,경북,문경시,1,0,0,2
2024,추석,2024-09-17,화,경북,봉화군,0,0,0,0
2024,추석,2024-09-17,화,경북,상주시,1,0,0,1
2024,추석,2024-09-17,화,경북,성주군,1,0,0,5
2024,추석,2024-09-17,화,경북,소계,31,1,11,64
2024,추석,2024-09-17,화,경북,안동시,4,0,2,11
2024,추석,2024-09-17,화,경북,영덕군,3,0,0,7
2024,추석,2024-09-17,화,경북,영양군,0,0,0,0
2024,추석,2024-09-17,화,경북,영주시,1,0,0,2
2024,추석,2024-09-17,화,경북,영천시,1,0,0,1
2024,추석,2024-09-17,화,경북,예천군,4,0,3,5
2024,추석,2024-09-17,화,경북,울릉군,0,0,0,0
2024,추석,2024-09-17,화,경북,울진군,0,0,0,0
2024,추석,2024-09-17,화,경북,의성군,1,1,0,0
2024,추석,2024-09-17,화,경북,청도군,0,0,0,0
2024,추석,2024-09-17,화,경북,청송군,0,0,0,0
2024,추석,2024-09-17,화,경북,칠곡군,1,0,0,3
2024,추석,2024-09-17,화,경북,포항시,6,0,0,12
2024,추석,2024-09-17,화,광주,광산구,4,0,0,8
2024,추석,2024-09-17,화,광주,남구,0,0,0,0
2024,추석,2024-09-17,화,광주,동구,0,0,0,0
2024,추석,2024-09-17,화,광주,북구,5,0,0,9
2024,추석,2024-09-17,화,광주,서구,3,0,0,4
2024,추석,2024-09-17,화,광주,소계,12,0,0,21
2024,추석,2024-09-17,화,대구,군위군,1,0,1,1
2024,추석,2024-09-17,화,대구,남구,0,0,0,0
2024,추석,2024-09-17,화,대구,달서구,6,0,3,13
2024,추석,2024-09-17,화,대구,달성군,2,0,2,6
2024,추석,2024-09-17,화,대구,동구,2,0,0,6
2024,추석,2024-09-17,화,대구,북구,4,0,0,5
2024,추석,2024-09-17,화,대구,서구,1,0,0,3
2024,추석,2024-09-17,화,대구,소계,19,0,8,40
2024,추석,2024-09-17,화,대구,수성구,1,0,0,1
2024,추석,2024-09-17,화,대구,중구,2,0,2,5
2024,추석,2024-09-17,화,대전,대덕구,1,0,0,2
2024,추석,2024-09-17,화,대전,동구,4,0,3,6
2024,추석,2024-09-17,화,대전,서구,2,0,0,6
2024,추석,2024-09-17,화,대전,소계,12,0,4,21
2024,추석,2024-09-17,화,대전,유성구,1,0,0,1
2024,추석,2024-09-17,화,대전,중구,4,0,1,6
2024,추석,2024-09-17,화,부산,강서구,3,0,3,9
2024,추석,2024-09-17,화,부산,금정구,1,0,0,1
2024,추석,2024-09-17,화,부산,기장군,1,0,1,1
2024,추석,2024-09-17,화,부산,남구,2,0,0,3
2024,추석,2024-09-17,화,부산,동구,1,0,0,1
2024,추석,2024-09-17,화,부산,동래구,0,0,0,0
2024,추석,2024-09-17,화,부산,북구,3,0,0,4
2024,추석,2024-09-17,화,부산,사상구,1,0,0,2
2024,추석,2024-09-17,화,부산,사하구,0,0,0,0
2024,추석,2024-09-17,화,부산,서구,0,0,0,0
2024,추석,2024-09-17,화,부산,소계,24,0,9,41
2024,추석,2024-09-17,화,부산,수영구,4,0,1,8
2024,추석,2024-09-17,화,부산,연제구,2,0,0,2
2024,추석,2024-09-17,화,부산,영도구,1,0,0,1
2024,추석,2024-09-17,화,부산,중구,0,0,0,0
2024,추석,2024-09-17,화,부산,진구,3,0,3,5
2024,추석,2024-09-17,화,부산,해운대구,2,0,1,4
2024,추석,2024-09-17,화,서울,강남구,2,0,0,4
2024,추석,2024-09-17,화,서울,강동구,4,0,1,10
2024,추석,2024-09-17,화,서울,강북구,1,0,0,2
2024,추석,2024-09-17,화,서울,강서구,4,0,1,9
2024,추석,2024-09-17,화,서울,관악구,2,0,0,2
2024,추석,2024-09-17,화,서울,광진구,2,0,1,2
2024,추석,2024-09-17,화,서울,구로구,3,0,2,8
2024,추석,2024-09-17,화,서울,금천구,2,0,0,4
2024,추석,2024-09-17,화,서울,노원구,3,0,0,4
2024,추석,2024-09-17,화,서울,도봉구,0,0,0,0
2024,추석,2024-09-17,화,서울,동대문구,0,0,0,0
2024,추석,2024-09-17,화,서울,동작구,1,0,2,3
2024,추석,2024-09-17,화,서울,마포구,5,0,4,6
2024,추석,2024-09-17,화,서울,서대문구,1,0,0,3
2024,추석,2024-09-17,화,서울,서초구,1,0,0,1
2024,추석,2024-09-17,화,서울,성동구,0,0,0,0
2024,추석,2024-09-17,화,서울,성북구,1,0,0,1
2024,추석,2024-09-17,화,서울,소계,53,0,18,98
2024,추석,2024-09-17,화,서울,송파구,4,0,1,5
2024,추석,2024-09-17,화,서울,양천구,1,0,0,1
2024,추석,2024-09-17,화,서울,영등포구,6,0,5,17
2024,추석,2024-09-17,화,서울,용산구,1,0,0,2
2024,추석,2024-09-17,화,서울,은평구,2,0,0,3
2024,추석,2024-09-17,화,서울,종로구,5,0,1,9
2024,추석,2024-09-17,화,서울,중구,1,0,0,1
2024,추석,2024-09-17,화,서울,중랑구,1,0,0,1
2024,추석,2024-09-17,화,세종,세종시,2,0,0,8
2024,추석,2024-09-17,화,세종,소계,2,0,0,8
2024,추석,2024-09-17,화,울산,남구,2,0,1,4
2024,추석,2024-09-17,화,울산,동구,1,0,0,1
2024,추석,2024-09-17,화,울산,북구,0,0,0,0
2024,추석,2024-09-17,화,울산,소계,4,0,2,6
2024,추석,2024-09-17,화,울산,울주군,1,0,1,1
2024,추석,2024-09-17,화,울산,중구,0,0,0,0
2024,추석,2024-09-17,화,인천,강화군,4,0,2,8
2024,추석,2024-09-17,화,인천,계양구,1,0,3,3
2024,추석,2024-09-17,화,인천,남동구,4,0,0,14
2024,추석,2024-09-17,화,인천,동구,0,0,0,0
2024,추석,2024-09-17,화,인천,미추홀구,2,0,0,2
2024,추석,2024-09-17,화,인천,부평구,2,0,0,2
2024,추석,2024-09-17,화,인천,서구,3,0,2,4
2024,추석,2024-09-17,화,인천,소계,23,0,9,44
2024,추석,2024-09-17,화,인천,연수구,1,0,0,1
2024,추석,2024-09-17,화,인천,옹진군,1,0,0,1
2024,추석,2024-09-17,화,인천,중구,5,0,2,9
2024,추석,2024-09-17,화,전국,전국,397,3,132,830
2024,추석,2024-09-17,화,전남,강진군,3,0,0,10
2024,추석,2024-09-17,화,전남,고흥군,1,0,0,1
2024,추석,2024-09-17,화,전남,곡성군,0,0,0,0
2024,추석,2024-09-17,화,전남,광양시,1,0,1,2
2024,추석,2024-09-17,화,전남,구례군,1,0,0,2
2024,추석,2024-09-17,화,전남,나주시,1,0,1,13
2024,추석,2024-09-17,화,전남,담양군,2,1,0,1
2024,추석,2024-09-17,화,전남,목포시,1,0,0,3
2024,추석,2024-09-17,화,전남,무안군,0,0,0,0
2024,추석,2024-09-17,화,전남,보성군,1,0,2,3
2024,추석,2024-09-17,화,전남,소계,18,1,5,52
2024,추석,2024-09-17,화,전남,순천시,1,0,0,2
2024,추석,2024-09-17,화,전남,신안군,0,0,0,0
2024,추석,2024-09-17,화,전남,여수시,2,0,0,4
2024,추석,2024-09-17,화,전남,영광군,0,0,0,0
2024,추석,2024-09-17,화,전남,영암군,0,0,0,0
2024,추석,2024-09-17,화,전남,완도군,1,0,0,4
2024,추석,2024-09-17,화,전남,장성군,1,0,0,4
2024,추석,2024-09-17,화,전남,장흥군,1,0,1,1
2024,추석,2024-09-17,화,전남,진도군,0,0,0,0
2024,추석,2024-09-17,화,전남,함평군,0,0,0,0
2024,추석,2024-09-17,화,전남,해남군,1,0,0,2
2024,추석,2024-09-17,화,전남,화순군,0,0,0,0
2024,추석,2024-09-17,화,전북,고창군,1,0,0,2
2024,추석,2024-09-17,화,전북,군산시,7,0,0,9
2024,추석,2024-09-17,화,전북,김제시,1,0,0,1
2024,추석,2024-09-17,화,전북,남원시,0,0,0,0
2024,추석,2024-09-17,화,전북,무주군,0,0,0,0
2024,추석,2024-09-17,화,전북,부안군,0,0,0,0
2024,추석,2024-09-17,화,전북,소계,19,0,7,44
2024,추석,2024-09-17,화,전북,순창군,0,0,0,0
2024,추석,2024-09-17,화,전북,완주군,1,0,0,4
2024,추석,2024-09-17,화,전북,익산시,0,0,0,0
2024,추석,2024-09-17,화,전북,임실군,0,0,0,0
2024,추석,2024-09-17,화,전북,장수군,0,0,0,0
2024,추석,2024-09-17,화,전북,전주시,7,0,6,26
2024,추석,2024-09-17,화,전북,정읍시,2,0,1,2
2024,추석,2024-09-17,화,전북,진안군,0,0,0,0
2024,추석,2024-09-17,화,제주,서귀포시,2,0,0,3
2024,추석,2024-09-17,화,제주,소계,8,0,0,15
2024,추석,2024-09-17,화,제주,제주시,6,0,0,12
2024,추석,2024-09-17,화,충남,계룡시,0,0,0,0
2024,추석,2024-09-17,화,충남,공주시,0,0,0,0
2024,추석,2024-09-17,화,충남,금산군,0,0,0,0
2024,추석,2024-09-17,화,충남,논산시,2,1,2,11
2024,추석,2024-09-17,화,충남,당진시,0,0,0,0
2024,추석,2024-09-17,화,충남,보령시,0,0,0,0
2024,추석,2024-09-17,화,충남,부여군,0,0,0,0
2024,추석,2024-09-17,화,충남,서산시,1,0,0,1
2024,추석,2024-09-17,화,충남,서천군,0,0,0,0
2024,추석,2024-09-17,화,충남,소계,15,1,6,32
2024,추석,2024-09-17,화,충남,아산시,2,0,1,3
2024,추석,2024-09-17,화,충남,예산군,1,0,0,1
2024,추석,2024-09-17,화,충남,천안시,8,0,1,14
2024,추석,2024-09-17,화,충남,청양군,0,0,0,0
2024,추석,2024-09-17,화,충남,태안군,0,0,0,0
2024,추석,2024-09-17,화,충남,홍성군,1,0,2,2
2024,추석,2024-09-17,화,충북,괴산군,0,0,0,0
2024,추석,2024-09-17,화,충북,단양군,0,0,0,0
2024,추석,2024-09-17,화,충북,보은군,2,0,0,6
2024,추석,2024-09-17,화,충북,소계,24,0,6,56
2024,추석,2024-09-17,화,충북,영동군,0,0,0,0
2024,추석,2024-09-17,화,충북,옥천군,2,0,2,5
2024,추석,2024-09-17,화,충북,음성군,2,0,0,7
2024,추석,2024-09-17,화,충북,제천시,1,0,0,1
2024,추석,2024-09-17,화,충북,증평군,0,0,0,0
2024,추석,2024-09-17,화,충북,진천군,2,0,0,5
2024,추석,2024-09-17,화,충북,청주시,10,0,3,22
2024,추석,2024-09-17,화,충북,충주시,5,0,1,10
2024,추석,2024-09-18,수,강원,강릉시,0,0,0,0
2024,추석,2024-09-18,수,강원,고성군,0,0,0,0
2024,추석,2024-09-18,수,강원,동해시,0,0,0,0
2024,추석,2024-09-18,수,강원,삼척시,0,0,0,0
2024,추석,2024-09-18,수,강원,소계,12,0,6,19
2024,추석,2024-09-18,수,강원,속초시,2,0,2,5
2024,추석,2024-09-18,수,강원,양구군,0,0,0,0
2024,추석,2024-09-18,수,강원,양양군,0,0,0,0
2024,추석,2024-09-18,수,강원,영월군,0,0,0,0
2024,추석,2024-09-18,수,강원,원주시,5,0,0,7
2024,추석,2024-09-18,수,강원,인제군,0,0,0,0
2024,추석,2024-09-18,수,강원,정선군,0,0,0,0
2024,추석,2024-09-18,수,강원,철원군,0,0,0,0
2024,추석,2024-09-18,수,강원,춘천시,3,0,1,4
2024,추석,2024-09-18,수,강원,태백시,0,0,0,0
2024,추석,2024-09-18,수,강원,평창군,0,0,0,0
2024,추석,2024-09-18,수,강원,홍천군,0,0,0,0
2024,추석,2024-09-18,수,강원,화천군,1,0,1,1
2024,추석,2024-09-18,수,강원,횡성군,1,0,2,2
2024,추석,2024-09-18,수,경기,가평군,0,0,0,0
2024,추석,2024-09-18,수,경기,고양시,6,0,1,8
2024,추석,2024-09-18,수,경기,과천시,1,0,0,1
2024,추석,2024-09-18,수,경기,광명시,2,0,0,7
2024,추석,2024-09-18,수,경기,광주시,3,0,0,4
2024,추석,2024-09-18,수,경기,구리시,0,0,0,0
2024,추석,2024-09-18,수,경기,군포시,1,0,0,1
2024,추석,2024-09-18,수,경기,김포시,5,0,3,9
2024,추석,2024-09-18,수,경기,남양주시,4,0,0,10
2024,추석,2024-09-18,수,경기,동두천시,2,0,0,2
2024,추석,2024-09-18,수,경기,부천시,7,0,4,9
2024,추석,2024-09-18,수,경기,성남시,4,0,0,4
2024,추석,2024-09-18,수,경기,소계,100,1,26,157
2024,추석,2024-09-18,수,경기,수원시,12,0,2,23
2024,추석,2024-09-18,수,경기,시흥시,4,0,0,6
2024,추석,2024-09-18,수,경기,안산시,7,0,4,10
2024,추석,2024-09-18,수,경기,안성시,3,0,2,5
2024,추석,2024-09-18,수,경기,안양시,4,0,2,4
2024,추석,2024-09-18,수,경기,양주시,0,0,0,0
2024,추석,2024-09-18,수,경기,양평군,4,0,2,4
2024,추석,2024-09-18,수,경기,여주시,2,0,0,3
2024,추석,2024-09-18,수,경기,연천군,0,0,0,0
2024,추석,2024-09-18,수,경기,오산시,4,0,1,4
2024,추석,2024-09-18,수,경기,용인시,3,0,0,7
2024,추석,2024-09-18,수,경기,의왕시,1,0,0,1
2024,추석,2024-09-18,수,경기,의정부시,3,0,0,6
2024,추석,2024-09-18,수,경기,이천시,1,0,0,1
2024,추석,2024-09-18,수,경기,파주시,2,0,2,4
2024,추석,2024-09-18,수,경기,평택시,5,0,2,10
2024,추석,2024-09-18,수,경기,포천시,1,0,0,2
2024,추석,2024-09-18,수,경기,하남시,4,0,1,5
2024,추석,2024-09-18,수,경기,화성시,5,1,0,7
2024,추석,2024-09-18,수,경남,거제시,0,0,0,0
2024,추석,2024-09-18,수,경남,거창군,0,0,0,0
2024,추석,2024-09-18,수,경남,고성군,0,0,0,0
2024,추석,2024-09-18,수,경남,김해시,3,0,1,3
2024,추석,2024-09-18,수,경남,남해군,1,0,1,1
2024,추석,2024-09-18,수,경남,밀양시,0,0,0,0
2024,추석,2024-09-18,수,경남,사천시,1,1,0,0
2024,추석,2024-09-18,수,경남,산청군,0,0,0,0
2024,추석,2024-09-18,수,경남,소계,18,2,7,21
2024,추석,2024-09-18,수,경남,양산시,2,0,0,2
2024,추석,2024-09-18,수,경남,의령군,0,0,0,0
2024,추석,2024-09-18,수,경남,진주시,1,0,1,1
2024,추석,2024-09-18,수,경남,창녕군,0,0,0,0
2024,추석,2024-09-18,수,경남,창원시,4,0,1,4
2024,추석,2024-09-18,수,경남,통영시,4,0,0,7
2024,추석,2024-09-18,수,경남,하동군,0,0,0,0
2024,추석,2024-09-18,수,경남,함안군,0,0,0,0
2024,추석,2024-09-18,수,경남,함양군,1,1,0,0
2024,추석,2024-09-18,수,경남,합천군,1,0,3,3
2024,추석,2024-09-18,수,경북,경산시,3,0,2,7
2024,추석,2024-09-18,수,경북,경주시,1,0,1,1
2024,추석,2024-09-18,수,경북,고령군,0,0,0,0
2024,추석,2024-09-18,수,경북,구미시,0,0,0,0
2024,추석,2024-09-18,수,경북,김천시,1,0,1,1
2024,추석,2024-09-18,수,경북,문경시,1,0,1,1
2024,추석,2024-09-18,수,경북,봉화군,0,0,0,0
2024,추석,2024-09-18,수,경북,상주시,2,0,0,12
2024,추석,2024-09-18,수,경북,성주군,0,0,0,0
2024,추석,2024-09-18,수,경북,소계,19,0,10,46
2024,추석,2024-09-18,수,경북,안동시,1,0,0,4
2024,추석,2024-09-18,수,경북,영덕군,1,0,1,2
2024,추석,2024-09-18,수,경북,영양군,1,0,0,2
2024,추석,2024-09-18,수,경북,영주시,1,0,0,1
2024,추석,2024-09-18,수,경북,영천시,0,0,0,0
2024,추석,2024-09-18,수,경북,예천군,0,0,0,0
2024,추석,2024-09-18,수,경북,울릉군,0,0,0,0
2024,추석,2024-09-18,수,경북,울진군,0,0,0,0
2024,추석,2024-09-18,수,경북,의성군,0,0,0,0
2024,추석,2024-09-18,수,경북,청도군,1,0,1,1
2024,추석,2024-09-18,수,경북,청송군,2,0,1,2
2024,추석,2024-09-18,수,경북,칠곡군,0,0,0,0
2024,추석,2024-09-18,수,경북,포항시,4,0,2,12
2024,추석,2024-09-18,수,광주,광산구,3,0,0,4
2024,추석,2024-09-18,수,광주,남구,0,0,0,0
2024,추석,2024-09-18,수,광주,동구,0,0,0,0
2024,추석,2024-09-18,수,광주,북구,3,0,1,5
2024,추석,2024-09-18,수,광주,서구,5,0,1,11
2024,추석,2024-09-18,수,광주,소계,11,0,2,20
2024,추석,2024-09-18,수,대구,군위군,0,0,0,0
2024,추석,2024-09-18,수,대구,남구,1,0,1,1
2024,추석,2024-09-18,수,대구,달서구,3,0,1,4
2024,추석,2024-09-18,수,대구,달성군,1,0,1,1
2024,추석,2024-09-18,수,대구,동구,5,0,1,7
2024,추석,2024-09-18,수,대구,북구,5,0,3,11
2024,추석,2024-09-18,수,대구,서구,1,0,0,1
2024,추석,2024-09-18,수,대구,소계,20,0,7,31
2024,추석,2024-09-18,수,대구,수성구,4,0,0,6
2024,추석,2024-09-18,수,대구,중구,0,0,0,0
2024,추석,2024-09-18,수,대전,대덕구,2,0,0,2
2024,추석,2024-09-18,수,대전,동구,3,0,0,4
2024,추석,2024-09-18,수,대전,서구,5,0,1,5
2024,추석,2024-09-18,수,대전,소계,14,0,1,16
2024,추석,2024-09-18,수,대전,유성구,2,0,0,2
2024,추석,2024-09-18,수,대전,중구,2,0,0,3
2024,추석,2024-09-18,수,부산,강서구,1,0,0,4
2024,추석,2024-09-18,수,부산,금정구,1,0,0,1
2024,추석,2024-09-18,수,부산,기장군,2,0,1,2
2024,추석,2024-09-18,수,부산,남구,0,0,0,0
2024,추석,2024-09-18,수,부산,동구,1,0,1,1
2024,추석,2024-09-18,수,부산,동래구,2,0,0,5
2024,추석,2024-09-18,수,부산,북구,2,0,2,2
2024,추석,2024-09-18,수,부산,사상구,0,0,0,0
2024,추석,2024-09-18,수,부산,사하구,1,0,0,1
2024,추석,2024-09-18,수,부산,서구,0,0,0,0
2024,추석,2024-09-18,수,부산,소계,20,0,5,29
2024,추석,2024-09-18,수,부산,수영구,0,0,0,0
2024,추석,2024-09-18,수,부산,연제구,1,0,0,1
2024,추석,2024-09-18,수,부산,영도구,0,0,0,0
2024,추석,2024-09-18,수,부산,중구,1,0,0,1
2024,추석,2024-09-18,수,부산,진구,7,0,1,9
2024,추석,2024-09-18,수,부산,해운대구,1,0,0,2
2024,추석,2024-09-18,수,서울,강남구,2,0,0,2
2024,추석,2024-09-18,수,서울,강동구,1,0,0,4
2024,추석,2024-09-18,수,서울,강북구,3,0,0,5
2024,추석,2024-09-18,수,서울,강서구,4,0,3,10
2024,추석,2024-09-18,수,서울,관악구,1,0,1,1
2024,추석,2024-09-18,수,서울,광진구,1,0,1,2
2024,추석,2024-09-18,수,서울,구로구,1,0,1,1
2024,추석,2024-09-18,수,서울,금천구,1,0,0,1
2024,추석,2024-09-18,수,서울,노원구,4,1,2,5
2024,추석,2024-09-18,수,서울,도봉구,1,0,0,1
2024,추석,2024-09-18,수,서울,동대문구,4,0,1,5
2024,추석,2024-09-18,수,서울,동작구,2,0,0,4
2024,추석,2024-09-18,수,서울,마포구,0,0,0,0
2024,추석,2024-09-18,수,서울,서대문구,2,0,1,2
2024,추석,2024-09-18,수,서울,서초구,6,0,1,13
2024,추석,2024-09-18,수,서울,성동구,2,0,0,2
2024,추석,2024-09-18,수,서울,성북구,2,0,0,2
2024,추석,2024-09-18,수,서울,소계,64,1,17,93
2024,추석,2024-09-18,수,서울,송파구,9,0,2,10
2024,추석,2024-09-18,수,서울,양천구,2,0,0,3
2024,추석,2024-09-18,수,서울,영등포구,6,0,1,6
2024,추석,2024-09-18,수,서울,용산구,0,0,0,0
2024,추석,2024-09-18,수,서울,은평구,7,0,2,10
2024,추석,2024-09-18,수,서울,종로구,0,0,0,0
2024,추석,2024-09-18,수,서울,중구,1,0,0,1
2024,추석,2024-09-18,수,서울,중랑구,2,0,1,3
2024,추석,2024-09-18,수,세종,세종시,2,0,0,5
2024,추석,2024-09-18,수,세종,소계,2,0,0,5
2024,추석,2024-09-18,수,울산,남구,2,0,1,2
2024,추석,2024-09-18,수,울산,동구,0,0,0,0
2024,추석,2024-09-18,수,울산,북구,0,0,0,0
2024,추석,2024-09-18,수,울산,소계,4,0,2,4
2024,추석,2024-09-18,수,울산,울주군,0,0,0,0
2024,추석,2024-09-18,수,울산,중구,2,0,1,2
2024,추석,2024-09-18,수,인천,강화군,0,0,0,0
2024,추석,2024-09-18,수,인천,계양구,0,0,0,0
2024,추석,2024-09-18,수,인천,남동구,5,0,1,5
2024,추석,2024-09-18,수,인천,동구,0,0,0,0
2024,추석,2024-09-18,수,인천,미추홀구,2,0,1,4
2024,추석,2024-09-18,수,인천,부평구,3,0,0,7
2024,추석,2024-09-18,수,인천,서구,0,0,0,0
2024,추석,2024-09-18,수,인천,소계,13,0,3,19
2024,추석,2024-09-18,수,인천,연수구,1,0,0,1
2024,추석,2024-09-18,수,인천,옹진군,0,0,0,0
2024,추석,2024-09-18,수,인천,중구,2,0,1,2
2024,추석,2024-09-18,수,전국,전국,351,5,100,553
2024,추석,2024-09-18,수,전남,강진군,0,0,0,0
2024,추석,2024-09-18,수,전남,고흥군,0,0,0,0
2024,추석,2024-09-18,수,전남,곡성군,1,0,0,1
2024,추석,2024-09-18,수,전남,광양시,1,0,1,1
2024,추석,2024-09-18,수,전남,구례군,0,0,0,0
2024,추석,2024-09-18,수,전남,나주시,1,0,0,1
2024,추석,2024-09-18,수,전남,담양군,1,0,0,3
2024,추석,2024-09-18,수,전남,목포시,1,0,0,1
2024,추석,2024-09-18,수,전남,무안군,0,0,0,0
2024,추석,2024-09-18,수,전남,보성군,0,0,0,0
2024,추석,2024-09-18,수,전남,소계,8,0,2,12
2024,추석,2024-09-18,수,전남,순천시,1,0,0,1
2024,추석,2024-09-18,수,전남,신안군,0,0,0,0
2024,추석,2024-09-18,수,전남,여수시,1,0,1,3
2024,추석,2024-09-18,수,전남,영광군,0,0,0,0
2024,추석,2024-09-18,수,전남,영암군,0,0,0,0
2024,추석,2024-09-18,수,전남,완도군,0,0,0,0
2024,추석,2024-09-18,수,전남,장성군,0,0,0,0
2024,추석,2024-09-18,수,전남,장흥군,1,0,0,1
2024,추석,2024-09-18,수,전남,진도군,0,0,0,0
2024,추석,2024-09-18,수,전남,함평군,0,0,0,0
2024,추석,2024-09-18,수,전남,해남군,0,0,0,0
2024,추석,2024-09-18,수,전남,화순군,0,0,0,0
2024,추석,2024-09-18,수,전북,고창군,0,0,0,0
2024,추석,2024-09-18,수,전북,군산시,2,0,0,3
2024,추석,2024-09-18,수,전북,김제시,2,0,0,4
2024,추석,2024-09-18,수,전북,남원시,0,0,0,0
2024,추석,2024-09-18,수,전북,무주군,0,0,0,0
2024,추석,2024-09-18,수,전북,부안군,0,0,0,0
2024,추석,2024-09-18,수,전북,소계,9,0,1,17
2024,추석,2024-09-18,수,전북,순창군,0,0,0,0
2024,추석,2024-09-18,수,전북,완주군,0,0,0,0
2024,추석,2024-09-18,수,전북,익산시,1,0,0,2
2024,추석,2024-09-18,수,전북,임실군,0,0,0,0
2024,추석,2024-09-18,수,전북,장수군,0,0,0,0
2024,추석,2024-09-18,수,전북,전주시,3,0,1,3
2024,추석,2024-09-18,수,전북,정읍시,0,0,0,0
2024,추석,2024-09-18,수,전북,진안군,1,0,0,5
2024,추석,2024-09-18,수,제주,서귀포시,0,0,0,0
2024,추석,2024-09-18,수,제주,소계,2,0,0,2
2024,추석,2024-09-18,수,제주,제주시,2,0,0,2
2024,추석,2024-09-18,수,충남,계룡시,0,0,0,0
2024,추석,2024-09-18,수,충남,공주시,2,0,2,7
2024,추석,2024-09-18,수,충남,금산군,0,0,0,0
2024,추석,2024-09-18,수,충남,논산시,1,0,0,1
2024,추석,2024-09-18,수,충남,당진시,1,0,0,8
2024,추석,2024-09-18,수,충남,보령시,2,0,1,4
2024,추석,2024-09-18,수,충남,부여군,0,0,0,0
2024,추석,2024-09-18,수,충남,서산시,1,0,0,2
2024,추석,2024-09-18,수,충남,서천군,0,0,0,0
2024,추석,2024-09-18,수,충남,소계,17,1,6,33
2024,추석,2024-09-18,수,충남,아산시,3,0,1,3
2024,추석,2024-09-18,수,충남,예산군,0,0,0,0
2024,추석,2024-09-18,수,충남,천안시,4,0,0,6
2024,추석,2024-09-18,수,충남,청양군,0,0,0,0
2024,추석,2024-09-18,수,충남,태안군,1,0,1,1
2024,추석,2024-09-18,수,충남,홍성군,2,1,1,1
2024,추석,2024-09-18,수,충북,괴산군,0,0,0,0
2024,추석,2024-09-18,수,충북,단양군,0,0,0,0
2024,추석,2024-09-18,수,충북,보은군,1,0,0,2
2024,추석,2024-09-18,수,충북,소계,18,0,5,29
2024,추석,2024-09-18,수,충북,영동군,1,0,0,1
2024,추석,2024-09-18,수,충북,옥천군,0,0,0,0
2024,추석,2024-09-18,수,충북,음성군,3,0,2,3
2024,추석,2024-09-18,수,충북,제천시,3,0,0,5
2024,추석,2024-09-18,수,충북,증평군,0,0,0,0
2024,추석,2024-09-18,수,충북,진천군,3,0,1,4
2024,추석,2024-09-18,수,충북,청주시,7,0,2,14
2024,추석,2024-09-18,수,충북,충주시,0,0,0,0
2025,설날,2025-01-28,화,강원,강릉시,2,0,0,3
2025,설날,2025-01-28,화,강원,고성군,0,0,0,0
2025,설날,2025-01-28,화,강원,동해시,0,0,0,0
2025,설날,2025-01-28,화,강원,삼척시,1,0,1,1
2025,설날,2025-01-28,화,강원,소계,14,0,7,23
2025,설날,2025-01-28,화,강원,속초시,1,0,0,1
2025,설날,2025-01-28,화,강원,양구군,0,0,0,0
2025,설날,2025-01-28,화,강원,양양군,1,0,0,1
2025,설날,2025-01-28,화,강원,영월군,1,0,0,2
2025,설날,2025-01-28,화,강원,원주시,5,0,4,9
2025,설날,2025-01-28,화,강원,인제군,1,0,1,4
2025,설날,2025-01-28,화,강원,정선군,1,0,0,1
2025,설날,2025-01-28,화,강원,철원군,0,0,0,0
2025,설날,2025-01-28,화,강원,춘천시,0,0,0,0
2025,설날,2025-01-28,화,강원,태백시,0,0,0,0
2025,설날,2025-01-28,화,강원,평창군,0,0,0,0
2025,설날,2025-01-28,화,강원,홍천군,1,0,1,1
2025,설날,2025-01-28,화,강원,화천군,0,0,0,0
2025,설날,2025-01-28,화,강원,횡성군,0,0,0,0
2025,설날,2025-01-28,화,경기,가평군,0,0,0,0
2025,설날,2025-01-28,화,경기,고양시,3,0,1,3
2025,설날,2025-01-28,화,경기,과천시,0,0,0,0
2025,설날,2025-01-28,화,경기,광명시,2,0,0,2
2025,설날,2025-01-28,화,경기,광주시,0,0,0,0
2025,설날,2025-01-28,화,경기,구리시,0,0,0,0
2025,설날,2025-01-28,화,경기,군포시,0,0,0,0
2025,설날,2025-01-28,화,경기,김포시,3,0,1,7
2025,설날,2025-01-28,화,경기,남양주시,1,0,0,3
2025,설날,2025-01-28,화,경기,동두천시,0,0,0,0
2025,설날,2025-01-28,화,경기,부천시,5,0,5,11
2025,설날,2025-01-28,화,경기,성남시,1,0,0,1
2025,설날,2025-01-28,화,경기,소계,48,0,12,79
2025,설날,2025-01-28,화,경기,수원시,7,0,2,14
2025,설날,2025-01-28,화,경기,시흥시,0,0,0,0
2025,설날,2025-01-28,화,경기,안산시,4,0,1,7
2025,설날,2025-01-28,화,경기,안성시,1,0,0,2
2025,설날,2025-01-28,화,경기,안양시,2,0,0,3
2025,설날,2025-01-28,화,경기,양주시,1,0,0,1
2025,설날,2025-01-28,화,경기,양평군,0,0,0,0
2025,설날,2025-01-28,화,경기,여주시,1,0,0,1
2025,설날,2025-01-28,화,경기,연천군,0,0,0,0
2025,설날,2025-01-28,화,경기,오산시,0,0,0,0
2025,설날,2025-01-28,화,경기,용인시,1,0,1,2
2025,설날,2025-01-28,화,경기,의왕시,1,0,0,2
2025,설날,2025-01-28,화,경기,의정부시,1,0,0,1
2025,설날,2025-01-28,화,경기,이천시,1,0,0,2
2025,설날,2025-01-28,화,경기,파주시,4,0,0,6
2025,설날,2025-01-28,화,경기,평택시,3,0,1,5
2025,설날,2025-01-28,화,경기,포천시,0,0,0,0
2025,설날,2025-01-28,화,경기,하남시,2,0,0,2
2025,설날,2025-01-28,화,경기,화성시,4,0,0,4
2025,설날,2025-01-28,화,경남,거제시,0,0,0,0
2025,설날,2025-01-28,화,경남,거창군,1,0,0,1
2025,설날,2025-01-28,화,경남,고성군,0,0,0,0
2025,설날,2025-01-28,화,경남,김해시,3,0,1,6
2025,설날,2025-01-28,화,경남,남해군,0,0,0,0
2025,설날,2025-01-28,화,경남,밀양시,1,0,0,1
2025,설날,2025-01-28,화,경남,사천시,0,0,0,0
2025,설날,2025-01-28,화,경남,산청군,0,0,0,0
2025,설날,2025-01-28,화,경남,소계,19,0,4,30
2025,설날,2025-01-28,화,경남,양산시,2,0,2,2
2025,설날,2025-01-28,화,경남,의령군,0,0,0,0
2025,설날,2025-01-28,화,경남,진주시,1,0,0,1
2025,설날,2025-01-28,화,경남,창녕군,1,0,0,4
2025,설날,2025-01-28,화,경남,창원시,6,0,0,7
2025,설날,2025-01-28,화,경남,통영시,1,0,1,1
2025,설날,2025-01-28,화,경남,하동군,1,0,0,3
2025,설날,2025-01-28,화,경남,함안군,0,0,0,0
2025,설날,2025-01-28,화,경남,함양군,2,0,0,4
2025,설날,2025-01-28,화,경남,합천군,0,0,0,0
2025,설날,2025-01-28,화,경북,경산시,1,0,0,1
2025,설날,2025-01-28,화,경북,경주시,1,0,0,1
2025,설날,2025-01-28,화,경북,고령군,1,0,0,1
2025,설날,2025-01-28,화,경북,구미시,1,0,0,1
2025,설날,2025-01-28,화,경북,김천시,0,0,0,0
2025,설날,2025-01-28,화,경북,문경시,0,0,0,0
2025,설날,2025-01-28,화,경북,봉화군,0,0,0,0
2025,설날,2025-01-28,화,경북,상주시,2,0,3,5
2025,설날,2025-01-28,화,경북,성주군,0,0,0,0
2025,설날,2025-01-28,화,경북,소계,13,0,7,23
2025,설날,2025-01-28,화,경북,안동시,0,0,0,0
2025,설날,2025-01-28,화,경북,영덕군,0,0,0,0
2025,설날,2025-01-28,화,경북,영양군,0,0,0,0
2025,설날,2025-01-28,화,경북,영주시,0,0,0,0
2025,설날,2025-01-28,화,경북,영천시,1,0,1,1
2025,설날,2025-01-28,화,경북,예천군,0,0,0,0
2025,설날,2025-01-28,화,경북,울릉군,0,0,0,0
2025,설날,2025-01-28,화,경북,울진군,0,0,0,0
2025,설날,2025-01-28,화,경북,의성군,2,0,2,3
2025,설날,2025-01-28,화,경북,청도군,0,0,0,0
2025,설날,2025-01-28,화,경북,청송군,0,0,0,0
2025,설날,2025-01-28,화,경북,칠곡군,0,0,0,0
2025,설날,2025-01-28,화,경북,포항시,4,0,1,10
2025,설날,2025-01-28,화,광주,광산구,2,0,0,2
2025,설날,2025-01-28,화,광주,남구,0,0,0,0
2025,설날,2025-01-28,화,광주,동구,1,0,0,3
2025,설날,2025-01-28,화,광주,북구,4,0,0,5
2025,설날,2025-01-28,화,광주,서구,5,0,0,6
2025,설날,2025-01-28,화,광주,소계,12,0,0,16
2025,설날,2025-01-28,화,대구,군위군,0,0,0,0
2025,설날,2025-01-28,화,대구,남구,1,0,0,1
2025,설날,2025-01-28,화,대구,달서구,5,0,1,6
2025,설날,2025-01-28,화,대구,달성군,0,0,0,0
2025,설날,2025-01-28,화,대구,동구,3,0,0,5
2025,설날,2025-01-28,화,대구,북구,2,0,0,4
2025,설날,2025-01-28,화,대구,서구,3,0,1,5
2025,설날,2025-01-28,화,대구,소계,16,0,2,24
2025,설날,2025-01-28,화,대구,수성구,1,0,0,2
2025,설날,2025-01-28,화,대구,중구,1,0,0,1
2025,설날,2025-01-28,화,대전,대덕구,1,0,0,1
2025,설날,2025-01-28,화,대전,동구,0,0,0,0
2025,설날,2025-01-28,화,대전,서구,1,0,0,2
2025,설날,2025-01-28,화,대전,소계,5,0,0,8
2025,설날,2025-01-28,화,대전,유성구,2,0,0,4
2025,설날,2025-01-28,화,대전,중구,1,0,0,1
2025,설날,2025-01-28,화,부산,강서구,1,0,0,1
2025,설날,2025-01-28,화,부산,금정구,0,0,0,0
2025,설날,2025-01-28,화,부산,기장군,1,0,1,4
2025,설날,2025-01-28,화,부산,남구,0,0,0,0
2025,설날,2025-01-28,화,부산,동구,2,0,1,2
2025,설날,2025-01-28,화,부산,동래구,0,0,0,0
2025,설날,2025-01-28,화,부산,북구,1,0,0,1
2025,설날,2025-01-28,화,부산,사상구,0,0,0,0
2025,설날,2025-01-28,화,부산,사하구,1,0,0,1
2025,설날,2025-01-28,화,부산,서구,0,0,0,0
2025,설날,2025-01-28,화,부산,소계,17,0,8,24
2025,설날,2025-01-28,화,부산,수영구,0,0,0,0
2025,설날,2025-01-28,화,부산,연제구,2,0,0,2
2025,설날,2025-01-28,화,부산,영도구,1,0,0,1
2025,설날,2025-01-28,화,부산,중구,1,0,1,1
2025,설날,2025-01-28,화,부산,진구,6,0,5,9
2025,설날,2025-01-28,화,부산,해운대구,1,0,0,2
2025,설날,2025-01-28,화,서울,강남구,5,0,2,5
2025,설날,2025-01-28,화,서울,강동구,1,0,1,1
2025,설날,2025-01-28,화,서울,강북구,0,0,0,0
2025,설날,2025-01-28,화,서울,강서구,6,0,0,7
2025,설날,2025-01-28,화,서울,관악구,0,0,0,0
2025,설날,2025-01-28,화,서울,광진구,1,0,0,1
2025,설날,2025-01-28,화,서울,구로구,2,0,2,2
2025,설날,2025-01-28,화,서울,금천구,2,0,1,3
2025,설날,2025-01-28,화,서울,노원구,1,0,0,2
2025,설날,2025-01-28,화,서울,도봉구,0,0,0,0
2025,설날,2025-01-28,화,서울,동대문구,3,0,0,6
2025,설날,2025-01-28,화,서울,동작구,1,0,0,2
2025,설날,2025-01-28,화,서울,마포구,0,0,0,0
2025,설날,2025-01-28,화,서울,서대문구,1,0,0,1
2025,설날,2025-01-28,화,서울,서초구,2,0,0,6
2025,설날,2025-01-28,화,서울,성동구,0,0,0,0
2025,설날,2025-01-28,화,서울,성북구,2,0,0,2
2025,설날,2025-01-28,화,서울,소계,34,0,6,47
2025,설날,2025-01-28,화,서울,송파구,1,0,0,2
2025,설날,2025-01-28,화,서울,양천구,1,0,0,1
2025,설날,2025-01-28,화,서울,영등포구,3,0,0,3
2025,설날,2025-01-28,화,서울,용산구,0,0,0,0
2025,설날,2025-01-28,화,서울,은평구,0,0,0,0
2025,설날,2025-01-28,화,서울,종로구,1,0,0,2
2025,설날,2025-01-28,화,서울,중구,1,0,0,1
2025,설날,2025-01-28,화,서울,중랑구,0,0,0,0
2025,설날,2025-01-28,화,세종,세종시,2,0,0,2
2025,설날,2025-01-28,화,세종,소계,2,0,0,2
2025,설날,2025-01-28,화,울산,남구,1,0,0,1
2025,설날,2025-01-28,화,울산,동구,0,0,0,0
2025,설날,2025-01-28,화,울산,북구,1,0,0,2
2025,설날,2025-01-28,화,울산,소계,6,0,1,20
2025,설날,2025-01-28,화,울산,울주군,2,0,1,15
2025,설날,2025-01-28,화,울산,중구,2,0,0,2
2025,설날,2025-01-28,화,인천,강화군,0,0,0,0
2025,설날,2025-01-28,화,인천,계양구,2,0,1,2
2025,설날,2025-01-28,화,인천,남동구,2,0,1,4
2025,설날,2025-01-28,화,인천,동구,0,0,0,0
2025,설날,2025-01-28,화,인천,미추홀구,2,0,0,2
2025,설날,2025-01-28,화,인천,부평구,7,0,1,12
2025,설날,2025-01-28,화,인천,서구,1,0,0,2
2025,설날,2025-01-28,화,인천,소계,15,0,3,23
2025,설날,2025-01-28,화,인천,연수구,0,0,0,0
2025,설날,2025-01-28,화,인천,옹진군,0,0,0,0
2025,설날,2025-01-28,화,인천,중구,1,0,0,1
2025,설날,2025-01-28,화,전국,전국,262,1,83,452
2025,설날,2025-01-28,화,전남,강진군,1,0,1,2
2025,설날,2025-01-28,화,전남,고흥군,0,0,0,0
2025,설날,2025-01-28,화,전남,곡성군,0,0,0,0
2025,설날,2025-01-28,화,전남,광양시,0,0,0,0
2025,설날,2025-01-28,화,전남,구례군,0,0,0,0
2025,설날,2025-01-28,화,전남,나주시,1,0,0,1
2025,설날,2025-01-28,화,전남,담양군,1,0,0,1
2025,설날,2025-01-28,화,전남,목포시,2,0,0,2
2025,설날,2025-01-28,화,전남,무안군,0,0,0,0
2025,설날,2025-01-28,화,전남,보성군,0,0,0,0
2025,설날,2025-01-28,화,전남,소계,11,0,4,18
2025,설날,2025-01-28,화,전남,순천시,2,0,1,4
2025,설날,2025-01-28,화,전남,신안군,0,0,0,0
2025,설날,2025-01-28,화,전남,여수시,0,0,0,0
2025,설날,2025-01-28,화,전남,영광군,0,0,0,0
2025,설날,2025-01-28,화,전남,영암군,1,0,1,1
2025,설날,2025-01-28,화,전남,완도군,1,0,1,2
2025,설날,2025-01-28,화,전남,장성군,0,0,0,0
2025,설날,2025-01-28,화,전남,장흥군,0,0,0,0
2025,설날,2025-01-28,화,전남,진도군,0,0,0,0
2025,설날,2025-01-28,화,전남,함평군,1,0,0,3
2025,설날,2025-01-28,화,전남,해남군,1,0,0,2
2025,설날,2025-01-28,화,전남,화순군,0,0,0,0
2025,설날,2025-01-28,화,전북,고창군,0,0,0,0
2025,설날,2025-01-28,화,전북,군산시,0,0,0,0
2025,설날,2025-01-28,화,전북,김제시,0,0,0,0
2025,설날,2025-01-28,화,전북,남원시,1,0,1,1
2025,설날,2025-01-28,화,전북,무주군,0,0,0,0
2025,설날,2025-01-28,화,전북,부안군,0,0,0,0
2025,설날,2025-01-28,화,전북,소계,12,0,1,20
2025,설날,2025-01-28,화,전북,순창군,1,0,0,3
2025,설날,2025-01-28,화,전북,완주군,0,0,0,0
2025,설날,2025-01-28,화,전북,익산시,4,0,0,7
2025,설날,2025-01-28,화,전북,임실군,0,0,0,0
2025,설날,2025-01-28,화,전북,장수군,0,0,0,0
2025,설날,2025-01-28,화,전북,전주시,6,0,0,9
2025,설날,2025-01-28,화,전북,정읍시,0,0,0,0
2025,설날,2025-01-28,화,전북,진안군,0,0,0,0
2025,설날,2025-01-28,화,제주,서귀포시,5,0,2,7
2025,설날,2025-01-28,화,제주,소계,9,1,3,10
2025,설날,2025-01-28,화,제주,제주시,4,1,1,3
2025,설날,2025-01-28,화,충남,계룡시,0,0,0,0
2025,설날,2025-01-28,화,충남,공주시,1,0,0,4
2025,설날,2025-01-28,화,충남,금산군,0,0,0,0
2025,설날,2025-01-28,화,충남,논산시,1,0,0,1
2025,설날,2025-01-28,화,충남,당진시,0,0,0,0
2025,설날,2025-01-28,화,충남,보령시,0,0,0,0
2025,설날,2025-01-28,화,충남,부여군,0,0,0,0
2025,설날,2025-01-28,화,충남,서산시,2,0,0,4
2025,설날,2025-01-28,화,충남,서천군,0,0,0,0
2025,설날,2025-01-28,화,충남,소계,18,0,17,67
2025,설날,2025-01-28,화,충남,아산시,3,0,3,6
2025,설날,2025-01-28,화,충남,예산군,1,0,0,1
2025,설날,2025-01-28,화,충남,천안시,8,0,12,47
2025,설날,2025-01-28,화,충남,청양군,1,0,1,1
2025,설날,2025-01-28,화,충남,태안군,1,0,1,3
2025,설날,2025-01-28,화,충남,홍성군,0,0,0,0
2025,설날,2025-01-28,화,충북,괴산군,0,0,0,0
2025,설날,2025-01-28,화,충북,단양군,2,0,1,3
2025,설날,2025-01-28,화,충북,보은군,0,0,0,0
2025,설날,2025-01-28,화,충북,소계,11,0,8,18
2025,설날,2025-01-28,화,충북,영동군,1,0,0,1
2025,설날,2025-01-28,화,충북,옥천군,0,0,0,0
2025,설날,2025-01-28,화,충북,음성군,2,0,1,3
2025,설날,2025-01-28,화,충북,제천시,0,0,0,0
2025,설날,2025-01-28,화,충북,증평군,0,0,0,0
2025,설날,2025-01-28,화,충북,진천군,1,0,0,1
2025,설날,2025-01-28,화,충북,청주시,4,0,5,9
2025,설날,2025-01-28,화,충북,충주시,1,0,1,1
2025,설날,2025-01-29,수,강원,강릉시,1,0,1,1
2025,설날,2025-01-29,수,강원,고성군,0,0,0,0
2025,설날,2025-01-29,수,강원,동해시,0,0,0,0
2025,설날,2025-01-29,수,강원,삼척시,0,0,0,0
2025,설날,2025-01-29,수,강원,소계,12,0,5,25
2025,설날,2025-01-29,수,강원,속초시,2,0,0,2
2025,설날,2025-01-29,수,강원,양구군,1,0,2,3
2025,설날,2025-01-29,수,강원,양양군,0,0,0,0
2025,설날,2025-01-29,수,강원,영월군,0,0,0,0
2025,설날,2025-01-29,수,강원,원주시,4,0,2,6
2025,설날,2025-01-29,수,강원,인제군,0,0,0,0
2025,설날,2025-01-29,수,강원,정선군,0,0,0,0
2025,설날,2025-01-29,수,강원,철원군,0,0,0,0
2025,설날,2025-01-29,수,강원,춘천시,3,0,0,11
2025,설날,2025-01-29,수,강원,태백시,0,0,0,0
2025,설날,2025-01-29,수,강원,평창군,0,0,0,0
2025,설날,2025-01-29,수,강원,홍천군,1,0,0,2
2025,설날,2025-01-29,수,강원,화천군,0,0,0,0
2025,설날,2025-01-29,수,강원,횡성군,0,0,0,0
2025,설날,2025-01-29,수,경기,가평군,0,0,0,0
2025,설날,2025-01-29,수,경기,고양시,5,0,1,10
2025,설날,2025-01-29,수,경기,과천시,0,0,0,0
2025,설날,2025-01-29,수,경기,광명시,2,0,0,2
2025,설날,2025-01-29,수,경기,광주시,2,0,0,7
2025,설날,2025-01-29,수,경기,구리시,4,0,0,6
2025,설날,2025-01-29,수,경기,군포시,2,0,1,2
2025,설날,2025-01-29,수,경기,김포시,2,0,2,7
2025,설날,2025-01-29,수,경기,남양주시,2,0,0,3
2025,설날,2025-01-29,수,경기,동두천시,2,0,1,3
2025,설날,2025-01-29,수,경기,부천시,6,0,0,16
2025,설날,2025-01-29,수,경기,성남시,2,0,0,2
2025,설날,2025-01-29,수,경기,소계,62,0,9,124
2025,설날,2025-01-29,수,경기,수원시,2,0,1,4
2025,설날,2025-01-29,수,경기,시흥시,3,0,0,6
2025,설날,2025-01-29,수,경기,안산시,3,0,0,5
2025,설날,2025-01-29,수,경기,안성시,1,0,0,3
2025,설날,2025-01-29,수,경기,안양시,1,0,0,1
2025,설날,2025-01-29,수,경기,양주시,2,0,0,2
2025,설날,2025-01-29,수,경기,양평군,1,0,0,1
2025,설날,2025-01-29,수,경기,여주시,1,0,0,6
2025,설날,2025-01-29,수,경기,연천군,0,0,0,0
2025,설날,2025-01-29,수,경기,오산시,2,0,0,8
2025,설날,2025-01-29,수,경기,용인시,1,0,0,1
2025,설날,2025-01-29,수,경기,의왕시,0,0,0,0
2025,설날,2025-01-29,수,경기,의정부시,1,0,0,1
2025,설날,2025-01-29,수,경기,이천시,1,0,0,2
2025,설날,2025-01-29,수,경기,파주시,5,0,1,11
2025,설날,2025-01-29,수,경기,평택시,4,0,0,6
2025,설날,2025-01-29,수,경기,포천시,1,0,2,2
2025,설날,2025-01-29,수,경기,하남시,2,0,0,5
2025,설날,2025-01-29,수,경기,화성시,2,0,0,2
2025,설날,2025-01-29,수,경남,거제시,1,0,0,1
2025,설날,2025-01-29,수,경남,거창군,1,0,0,1
2025,설날,2025-01-29,수,경남,고성군,0,0,0,0
2025,설날,2025-01-29,수,경남,김해시,1,0,0,1
2025,설날,2025-01-29,수,경남,남해군,0,0,0,0
2025,설날,2025-01-29,수,경남,밀양시,1,0,0,1
2025,설날,2025-01-29,수,경남,사천시,0,0,0,0
2025,설날,2025-01-29,수,경남,산청군,0,0,0,0
2025,설날,2025-01-29,수,경남,소계,15,1,2,24
2025,설날,2025-01-29,수,경남,양산시,2,0,0,2
2025,설날,2025-01-29,수,경남,의령군,0,0,0,0
2025,설날,2025-01-29,수,경남,진주시,1,0,0,2
2025,설날,2025-01-29,수,경남,창녕군,1,0,1,1
2025,설날,2025-01-29,수,경남,창원시,7,1,1,15
2025,설날,2025-01-29,수,경남,통영시,0,0,0,0
2025,설날,2025-01-29,수,경남,하동군,0,0,0,0
2025,설날,2025-01-29,수,경남,함안군,0,0,0,0
2025,설날,2025-01-29,수,경남,함양군,0,0,0,0
2025,설날,2025-01-29,수,경남,합천군,0,0,0,0
2025,설날,2025-01-29,수,경북,경산시,2,0,0,5
2025,설날,2025-01-29,수,경북,경주시,2,0,2,5
2025,설날,2025-01-29,수,경북,고령군,0,0,0,0
2025,설날,2025-01-29,수,경북,구미시,1,0,0,1
2025,설날,2025-01-29,수,경북,김천시,1,0,0,1
2025,설날,2025-01-29,수,경북,문경시,0,0,0,0
2025,설날,2025-01-29,수,경북,봉화군,0,0,0,0
2025,설날,2025-01-29,수,경북,상주시,0,0,0,0
2025,설날,2025-01-29,수,경북,성주군,1,0,0,1
2025,설날,2025-01-29,수,경북,소계,16,1,3,34
2025,설날,2025-01-29,수,경북,안동시,0,0,0,0
2025,설날,2025-01-29,수,경북,영덕군,0,0,0,0
2025,설날,2025-01-29,수,경북,영양군,0,0,0,0
2025,설날,2025-01-29,수,경북,영주시,0,0,0,0
2025,설날,2025-01-29,수,경북,영천시,1,0,0,1
2025,설날,2025-01-29,수,경북,예천군,0,0,0,0
2025,설날,2025-01-29,수,경북,울릉군,0,0,0,0
2025,설날,2025-01-29,수,경북,울진군,0,0,0,0
2025,설날,2025-01-29,수,경북,의성군,1,0,0,1
2025,설날,2025-01-29,수,경북,청도군,0,0,0,0
2025,설날,2025-01-29,수,경북,청송군,0,0,0,0
2025,설날,2025-01-29,수,경북,칠곡군,3,1,0,12
2025,설날,2025-01-29,수,경북,포항시,4,0,1,7
2025,설날,2025-01-29,수,광주,광산구,2,0,0,2
2025,설날,2025-01-29,수,광주,남구,1,0,0,1
2025,설날,2025-01-29,수,광주,동구,0,0,0,0
2025,설날,2025-01-29,수,광주,북구,1,0,0,4
2025,설날,2025-01-29,수,광주,서구,3,0,0,6
2025,설날,2025-01-29,수,광주,소계,7,0,0,13
2025,설날,2025-01-29,수,대구,군위군,1,0,0,1
2025,설날,2025-01-29,수,대구,남구,0,0,0,0
2025,설날,2025-01-29,수,대구,달서구,3,0,0,3
2025,설날,2025-01-29,수,대구,달성군,0,0,0,0
2025,설날,2025-01-29,수,대구,동구,3,0,0,5
2025,설날,2025-01-29,수,대구,북구,2,0,0,2
2025,설날,2025-01-29,수,대구,서구,0,0,0,0
2025,설날,2025-01-29,수,대구,소계,12,0,0,16
2025,설날,2025-01-29,수,대구,수성구,2,0,0,4
2025,설날,2025-01-29,수,대구,중구,1,0,0,1
2025,설날,2025-01-29,수,대전,대덕구,1,0,1,1
2025,설날,2025-01-29,수,대전,동구,2,0,0,2
2025,설날,2025-01-29,수,대전,서구,1,0,0,2
2025,설날,2025-01-29,수,대전,소계,6,0,2,7
2025,설날,2025-01-29,수,대전,유성구,2,0,1,2
2025,설날,2025-01-29,수,대전,중구,0,0,0,0
2025,설날,2025-01-29,수,부산,강서구,1,0,0,1
2025,설날,2025-01-29,수,부산,금정구,2,0,0,7
2025,설날,2025-01-29,수,부산,기장군,3,0,0,4
2025,설날,2025-01-29,수,부산,남구,0,0,0,0
2025,설날,2025-01-29,수,부산,동구,0,0,0,0
2025,설날,2025-01-29,수,부산,동래구,1,0,1,1
2025,설날,2025-01-29,수,부산,북구,1,0,0,3
2025,설날,2025-01-29,수,부산,사상구,0,0,0,0
2025,설날,2025-01-29,수,부산,사하구,2,0,0,2
2025,설날,2025-01-29,수,부산,서구,1,0,0,2
2025,설날,2025-01-29,수,부산,소계,18,0,4,29
2025,설날,2025-01-29,수,부산,수영구,2,0,2,2
2025,설날,2025-01-29,수,부산,연제구,1,0,0,1
2025,설날,2025-01-29,수,부산,영도구,0,0,0,0
2025,설날,2025-01-29,수,부산,중구,0,0,0,0
2025,설날,2025-01-29,수,부산,진구,1,0,0,1
2025,설날,2025-01-29,수,부산,해운대구,3,0,1,5
2025,설날,2025-01-29,수,서울,강남구,3,1,1,2
2025,설날,2025-01-29,수,서울,강동구,4,0,1,10
2025,설날,2025-01-29,수,서울,강북구,1,0,0,1
2025,설날,2025-01-29,수,서울,강서구,4,0,1,5
2025,설날,2025-01-29,수,서울,관악구,1,0,0,1
2025,설날,2025-01-29,수,서울,광진구,6,0,6,8
2025,설날,2025-01-29,수,서울,구로구,4,0,0,4
2025,설날,2025-01-29,수,서울,금천구,1,0,0,1
2025,설날,2025-01-29,수,서울,노원구,6,0,3,12
2025,설날,2025-01-29,수,서울,도봉구,1,0,0,2
2025,설날,2025-01-29,수,서울,동대문구,4,0,3,10
2025,설날,2025-01-29,수,서울,동작구,4,0,1,5
2025,설날,2025-01-29,수,서울,마포구,2,0,0,2
2025,설날,2025-01-29,수,서울,서대문구,3,0,3,7
2025,설날,2025-01-29,수,서울,서초구,4,0,2,4
2025,설날,2025-01-29,수,서울,성동구,0,0,0,0
2025,설날,2025-01-29,수,서울,성북구,1,0,1,1
2025,설날,2025-01-29,수,서울,소계,69,1,25,103
2025,설날,2025-01-29,수,서울,송파구,6,0,1,7
2025,설날,2025-01-29,수,서울,양천구,3,0,2,3
2025,설날,2025-01-29,수,서울,영등포구,5,0,0,10
2025,설날,2025-01-29,수,서울,용산구,1,0,0,1
2025,설날,2025-01-29,수,서울,은평구,2,0,0,4
2025,설날,2025-01-29,수,서울,종로구,0,0,0,0
2025,설날,2025-01-29,수,서울,중구,1,0,0,1
2025,설날,2025-01-29,수,서울,중랑구,2,0,0,2
2025,설날,2025-01-29,수,세종,세종시,0,0,0,0
2025,설날,2025-01-29,수,세종,소계,0,0,0,0
2025,설날,2025-01-29,수,울산,남구,0,0,0,0
2025,설날,2025-01-29,수,울산,동구,0,0,0,0
2025,설날,2025-01-29,수,울산,북구,0,0,0,0
2025,설날,2025-01-29,수,울산,소계,3,0,3,14
2025,설날,2025-01-29,수,울산,울주군,1,0,1,3
2025,설날,2025-01-29,수,울산,중구,2,0,2,11
2025,설날,2025-01-29,수,인천,강화군,0,0,0,0
2025,설날,2025-01-29,수,인천,계양구,3,0,0,7
2025,설날,2025-01-29,수,인천,남동구,4,0,3,7
2025,설날,2025-01-29,수,인천,동구,1,0,0,1
2025,설날,2025-01-29,수,인천,미추홀구,3,0,1,5
2025,설날,2025-01-29,수,인천,부평구,3,0,0,6
2025,설날,2025-01-29,수,인천,서구,2,0,1,2
2025,설날,2025-01-29,수,인천,소계,17,0,7,32
2025,설날,2025-01-29,수,인천,연수구,0,0,0,0
2025,설날,2025-01-29,수,인천,옹진군,0,0,0,0
2025,설날,2025-01-29,수,인천,중구,1,0,2,4
2025,설날,2025-01-29,수,전국,전국,284,3,73,517
2025,설날,2025-01-29,수,전남,강진군,0,0,0,0
2025,설날,2025-01-29,수,전남,고흥군,0,0,0,0
2025,설날,2025-01-29,수,전남,곡성군,0,0,0,0
2025,설날,2025-01-29,수,전남,광양시,0,0,0,0
2025,설날,2025-01-29,수,전남,구례군,0,0,0,0
2025,설날,2025-01-29,수,전남,나주시,0,0,0,0
2025,설날,2025-01-29,수,전남,담양군,0,0,0,0
2025,설날,2025-01-29,수,전남,목포시,1,0,0,1
2025,설날,2025-01-29,수,전남,무안군,0,0,0,0
2025,설날,2025-01-29,수,전남,보성군,0,0,0,0
2025,설날,2025-01-29,수,전남,소계,7,0,0,11
2025,설날,2025-01-29,수,전남,순천시,3,0,0,3
2025,설날,2025-01-29,수,전남,신안군,0,0,0,0
2025,설날,2025-01-29,수,전남,여수시,1,0,0,3
2025,설날,2025-01-29,수,전남,영광군,0,0,0,0
2025,설날,2025-01-29,수,전남,영암군,2,0,0,4
2025,설날,2025-01-29,수,전남,완도군,0,0,0,0
2025,설날,2025-01-29,수,전남,장성군,0,0,0,0
2025,설날,2025-01-29,수,전남,장흥군,0,0,0,0
2025,설날,2025-01-29,수,전남,진도군,0,0,0,0
2025,설날,2025-01-29,수,전남,함평군,0,0,0,0
2025,설날,2025-01-29,수,전남,해남군,0,0,0,0
2025,설날,2025-01-29,수,전남,화순군,0,0,0,0
2025,설날,2025-01-29,수,전북,고창군,0,0,0,0
2025,설날,2025-01-29,수,전북,군산시,7,0,2,12
2025,설날,2025-01-29,수,전북,김제시,0,0,0,0
2025,설날,2025-01-29,수,전북,남원시,0,0,0,0
2025,설날,2025-01-29,수,전북,무주군,0,0,0,0
2025,설날,2025-01-29,수,전북,부안군,0,0,0,0
2025,설날,2025-01-29,수,전북,소계,8,0,2,13
2025,설날,2025-01-29,수,전북,순창군,0,0,0,0
2025,설날,2025-01-29,수,전북,완주군,0,0,0,0
2025,설날,2025-01-29,수,전북,익산시,0,0,0,0
2025,설날,2025-01-29,수,전북,임실군,0,0,0,0
2025,설날,2025-01-29,수,전북,장수군,0,0,0,0
2025,설날,2025-01-29,수,전북,전주시,1,0,0,1
2025,설날,2025-01-29,수,전북,정읍시,0,0,0,0
2025,설날,2025-01-29,수,전북,진안군,0,0,0,0
2025,설날,2025-01-29,수,제주,서귀포시,0,0,0,0
2025,설날,2025-01-29,수,제주,소계,2,0,3,6
2025,설날,2025-01-29,수,제주,제주시,2,0,3,6
2025,설날,2025-01-29,수,충남,계룡시,0,0,0,0
2025,설날,2025-01-29,수,충남,공주시,0,0,0,0
2025,설날,2025-01-29,수,충남,금산군,1,0,0,5
2025,설날,2025-01-29,수,충남,논산시,3,0,4,7
2025,설날,2025-01-29,수,충남,당진시,2,0,1,2
2025,설날,2025-01-29,수,충남,보령시,0,0,0,0
2025,설날,2025-01-29,수,충남,부여군,1,0,0,4
2025,설날,2025-01-29,수,충남,서산시,1,0,0,1
2025,설날,2025-01-29,수,충남,서천군,1,0,1,6
2025,설날,2025-01-29,수,충남,소계,17,0,8,41
2025,설날,2025-01-29,수,충남,아산시,3,0,0,4
2025,설날,2025-01-29,수,충남,예산군,1,0,0,4
2025,설날,2025-01-29,수,충남,천안시,4,0,2,8
2025,설날,2025-01-29,수,충남,청양군,0,0,0,0
2025,설날,2025-01-29,수,충남,태안군,0,0,0,0
2025,설날,2025-01-29,수,충남,홍성군,0,0,0,0
2025,설날,2025-01-29,수,충북,괴산군,0,0,0,0
2025,설날,2025-01-29,수,충북,단양군,0,0,0,0
2025,설날,2025-01-29,수,충북,보은군,0,0,0,0
2025,설날,2025-01-29,수,충북,소계,13,0,0,25
2025,설날,2025-01-29,수,충북,영동군,0,0,0,0
2025,설날,2025-01-29,수,충북,옥천군,0,0,0,0
2025,설날,2025-01-29,수,충북,음성군,1,0,0,3
2025,설날,2025-01-29,수,충북,제천시,0,0,0,0
2025,설날,2025-01-29,수,충북,증평군,0,0,0,0
2025,설날,2025-01-29,수,충북,진천군,1,0,0,1
2025,설날,2025-01-29,수,충북,청주시,10,0,0,20
2025,설날,2025-01-29,수,충북,충주시,1,0,0,1
2025,설날,2025-01-30,목,강원,강릉시,1,0,0,1
2025,설날,2025-01-30,목,강원,고성군,1,0,0,1
2025,설날,2025-01-30,목,강원,동해시,0,0,0,0
2025,설날,2025-01-30,목,강원,삼척시,0,0,0,0
2025,설날,2025-01-30,목,강원,소계,8,0,5,16
2025,설날,2025-01-30,목,강원,속초시,0,0,0,0
2025,설날,2025-01-30,목,강원,양구군,0,0,0,0
2025,설날,2025-01-30,목,강원,양양군,0,0,0,0
2025,설날,2025-01-30,목,강원,영월군,0,0,0,0
2025,설날,2025-01-30,목,강원,원주시,0,0,0,0
2025,설날,2025-01-30,목,강원,인제군,0,0,0,0
2025,설날,2025-01-30,목,강원,정선군,0,0,0,0
2025,설날,2025-01-30,목,강원,철원군,0,0,0,0
2025,설날,2025-01-30,목,강원,춘천시,3,0,0,3
2025,설날,2025-01-30,목,강원,태백시,0,0,0,0
2025,설날,2025-01-30,목,강원,평창군,1,0,1,1
2025,설날,2025-01-30,목,강원,홍천군,1,0,0,1
2025,설날,2025-01-30,목,강원,화천군,0,0,0,0
2025,설날,2025-01-30,목,강원,횡성군,1,0,4,9
2025,설날,2025-01-30,목,경기,가평군,1,0,0,4
2025,설날,2025-01-30,목,경기,고양시,5,0,1,7
2025,설날,2025-01-30,목,경기,과천시,0,0,0,0
2025,설날,2025-01-30,목,경기,광명시,1,0,0,1
2025,설날,2025-01-30,목,경기,광주시,2,0,0,2
2025,설날,2025-01-30,목,경기,구리시,1,0,0,2
2025,설날,2025-01-30,목,경기,군포시,0,0,0,0
2025,설날,2025-01-30,목,경기,김포시,4,0,1,4
2025,설날,2025-01-30,목,경기,남양주시,5,0,3,9
2025,설날,2025-01-30,목,경기,동두천시,1,0,0,1
2025,설날,2025-01-30,목,경기,부천시,5,0,1,10
2025,설날,2025-01-30,목,경기,성남시,6,0,2,11
2025,설날,2025-01-30,목,경기,소계,73,1,16,126
2025,설날,2025-01-30,목,경기,수원시,10,0,1,14
2025,설날,2025-01-30,목,경기,시흥시,2,0,1,7
2025,설날,2025-01-30,목,경기,안산시,3,0,0,4
2025,설날,2025-01-30,목,경기,안성시,1,0,0,1
2025,설날,2025-01-30,목,경기,안양시,3,0,1,4
2025,설날,2025-01-30,목,경기,양주시,1,0,0,1
2025,설날,2025-01-30,목,경기,양평군,0,0,0,0
2025,설날,2025-01-30,목,경기,여주시,1,0,0,3
2025,설날,2025-01-30,목,경기,연천군,0,0,0,0
2025,설날,2025-01-30,목,경기,오산시,1,0,0,2
2025,설날,2025-01-30,목,경기,용인시,4,1,1,4
2025,설날,2025-01-30,목,경기,의왕시,2,0,0,2
2025,설날,2025-01-30,목,경기,의정부시,5,0,0,12
2025,설날,2025-01-30,목,경기,이천시,1,0,0,1
2025,설날,2025-01-30,목,경기,파주시,4,0,0,5
2025,설날,2025-01-30,목,경기,평택시,1,0,0,1
2025,설날,2025-01-30,목,경기,포천시,0,0,0,0
2025,설날,2025-01-30,목,경기,하남시,1,0,4,12
2025,설날,2025-01-30,목,경기,화성시,2,0,0,2
2025,설날,2025-01-30,목,경남,거제시,4,0,2,6
2025,설날,2025-01-30,목,경남,거창군,0,0,0,0
2025,설날,2025-01-30,목,경남,고성군,3,0,2,5
2025,설날,2025-01-30,목,경남,김해시,0,0,0,0
2025,설날,2025-01-30,목,경남,남해군,0,0,0,0
2025,설날,2025-01-30,목,경남,밀양시,0,0,0,0
2025,설날,2025-01-30,목,경남,사천시,1,0,1,1
2025,설날,2025-01-30,목,경남,산청군,0,0,0,0
2025,설날,2025-01-30,목,경남,소계,18,0,9,35
2025,설날,2025-01-30,목,경남,양산시,4,0,3,16
2025,설날,2025-01-30,목,경남,의령군,0,0,0,0
2025,설날,2025-01-30,목,경남,진주시,2,0,0,2
2025,설날,2025-01-30,목,경남,창녕군,0,0,0,0
2025,설날,2025-01-30,목,경남,창원시,2,0,1,2
2025,설날,2025-01-30,목,경남,통영시,0,0,0,0
2025,설날,2025-01-30,목,경남,하동군,0,0,0,0
2025,설날,2025-01-30,목,경남,함안군,1,0,0,1
2025,설날,2025-01-30,목,경남,함양군,0,0,0,0
2025,설날,2025-01-30,목,경남,합천군,1,0,0,2
2025,설날,2025-01-30,목,경북,경산시,0,0,0,0
2025,설날,2025-01-30,목,경북,경주시,2,0,0,5
2025,설날,2025-01-30,목,경북,고령군,0,0,0,0
2025,설날,2025-01-30,목,경북,구미시,3,0,1,3
2025,설날,2025-01-30,목,경북,김천시,0,0,0,0
2025,설날,2025-01-30,목,경북,문경시,1,0,0,2
2025,설날,2025-01-30,목,경북,봉화군,0,0,0,0
2025,설날,2025-01-30,목,경북,상주시,1,0,0,1
2025,설날,2025-01-30,목,경북,성주군,1,0,0,1
2025,설날,2025-01-30,목,경북,소계,26,1,4,42
2025,설날,2025-01-30,목,경북,안동시,2,0,0,7
2025,설날,2025-01-30,목,경북,영덕군,2,0,1,5
2025,설날,2025-01-30,목,경북,영양군,0,0,0,0
2025,설날,2025-01-30,목,경북,영주시,1,0,0,1
2025,설날,2025-01-30,목,경북,영천시,2,0,0,3
2025,설날,2025-01-30,목,경북,예천군,1,0,1,1
2025,설날,2025-01-30,목,경북,울릉군,0,0,0,0
2025,설날,2025-01-30,목,경북,울진군,0,0,0,0
2025,설날,2025-01-30,목,경북,의성군,0,0,0,0
2025,설날,2025-01-30,목,경북,청도군,0,0,0,0
2025,설날,2025-01-30,목,경북,청송군,0,0,0,0
2025,설날,2025-01-30,목,경북,칠곡군,2,1,0,2
2025,설날,2025-01-30,목,경북,포항시,8,0,1,11
2025,설날,2025-01-30,목,광주,광산구,4,0,0,5
2025,설날,2025-01-30,목,광주,남구,2,0,0,3
2025,설날,2025-01-30,목,광주,동구,0,0,0,0
2025,설날,2025-01-30,목,광주,북구,3,1,0,3
2025,설날,2025-01-30,목,광주,서구,1,0,1,1
2025,설날,2025-01-30,목,광주,소계,10,1,1,12
2025,설날,2025-01-30,목,대구,군위군,0,0,0,0
2025,설날,2025-01-30,목,대구,남구,1,0,1,3
2025,설날,2025-01-30,목,대구,달서구,3,0,0,5
2025,설날,2025-01-30,목,대구,달성군,1,0,0,1
2025,설날,2025-01-30,목,대구,동구,5,0,2,7
2025,설날,2025-01-30,목,대구,북구,4,0,2,11
2025,설날,2025-01-30,목,대구,서구,2,0,0,3
2025,설날,2025-01-30,목,대구,소계,21,0,6,36
2025,설날,2025-01-30,목,대구,수성구,1,0,0,2
2025,설날,2025-01-30,목,대구,중구,4,0,1,4
2025,설날,2025-01-30,목,대전,대덕구,0,0,0,0
2025,설날,2025-01-30,목,대전,동구,1,0,0,1
2025,설날,2025-01-30,목,대전,서구,5,0,2,8
2025,설날,2025-01-30,목,대전,소계,11,0,2,15
2025,설날,2025-01-30,목,대전,유성구,2,0,0,3
2025,설날,2025-01-30,목,대전,중구,3,0,0,3
2025,설날,2025-01-30,목,부산,강서구,2,0,2,4
2025,설날,2025-01-30,목,부산,금정구,0,0,0,0
2025,설날,2025-01-30,목,부산,기장군,0,0,0,0
2025,설날,2025-01-30,목,부산,남구,1,0,0,1
2025,설날,2025-01-30,목,부산,동구,1,0,0,1
2025,설날,2025-01-30,목,부산,동래구,2,0,0,5
2025,설날,2025-01-30,목,부산,북구,1,0,0,2
2025,설날,2025-01-30,목,부산,사상구,0,0,0,0
2025,설날,2025-01-30,목,부산,사하구,2,0,2,3
2025,설날,2025-01-30,목,부산,서구,0,0,0,0
2025,설날,2025-01-30,목,부산,소계,17,0,6,24
2025,설날,2025-01-30,목,부산,수영구,2,0,1,2
2025,설날,2025-01-30,목,부산,연제구,2,0,0,2
2025,설날,2025-01-30,목,부산,영도구,0,0,0,0
2025,설날,2025-01-30,목,부산,중구,1,0,0,1
2025,설날,2025-01-30,목,부산,진구,3,0,1,3
2025,설날,2025-01-30,목,부산,해운대구,0,0,0,0
2025,설날,2025-01-30,목,서울,강남구,3,0,1,5
2025,설날,2025-01-30,목,서울,강동구,0,0,0,0
2025,설날,2025-01-30,목,서울,강북구,1,0,0,2
2025,설날,2025-01-30,목,서울,강서구,1,0,0,1
2025,설날,2025-01-30,목,서울,관악구,1,0,0,1
2025,설날,2025-01-30,목,서울,광진구,0,0,0,0
2025,설날,2025-01-30,목,서울,구로구,1,0,0,3
2025,설날,2025-01-30,목,서울,금천구,0,0,0,0
2025,설날,2025-01-30,목,서울,노원구,0,0,0,0
2025,설날,2025-01-30,목,서울,도봉구,0,0,0,0
2025,설날,2025-01-30,목,서울,동대문구,3,0,1,4
2025,설날,2025-01-30,목,서울,동작구,1,0,0,1
2025,설날,2025-01-30,목,서울,마포구,0,0,0,0
2025,설날,2025-01-30,목,서울,서대문구,3,0,2,3
2025,설날,2025-01-30,목,서울,서초구,3,0,0,7
2025,설날,2025-01-30,목,서울,성동구,0,0,0,0
2025,설날,2025-01-30,목,서울,성북구,3,0,0,3
2025,설날,2025-01-30,목,서울,소계,36,0,8,46
2025,설날,2025-01-30,목,서울,송파구,4,0,1,4
2025,설날,2025-01-30,목,서울,양천구,2,0,0,2
2025,설날,2025-01-30,목,서울,영등포구,1,0,1,1
2025,설날,2025-01-30,목,서울,용산구,3,0,0,3
2025,설날,2025-01-30,목,서울,은평구,3,0,2,3
2025,설날,2025-01-30,목,서울,종로구,1,0,0,1
2025,설날,2025-01-30,목,서울,중구,0,0,0,0
2025,설날,2025-01-30,목,서울,중랑구,2,0,0,2
2025,설날,2025-01-30,목,세종,세종시,0,0,0,0
2025,설날,2025-01-30,목,세종,소계,0,0,0,0
2025,설날,2025-01-30,목,울산,남구,1,0,1,1
2025,설날,2025-01-30,목,울산,동구,0,0,0,0
2025,설날,2025-01-30,목,울산,북구,2,0,0,5
2025,설날,2025-01-30,목,울산,소계,3,0,1,6
2025,설날,2025-01-30,목,울산,울주군,0,0,0,0
2025,설날,2025-01-30,목,울산,중구,0,0,0,0
2025,설날,2025-01-30,목,인천,강화군,0,0,0,0
2025,설날,2025-01-30,목,인천,계양구,1,0,1,1
2025,설날,2025-01-30,목,인천,남동구,1,0,0,1
2025,설날,2025-01-30,목,인천,동구,0,0,0,0
2025,설날,2025-01-30,목,인천,미추홀구,2,0,0,3
2025,설날,2025-01-30,목,인천,부평구,2,0,0,2
2025,설날,2025-01-30,목,인천,서구,2,0,0,2
2025,설날,2025-01-30,목,인천,소계,10,0,1,13
2025,설날,2025-01-30,목,인천,연수구,2,0,0,4
2025,설날,2025-01-30,목,인천,옹진군,0,0,0,0
2025,설날,2025-01-30,목,인천,중구,0,0,0,0
2025,설날,2025-01-30,목,전국,전국,271,3,69,437
2025,설날,2025-01-30,목,전남,강진군,0,0,0,0
2025,설날,2025-01-30,목,전남,고흥군,1,0,1,1
2025,설날,2025-01-30,목,전남,곡성군,0,0,0,0
2025,설날,2025-01-30,목,전남,광양시,1,0,1,1
2025,설날,2025-01-30,목,전남,구례군,0,0,0,0
2025,설날,2025-01-30,목,전남,나주시,1,0,0,2
2025,설날,2025-01-30,목,전남,담양군,0,0,0,0
2025,설날,2025-01-30,목,전남,목포시,2,0,1,3
2025,설날,2025-01-30,목,전남,무안군,1,0,0,1
2025,설날,2025-01-30,목,전남,보성군,0,0,0,0
2025,설날,2025-01-30,목,전남,소계,11,0,5,20
2025,설날,2025-01-30,목,전남,순천시,0,0,0,0
2025,설날,2025-01-30,목,전남,신안군,1,0,2,5
2025,설날,2025-01-30,목,전남,여수시,0,0,0,0
2025,설날,2025-01-30,목,전남,영광군,0,0,0,0
2025,설날,2025-01-30,목,전남,영암군,1,0,0,1
2025,설날,2025-01-30,목,전남,완도군,0,0,0,0
2025,설날,2025-01-30,목,전남,장성군,0,0,0,0
2025,설날,2025-01-30,목,전남,장흥군,0,0,0,0
2025,설날,2025-01-30,목,전남,진도군,0,0,0,0
2025,설날,2025-01-30,목,전남,함평군,0,0,0,0
2025,설날,2025-01-30,목,전남,해남군,2,0,0,4
2025,설날,2025-01-30,목,전남,화순군,1,0,0,2
2025,설날,2025-01-30,목,전북,고창군,0,0,0,0
2025,설날,2025-01-30,목,전북,군산시,0,0,0,0
2025,설날,2025-01-30,목,전북,김제시,1,0,1,1
2025,설날,2025-01-30,목,전북,남원시,0,0,0,0
2025,설날,2025-01-30,목,전북,무주군,1,0,0,1
2025,설날,2025-01-30,목,전북,부안군,0,0,0,0
2025,설날,2025-01-30,목,전북,소계,2,0,1,2
2025,설날,2025-01-30,목,전북,순창군,0,0,0,0
2025,설날,2025-01-30,목,전북,완주군,0,0,0,0
2025,설날,2025-01-30,목,전북,익산시,0,0,0,0
2025,설날,2025-01-30,목,전북,임실군,0,0,0,0
2025,설날,2025-01-30,목,전북,장수군,0,0,0,0
2025,설날,2025-01-30,목,전북,전주시,0,0,0,0
2025,설날,2025-01-30,목,전북,정읍시,0,0,0,0
2025,설날,2025-01-30,목,전북,진안군,0,0,0,0
2025,설날,2025-01-30,목,제주,서귀포시,3,0,2,9
2025,설날,2025-01-30,목,제주,소계,8,0,2,17
2025,설날,2025-01-30,목,제주,제주시,5,0,0,8
2025,설날,2025-01-30,목,충남,계룡시,0,0,0,0
2025,설날,2025-01-30,목,충남,공주시,0,0,0,0
2025,설날,2025-01-30,목,충남,금산군,0,0,0,0
2025,설날,2025-01-30,목,충남,논산시,0,0,0,0
2025,설날,2025-01-30,목,충남,당진시,1,0,1,2
2025,설날,2025-01-30,목,충남,보령시,1,0,0,4
2025,설날,2025-01-30,목,충남,부여군,0,0,0,0
2025,설날,2025-01-30,목,충남,서산시,0,0,0,0
2025,설날,2025-01-30,목,충남,서천군,0,0,0,0
2025,설날,2025-01-30,목,충남,소계,11,0,2,19
2025,설날,2025-01-30,목,충남,아산시,2,0,0,2
2025,설날,2025-01-30,목,충남,예산군,1,0,0,1
2025,설날,2025-01-30,목,충남,천안시,6,0,1,10
2025,설날,2025-01-30,목,충남,청양군,0,0,0,0
2025,설날,2025-01-30,목,충남,태안군,0,0,0,0
2025,설날,2025-01-30,목,충남,홍성군,0,0,0,0
2025,설날,2025-01-30,목,충북,괴산군,0,0,0,0
2025,설날,2025-01-30,목,충북,단양군,0,0,0,0
2025,설날,2025-01-30,목,충북,보은군,0,0,0,0
2025,설날,2025-01-30,목,충북,소계,6,0,0,8
2025,설날,2025-01-30,목,충북,영동군,0,0,0,0
2025,설날,2025-01-30,목,충북,옥천군,0,0,0,0
2025,설날,2025-01-30,목,충북,음성군,0,0,0,0
2025,설날,2025-01-30,목,충북,제천시,0,0,0,0
2025,설날,2025-01-30,목,충북,증평군,1,0,0,1
2025,설날,2025-01-30,목,충북,진천군,0,0,0,0
2025,설날,2025-01-30,목,충북,청주시,5,0,0,7
2025,설날,2025-01-30,목,충북,충주시,0,0,0,0
2025,추석,2025-10-05,일,강원,강릉시,4,0,0,5
2025,추석,2025-10-05,일,강원,고성군,1,0,0,2
2025,추석,2025-10-05,일,강원,동해시,1,0,0,2
2025,추석,2025-10-05,일,강원,삼척시,1,0,1,1
2025,추석,2025-10-05,일,강원,소계,17,0,4,27
2025,추석,2025-10-05,일,강원,속초시,0,0,0,0
2025,추석,2025-10-05,일,강원,양구군,0,0,0,0
2025,추석,2025-10-05,일,강원,양양군,0,0,0,0
2025,추석,2025-10-05,일,강원,영월군,0,0,0,0
2025,추석,2025-10-05,일,강원,원주시,3,0,0,4
2025,추석,2025-10-05,일,강원,인제군,0,0,0,0
2025,추석,2025-10-05,일,강원,정선군,0,0,0,0
2025,추석,2025-10-05,일,강원,철원군,0,0,0,0
2025,추석,2025-10-05,일,강원,춘천시,6,0,3,12
2025,추석,2025-10-05,일,강원,태백시,1,0,0,1
2025,추석,2025-10-05,일,강원,평창군,0,0,0,0
2025,추석,2025-10-05,일,강원,홍천군,0,0,0,0
2025,추석,2025-10-05,일,강원,화천군,0,0,0,0
2025,추석,2025-10-05,일,강원,횡성군,0,0,0,0
2025,추석,2025-10-05,일,경기,가평군,2,0,0,9
2025,추석,2025-10-05,일,경기,고양시,3,0,1,4
2025,추석,2025-10-05,일,경기,과천시,0,0,0,0
2025,추석,2025-10-05,일,경기,광명시,3,0,1,6
2025,추석,2025-10-05,일,경기,광주시,3,0,0,5
2025,추석,2025-10-05,일,경기,구리시,1,0,0,3
2025,추석,2025-10-05,일,경기,군포시,1,0,1,1
2025,추석,2025-10-05,일,경기,김포시,1,0,0,2
2025,추석,2025-10-05,일,경기,남양주시,3,0,0,6
2025,추석,2025-10-05,일,경기,동두천시,1,0,0,1
2025,추석,2025-10-05,일,경기,부천시,5,0,3,5
2025,추석,2025-10-05,일,경기,성남시,5,0,1,5
2025,추석,2025-10-05,일,경기,소계,99,4,20,168
2025,추석,2025-10-05,일,경기,수원시,13,2,2,17
2025,추석,2025-10-05,일,경기,시흥시,5,0,0,7
2025,추석,2025-10-05,일,경기,안산시,8,0,1,16
2025,추석,2025-10-05,일,경기,안성시,0,0,0,0
2025,추석,2025-10-05,일,경기,안양시,5,0,0,5
2025,추석,2025-10-05,일,경기,양주시,1,0,0,1
2025,추석,2025-10-05,일,경기,양평군,1,0,0,3
2025,추석,2025-10-05,일,경기,여주시,2,0,0,2
2025,추석,2025-10-05,일,경기,연천군,2,0,1,3
2025,추석,2025-10-05,일,경기,오산시,3,0,0,3
2025,추석,2025-10-05,일,경기,용인시,7,0,2,13
2025,추석,2025-10-05,일,경기,의왕시,0,0,0,0
2025,추석,2025-10-05,일,경기,의정부시,5,0,1,7
2025,추석,2025-10-05,일,경기,이천시,2,0,4,11
2025,추석,2025-10-05,일,경기,파주시,1,0,0,1
2025,추석,2025-10-05,일,경기,평택시,6,0,1,12
2025,추석,2025-10-05,일,경기,포천시,0,0,0,0
2025,추석,2025-10-05,일,경기,하남시,1,0,0,1
2025,추석,2025-10-05,일,경기,화성시,9,2,1,19
2025,추석,2025-10-05,일,경남,거제시,3,0,2,5
2025,추석,2025-10-05,일,경남,거창군,0,0,0,0
2025,추석,2025-10-05,일,경남,고성군,1,0,0,1
2025,추석,2025-10-05,일,경남,김해시,1,0,0,1
2025,추석,2025-10-05,일,경남,남해군,0,0,0,0
2025,추석,2025-10-05,일,경남,밀양시,0,0,0,0
2025,추석,2025-10-05,일,경남,사천시,0,0,0,0
2025,추석,2025-10-05,일,경남,산청군,0,0,0,0
2025,추석,2025-10-05,일,경남,소계,21,0,10,33
2025,추석,2025-10-05,일,경남,양산시,4,0,1,5
2025,추석,2025-10-05,일,경남,의령군,0,0,0,0
2025,추석,2025-10-05,일,경남,진주시,2,0,3,3
2025,추석,2025-10-05,일,경남,창녕군,1,0,0,1
2025,추석,2025-10-05,일,경남,창원시,6,0,2,9
2025,추석,2025-10-05,일,경남,통영시,0,0,0,0
2025,추석,2025-10-05,일,경남,하동군,1,0,1,1
2025,추석,2025-10-05,일,경남,함안군,1,0,1,3
2025,추석,2025-10-05,일,경남,함양군,1,0,0,4
2025,추석,2025-10-05,일,경남,합천군,0,0,0,0
2025,추석,2025-10-05,일,경북,경산시,2,0,0,2
2025,추석,2025-10-05,일,경북,경주시,3,0,1,6
2025,추석,2025-10-05,일,경북,고령군,0,0,0,0
2025,추석,2025-10-05,일,경북,구미시,2,0,2,4
2025,추석,2025-10-05,일,경북,김천시,1,0,0,3
2025,추석,2025-10-05,일,경북,문경시,1,0,1,1
2025,추석,2025-10-05,일,경북,봉화군,0,0,0,0
2025,추석,2025-10-05,일,경북,상주시,1,0,0,1
2025,추석,2025-10-05,일,경북,성주군,0,0,0,0
2025,추석,2025-10-05,일,경북,소계,22,0,6,36
2025,추석,2025-10-05,일,경북,안동시,1,0,0,1
2025,추석,2025-10-05,일,경북,영덕군,2,0,0,2
2025,추석,2025-10-05,일,경북,영양군,0,0,0,0
2025,추석,2025-10-05,일,경북,영주시,0,0,0,0
2025,추석,2025-10-05,일,경북,영천시,0,0,0,0
2025,추석,2025-10-05,일,경북,예천군,1,0,0,2
2025,추석,2025-10-05,일,경북,울릉군,0,0,0,0
2025,추석,2025-10-05,일,경북,울진군,0,0,0,0
2025,추석,2025-10-05,일,경북,의성군,0,0,0,0
2025,추석,2025-10-05,일,경북,청도군,0,0,0,0
2025,추석,2025-10-05,일,경북,청송군,1,0,0,1
2025,추석,2025-10-05,일,경북,칠곡군,3,0,2,6
2025,추석,2025-10-05,일,경북,포항시,4,0,0,7
2025,추석,2025-10-05,일,광주,광산구,4,0,2,7
2025,추석,2025-10-05,일,광주,남구,2,0,0,2
2025,추석,2025-10-05,일,광주,동구,0,0,0,0
2025,추석,2025-10-05,일,광주,북구,2,0,0,3
2025,추석,2025-10-05,일,광주,서구,5,0,1,6
2025,추석,2025-10-05,일,광주,소계,13,0,3,18
2025,추석,2025-10-05,일,대구,군위군,0,0,0,0
2025,추석,2025-10-05,일,대구,남구,0,0,0,0
2025,추석,2025-10-05,일,대구,달서구,6,0,2,13
2025,추석,2025-10-05,일,대구,달성군,2,0,0,2
2025,추석,2025-10-05,일,대구,동구,1,0,0,1
2025,추석,2025-10-05,일,대구,북구,3,0,0,6
2025,추석,2025-10-05,일,대구,서구,1,1,0,0
2025,추석,2025-10-05,일,대구,소계,20,2,5,34
2025,추석,2025-10-05,일,대구,수성구,5,0,2,9
2025,추석,2025-10-05,일,대구,중구,2,1,1,3
2025,추석,2025-10-05,일,대전,대덕구,3,0,1,3
2025,추석,2025-10-05,일,대전,동구,2,0,1,3
2025,추석,2025-10-05,일,대전,서구,2,0,0,4
2025,추석,2025-10-05,일,대전,소계,12,0,4,23
2025,추석,2025-10-05,일,대전,유성구,3,0,2,8
2025,추석,2025-10-05,일,대전,중구,2,0,0,5
2025,추석,2025-10-05,일,부산,강서구,3,0,0,4
2025,추석,2025-10-05,일,부산,금정구,3,0,2,3
2025,추석,2025-10-05,일,부산,기장군,1,0,0,1
2025,추석,2025-10-05,일,부산,남구,1,0,0,1
2025,추석,2025-10-05,일,부산,동구,0,0,0,0
2025,추석,2025-10-05,일,부산,동래구,1,0,0,1
2025,추석,2025-10-05,일,부산,북구,1,0,0,2
2025,추석,2025-10-05,일,부산,사상구,0,0,0,0
2025,추석,2025-10-05,일,부산,사하구,0,0,0,0
2025,추석,2025-10-05,일,부산,서구,0,0,0,0
2025,추석,2025-10-05,일,부산,소계,14,0,2,17
2025,추석,2025-10-05,일,부산,수영구,1,0,0,1
2025,추석,2025-10-05,일,부산,연제구,1,0,0,2
2025,추석,2025-10-05,일,부산,영도구,0,0,0,0
2025,추석,2025-10-05,일,부산,중구,1,0,0,1
2025,추석,2025-10-05,일,부산,진구,1,0,0,1
2025,추석,2025-10-05,일,부산,해운대구,0,0,0,0
2025,추석,2025-10-05,일,서울,강남구,4,0,1,8
2025,추석,2025-10-05,일,서울,강동구,2,0,1,2
2025,추석,2025-10-05,일,서울,강북구,2,0,1,4
2025,추석,2025-10-05,일,서울,강서구,2,0,1,4
2025,추석,2025-10-05,일,서울,관악구,0,0,0,0
2025,추석,2025-10-05,일,서울,광진구,1,0,0,1
2025,추석,2025-10-05,일,서울,구로구,5,0,0,7
2025,추석,2025-10-05,일,서울,금천구,2,0,0,2
2025,추석,2025-10-05,일,서울,노원구,2,0,0,3
2025,추석,2025-10-05,일,서울,도봉구,2,0,0,2
2025,추석,2025-10-05,일,서울,동대문구,0,0,0,0
2025,추석,2025-10-05,일,서울,동작구,6,0,1,6
2025,추석,2025-10-05,일,서울,마포구,4,0,0,4
2025,추석,2025-10-05,일,서울,서대문구,0,0,0,0
2025,추석,2025-10-05,일,서울,서초구,2,0,0,8
2025,추석,2025-10-05,일,서울,성동구,0,0,0,0
2025,추석,2025-10-05,일,서울,성북구,2,0,1,3
2025,추석,2025-10-05,일,서울,소계,52,1,9,74
2025,추석,2025-10-05,일,서울,송파구,6,1,1,7
2025,추석,2025-10-05,일,서울,양천구,1,0,0,1
2025,추석,2025-10-05,일,서울,영등포구,2,0,1,2
2025,추석,2025-10-05,일,서울,용산구,3,0,1,4
2025,추석,2025-10-05,일,서울,은평구,0,0,0,0
2025,추석,2025-10-05,일,서울,종로구,1,0,0,1
2025,추석,2025-10-05,일,서울,중구,2,0,0,2
2025,추석,2025-10-05,일,서울,중랑구,1,0,0,3
2025,추석,2025-10-05,일,세종,세종시,1,0,0,1
2025,추석,2025-10-05,일,세종,소계,1,0,0,1
2025,추석,2025-10-05,일,울산,남구,3,0,1,3
2025,추석,2025-10-05,일,울산,동구,0,0,0,0
2025,추석,2025-10-05,일,울산,북구,1,0,1,1
2025,추석,2025-10-05,일,울산,소계,5,0,2,5
2025,추석,2025-10-05,일,울산,울주군,1,0,0,1
2025,추석,2025-10-05,일,울산,중구,0,0,0,0
2025,추석,2025-10-05,일,인천,강화군,1,0,0,2
2025,추석,2025-10-05,일,인천,계양구,2,0,1,2
2025,추석,2025-10-05,일,인천,남동구,4,0,5,8
2025,추석,2025-10-05,일,인천,동구,0,0,0,0
2025,추석,2025-10-05,일,인천,미추홀구,5,0,1,11
2025,추석,2025-10-05,일,인천,부평구,4,0,0,4
2025,추석,2025-10-05,일,인천,서구,2,0,0,2
2025,추석,2025-10-05,일,인천,소계,20,0,8,31
2025,추석,2025-10-05,일,인천,연수구,1,0,1,1
2025,추석,2025-10-05,일,인천,옹진군,1,0,0,1
2025,추석,2025-10-05,일,인천,중구,0,0,0,0
2025,추석,2025-10-05,일,전국,전국,366,8,95,593
2025,추석,2025-10-05,일,전남,강진군,1,0,0,1
2025,추석,2025-10-05,일,전남,고흥군,1,0,0,1
2025,추석,2025-10-05,일,전남,곡성군,1,0,0,1
2025,추석,2025-10-05,일,전남,광양시,0,0,0,0
2025,추석,2025-10-05,일,전남,구례군,1,0,1,1
2025,추석,2025-10-05,일,전남,나주시,1,0,0,3
2025,추석,2025-10-05,일,전남,담양군,1,0,0,3
2025,추석,2025-10-05,일,전남,목포시,1,0,0,3
2025,추석,2025-10-05,일,전남,무안군,0,0,0,0
2025,추석,2025-10-05,일,전남,보성군,0,0,0,0
2025,추석,2025-10-05,일,전남,소계,21,0,5,41
2025,추석,2025-10-05,일,전남,순천시,3,0,1,7
2025,추석,2025-10-05,일,전남,신안군,1,0,0,4
2025,추석,2025-10-05,일,전남,여수시,3,0,0,5
2025,추석,2025-10-05,일,전남,영광군,1,0,2,2
2025,추석,2025-10-05,일,전남,영암군,2,0,1,2
2025,추석,2025-10-05,일,전남,완도군,1,0,0,2
2025,추석,2025-10-05,일,전남,장성군,0,0,0,0
2025,추석,2025-10-05,일,전남,장흥군,2,0,0,4
2025,추석,2025-10-05,일,전남,진도군,0,0,0,0
2025,추석,2025-10-05,일,전남,함평군,1,0,0,2
2025,추석,2025-10-05,일,전남,해남군,0,0,0,0
2025,추석,2025-10-05,일,전남,화순군,0,0,0,0
2025,추석,2025-10-05,일,전북,고창군,0,0,0,0
2025,추석,2025-10-05,일,전북,군산시,3,1,0,3
2025,추석,2025-10-05,일,전북,김제시,0,0,0,0
2025,추석,2025-10-05,일,전북,남원시,1,0,0,1
2025,추석,2025-10-05,일,전북,무주군,1,0,0,1
2025,추석,2025-10-05,일,전북,부안군,1,0,1,1
2025,추석,2025-10-05,일,전북,소계,12,1,1,16
2025,추석,2025-10-05,일,전북,순창군,1,0,0,1
2025,추석,2025-10-05,일,전북,완주군,0,0,0,0
2025,추석,2025-10-05,일,전북,익산시,2,0,0,5
2025,추석,2025-10-05,일,전북,임실군,0,0,0,0
2025,추석,2025-10-05,일,전북,장수군,0,0,0,0
2025,추석,2025-10-05,일,전북,전주시,1,0,0,1
2025,추석,2025-10-05,일,전북,정읍시,2,0,0,3
2025,추석,2025-10-05,일,전북,진안군,0,0,0,0
2025,추석,2025-10-05,일,제주,서귀포시,4,0,1,11
2025,추석,2025-10-05,일,제주,소계,8,0,3,15
2025,추석,2025-10-05,일,제주,제주시,4,0,2,4
2025,추석,2025-10-05,일,충남,계룡시,0,0,0,0
2025,추석,2025-10-05,일,충남,공주시,0,0,0,0
2025,추석,2025-10-05,일,충남,금산군,0,0,0,0
2025,추석,2025-10-05,일,충남,논산시,0,0,0,0
2025,추석,2025-10-05,일,충남,당진시,2,0,0,2
2025,추석,2025-10-05,일,충남,보령시,0,0,0,0
2025,추석,2025-10-05,일,충남,부여군,0,0,0,0
2025,추석,2025-10-05,일,충남,서산시,0,0,0,0
2025,추석,2025-10-05,일,충남,서천군,0,0,0,0
2025,추석,2025-10-05,일,충남,소계,13,0,6,29
2025,추석,2025-10-05,일,충남,아산시,3,0,0,8
2025,추석,2025-10-05,일,충남,예산군,2,0,3,6
2025,추석,2025-10-05,일,충남,천안시,6,0,3,13
2025,추석,2025-10-05,일,충남,청양군,0,0,0,0
2025,추석,2025-10-05,일,충남,태안군,0,0,0,0
2025,추석,2025-10-05,일,충남,홍성군,0,0,0,0
2025,추석,2025-10-05,일,충북,괴산군,0,0,0,0
2025,추석,2025-10-05,일,충북,단양군,0,0,0,0
2025,추석,2025-10-05,일,충북,보은군,0,0,0,0
2025,추석,2025-10-05,일,충북,소계,16,0,7,25
2025,추석,2025-10-05,일,충북,영동군,0,0,0,0
2025,추석,2025-10-05,일,충북,옥천군,0,0,0,0
2025,추석,2025-10-05,일,충북,음성군,0,0,0,0
2025,추석,2025-10-05,일,충북,제천시,1,0,0,1
2025,추석,2025-10-05,일,충북,증평군,0,0,0,0
2025,추석,2025-10-05,일,충북,진천군,0,0,0,0
2025,추석,2025-10-05,일,충북,청주시,13,0,4,21
2025,추석,2025-10-05,일,충북,충주시,2,0,3,3
2025,추석,2025-10-06,월,강원,강릉시,1,0,0,6
2025,추석,2025-10-06,월,강원,고성군,1,0,0,1
2025,추석,2025-10-06,월,강원,동해시,1,0,0,3
2025,추석,2025-10-06,월,강원,삼척시,0,0,0,0
2025,추석,2025-10-06,월,강원,소계,17,1,7,35
2025,추석,2025-10-06,월,강원,속초시,0,0,0,0
2025,추석,2025-10-06,월,강원,양구군,1,1,0,0
2025,추석,2025-10-06,월,강원,양양군,2,0,2,7
2025,추석,2025-10-06,월,강원,영월군,0,0,0,0
2025,추석,2025-10-06,월,강원,원주시,5,0,0,7
2025,추석,2025-10-06,월,강원,인제군,0,0,0,0
2025,추석,2025-10-06,월,강원,정선군,0,0,0,0
2025,추석,2025-10-06,월,강원,철원군,1,0,1,1
2025,추석,2025-10-06,월,강원,춘천시,1,0,0,1
2025,추석,2025-10-06,월,강원,태백시,2,0,0,4
2025,추석,2025-10-06,월,강원,평창군,0,0,0,0
2025,추석,2025-10-06,월,강원,홍천군,0,0,0,0
2025,추석,2025-10-06,월,강원,화천군,1,0,1,1
2025,추석,2025-10-06,월,강원,횡성군,1,0,3,4
2025,추석,2025-10-06,월,경기,가평군,0,0,0,0
2025,추석,2025-10-06,월,경기,고양시,5,0,1,7
2025,추석,2025-10-06,월,경기,과천시,0,0,0,0
2025,추석,2025-10-06,월,경기,광명시,2,0,0,3
2025,추석,2025-10-06,월,경기,광주시,2,0,0,2
2025,추석,2025-10-06,월,경기,구리시,1,0,0,1
2025,추석,2025-10-06,월,경기,군포시,1,0,1,1
2025,추석,2025-10-06,월,경기,김포시,1,0,0,2
2025,추석,2025-10-06,월,경기,남양주시,5,0,2,11
2025,추석,2025-10-06,월,경기,동두천시,0,0,0,0
2025,추석,2025-10-06,월,경기,부천시,3,0,1,4
2025,추석,2025-10-06,월,경기,성남시,6,0,1,12
2025,추석,2025-10-06,월,경기,소계,95,0,23,159
2025,추석,2025-10-06,월,경기,수원시,7,0,1,15
2025,추석,2025-10-06,월,경기,시흥시,5,0,0,8
2025,추석,2025-10-06,월,경기,안산시,13,0,1,15
2025,추석,2025-10-06,월,경기,안성시,0,0,0,0
2025,추석,2025-10-06,월,경기,안양시,1,0,1,1
2025,추석,2025-10-06,월,경기,양주시,3,0,2,4
2025,추석,2025-10-06,월,경기,양평군,2,0,3,7
2025,추석,2025-10-06,월,경기,여주시,2,0,0,4
2025,추석,2025-10-06,월,경기,연천군,1,0,0,3
2025,추석,2025-10-06,월,경기,오산시,3,0,1,3
2025,추석,2025-10-06,월,경기,용인시,5,0,0,8
2025,추석,2025-10-06,월,경기,의왕시,0,0,0,0
2025,추석,2025-10-06,월,경기,의정부시,4,0,1,8
2025,추석,2025-10-06,월,경기,이천시,4,0,1,8
2025,추석,2025-10-06,월,경기,파주시,5,0,0,8
2025,추석,2025-10-06,월,경기,평택시,6,0,3,8
2025,추석,2025-10-06,월,경기,포천시,2,0,3,4
2025,추석,2025-10-06,월,경기,하남시,1,0,0,2
2025,추석,2025-10-06,월,경기,화성시,5,0,0,10
2025,추석,2025-10-06,월,경남,거제시,1,0,1,1
2025,추석,2025-10-06,월,경남,거창군,2,0,3,5
2025,추석,2025-10-06,월,경남,고성군,0,0,0,0
2025,추석,2025-10-06,월,경남,김해시,2,0,0,5
2025,추석,2025-10-06,월,경남,남해군,1,0,0,3
2025,추석,2025-10-06,월,경남,밀양시,1,0,0,1
2025,추석,2025-10-06,월,경남,사천시,1,0,0,2
2025,추석,2025-10-06,월,경남,산청군,1,0,1,1
2025,추석,2025-10-06,월,경남,소계,29,1,13,59
2025,추석,2025-10-06,월,경남,양산시,5,0,2,6
2025,추석,2025-10-06,월,경남,의령군,1,0,3,3
2025,추석,2025-10-06,월,경남,진주시,0,0,0,0
2025,추석,2025-10-06,월,경남,창녕군,0,0,0,0
2025,추석,2025-10-06,월,경남,창원시,8,1,1,19
2025,추석,2025-10-06,월,경남,통영시,2,0,1,6
2025,추석,2025-10-06,월,경남,하동군,0,0,0,0
2025,추석,2025-10-06,월,경남,함안군,3,0,1,4
2025,추석,2025-10-06,월,경남,함양군,1,0,0,3
2025,추석,2025-10-06,월,경남,합천군,0,0,0,0
2025,추석,2025-10-06,월,경북,경산시,0,0,0,0
2025,추석,2025-10-06,월,경북,경주시,3,0,3,4
2025,추석,2025-10-06,월,경북,고령군,0,0,0,0
2025,추석,2025-10-06,월,경북,구미시,0,0,0,0
2025,추석,2025-10-06,월,경북,김천시,2,0,1,5
2025,추석,2025-10-06,월,경북,문경시,2,0,0,2
2025,추석,2025-10-06,월,경북,봉화군,0,0,0,0
2025,추석,2025-10-06,월,경북,상주시,0,0,0,0
2025,추석,2025-10-06,월,경북,성주군,1,0,0,2
2025,추석,2025-10-06,월,경북,소계,17,0,5,30
2025,추석,2025-10-06,월,경북,안동시,1,0,0,1
2025,추석,2025-10-06,월,경북,영덕군,1,0,0,2
2025,추석,2025-10-06,월,경북,영양군,0,0,0,0
2025,추석,2025-10-06,월,경북,영주시,0,0,0,0
2025,추석,2025-10-06,월,경북,영천시,1,0,0,2
2025,추석,2025-10-06,월,경북,예천군,0,0,0,0
2025,추석,2025-10-06,월,경북,울릉군,0,0,0,0
2025,추석,2025-10-06,월,경북,울진군,0,0,0,0
2025,추석,2025-10-06,월,경북,의성군,1,0,0,5
2025,추석,2025-10-06,월,경북,청도군,1,0,1,2
2025,추석,2025-10-06,월,경북,청송군,0,0,0,0
2025,추석,2025-10-06,월,경북,칠곡군,2,0,0,2
2025,추석,2025-10-06,월,경북,포항시,2,0,0,3
2025,추석,2025-10-06,월,광주,광산구,2,0,0,2
2025,추석,2025-10-06,월,광주,남구,2,0,0,2
2025,추석,2025-10-06,월,광주,동구,1,0,0,1
2025,추석,2025-10-06,월,광주,북구,5,0,0,9
2025,추석,2025-10-06,월,광주,서구,3,0,0,4
2025,추석,2025-10-06,월,광주,소계,13,0,0,18
2025,추석,2025-10-06,월,대구,군위군,0,0,0,0
2025,추석,2025-10-06,월,대구,남구,1,0,0,1
2025,추석,2025-10-06,월,대구,달서구,5,0,1,11
2025,추석,2025-10-06,월,대구,달성군,0,0,0,0
2025,추석,2025-10-06,월,대구,동구,4,0,0,5
2025,추석,2025-10-06,월,대구,북구,6,0,3,8
2025,추석,2025-10-06,월,대구,서구,1,0,0,2
2025,추석,2025-10-06,월,대구,소계,24,1,6,35
2025,추석,2025-10-06,월,대구,수성구,5,0,2,5
2025,추석,2025-10-06,월,대구,중구,2,1,0,3
2025,추석,2025-10-06,월,대전,대덕구,1,0,0,1
2025,추석,2025-10-06,월,대전,동구,3,0,1,4
2025,추석,2025-10-06,월,대전,서구,2,0,0,5
2025,추석,2025-10-06,월,대전,소계,8,0,1,12
2025,추석,2025-10-06,월,대전,유성구,2,0,0,2
2025,추석,2025-10-06,월,대전,중구,0,0,0,0
2025,추석,2025-10-06,월,부산,강서구,0,0,0,0
2025,추석,2025-10-06,월,부산,금정구,2,0,0,5
2025,추석,2025-10-06,월,부산,기장군,2,0,0,3
2025,추석,2025-10-06,월,부산,남구,0,0,0,0
2025,추석,2025-10-06,월,부산,동구,1,0,1,1
2025,추석,2025-10-06,월,부산,동래구,0,0,0,0
2025,추석,2025-10-06,월,부산,북구,1,0,0,1
2025,추석,2025-10-06,월,부산,사상구,1,0,0,1
2025,추석,2025-10-06,월,부산,사하구,0,0,0,0
2025,추석,2025-10-06,월,부산,서구,2,0,1,2
2025,추석,2025-10-06,월,부산,소계,20,0,8,38
2025,추석,2025-10-06,월,부산,수영구,0,0,0,0
2025,추석,2025-10-06,월,부산,연제구,3,0,2,6
2025,추석,2025-10-06,월,부산,영도구,1,0,0,1
2025,추석,2025-10-06,월,부산,중구,0,0,0,0
2025,추석,2025-10-06,월,부산,진구,3,0,0,7
2025,추석,2025-10-06,월,부산,해운대구,4,0,4,11
2025,추석,2025-10-06,월,서울,강남구,2,0,1,2
2025,추석,2025-10-06,월,서울,강동구,3,0,1,5
2025,추석,2025-10-06,월,서울,강북구,4,1,2,6
2025,추석,2025-10-06,월,서울,강서구,1,0,0,1
2025,추석,2025-10-06,월,서울,관악구,5,0,0,8
2025,추석,2025-10-06,월,서울,광진구,1,0,0,1
2025,추석,2025-10-06,월,서울,구로구,3,0,1,3
2025,추석,2025-10-06,월,서울,금천구,1,0,0,2
2025,추석,2025-10-06,월,서울,노원구,3,1,2,2
2025,추석,2025-10-06,월,서울,도봉구,1,0,0,1
2025,추석,2025-10-06,월,서울,동대문구,5,0,0,10
2025,추석,2025-10-06,월,서울,동작구,2,0,0,2
2025,추석,2025-10-06,월,서울,마포구,2,0,0,3
2025,추석,2025-10-06,월,서울,서대문구,1,0,0,1
2025,추석,2025-10-06,월,서울,서초구,5,0,1,10
2025,추석,2025-10-06,월,서울,성동구,1,0,0,2
2025,추석,2025-10-06,월,서울,성북구,3,0,0,7
2025,추석,2025-10-06,월,서울,소계,60,3,10,91
2025,추석,2025-10-06,월,서울,송파구,3,0,1,6
2025,추석,2025-10-06,월,서울,양천구,2,0,0,3
2025,추석,2025-10-06,월,서울,영등포구,3,0,0,4
2025,추석,2025-10-06,월,서울,용산구,3,0,0,5
2025,추석,2025-10-06,월,서울,은평구,2,0,1,2
2025,추석,2025-10-06,월,서울,종로구,2,1,0,2
2025,추석,2025-10-06,월,서울,중구,2,0,0,3
2025,추석,2025-10-06,월,서울,중랑구,0,0,0,0
2025,추석,2025-10-06,월,세종,세종시,5,0,0,10
2025,추석,2025-10-06,월,세종,소계,5,0,0,10
2025,추석,2025-10-06,월,울산,남구,5,0,1,10
2025,추석,2025-10-06,월,울산,동구,0,0,0,0
2025,추석,2025-10-06,월,울산,북구,0,0,0,0
2025,추석,2025-10-06,월,울산,소계,6,0,1,11
2025,추석,2025-10-06,월,울산,울주군,0,0,0,0
2025,추석,2025-10-06,월,울산,중구,1,0,0,1
2025,추석,2025-10-06,월,인천,강화군,2,0,4,8
2025,추석,2025-10-06,월,인천,계양구,0,0,0,0
2025,추석,2025-10-06,월,인천,남동구,5,0,0,7
2025,추석,2025-10-06,월,인천,동구,0,0,0,0
2025,추석,2025-10-06,월,인천,미추홀구,3,0,2,5
2025,추석,2025-10-06,월,인천,부평구,1,0,0,1
2025,추석,2025-10-06,월,인천,서구,0,0,0,0
2025,추석,2025-10-06,월,인천,소계,12,0,6,22
2025,추석,2025-10-06,월,인천,연수구,0,0,0,0
2025,추석,2025-10-06,월,인천,옹진군,0,0,0,0
2025,추석,2025-10-06,월,인천,중구,1,0,0,1
2025,추석,2025-10-06,월,전국,전국,370,6,97,654
2025,추석,2025-10-06,월,전남,강진군,1,0,1,9
2025,추석,2025-10-06,월,전남,고흥군,0,0,0,0
2025,추석,2025-10-06,월,전남,곡성군,0,0,0,0
2025,추석,2025-10-06,월,전남,광양시,1,0,0,4
2025,추석,2025-10-06,월,전남,구례군,0,0,0,0
2025,추석,2025-10-06,월,전남,나주시,0,0,0,0
2025,추석,2025-10-06,월,전남,담양군,0,0,0,0
2025,추석,2025-10-06,월,전남,목포시,2,0,0,2
2025,추석,2025-10-06,월,전남,무안군,1,0,0,4
2025,추석,2025-10-06,월,전남,보성군,0,0,0,0
2025,추석,2025-10-06,월,전남,소계,13,0,3,32
2025,추석,2025-10-06,월,전남,순천시,1,0,0,1
2025,추석,2025-10-06,월,전남,신안군,0,0,0,0
2025,추석,2025-10-06,월,전남,여수시,4,0,0,6
2025,추석,2025-10-06,월,전남,영광군,1,0,0,1
2025,추석,2025-10-06,월,전남,영암군,0,0,0,0
2025,추석,2025-10-06,월,전남,완도군,1,0,1,1
2025,추석,2025-10-06,월,전남,장성군,1,0,1,4
2025,추석,2025-10-06,월,전남,장흥군,0,0,0,0
2025,추석,2025-10-06,월,전남,진도군,0,0,0,0
2025,추석,2025-10-06,월,전남,함평군,0,0,0,0
2025,추석,2025-10-06,월,전남,해남군,0,0,0,0
2025,추석,2025-10-06,월,전남,화순군,0,0,0,0
2025,추석,2025-10-06,월,전북,고창군,0,0,0,0
2025,추석,2025-10-06,월,전북,군산시,4,0,1,8
2025,추석,2025-10-06,월,전북,김제시,1,0,0,3
2025,추석,2025-10-06,월,전북,남원시,0,0,0,0
2025,추석,2025-10-06,월,전북,무주군,0,0,0,0
2025,추석,2025-10-06,월,전북,부안군,0,0,0,0
2025,추석,2025-10-06,월,전북,소계,10,0,2,20
2025,추석,2025-10-06,월,전북,순창군,1,0,0,1
2025,추석,2025-10-06,월,전북,완주군,0,0,0,0
2025,추석,2025-10-06,월,전북,익산시,2,0,1,6
2025,추석,2025-10-06,월,전북,임실군,0,0,0,0
2025,추석,2025-10-06,월,전북,장수군,0,0,0,0
2025,추석,2025-10-06,월,전북,전주시,2,0,0,2
2025,추석,2025-10-06,월,전북,정읍시,0,0,0,0
2025,추석,2025-10-06,월,전북,진안군,0,0,0,0
2025,추석,2025-10-06,월,제주,서귀포시,6,0,5,14
2025,추석,2025-10-06,월,제주,소계,9,0,6,17
2025,추석,2025-10-06,월,제주,제주시,3,0,1,3
2025,추석,2025-10-06,월,충남,계룡시,0,0,0,0
2025,추석,2025-10-06,월,충남,공주시,0,0,0,0
2025,추석,2025-10-06,월,충남,금산군,0,0,0,0
2025,추석,2025-10-06,월,충남,논산시,2,0,0,5
2025,추석,2025-10-06,월,충남,당진시,3,0,1,4
2025,추석,2025-10-06,월,충남,보령시,1,0,0,3
2025,추석,2025-10-06,월,충남,부여군,0,0,0,0
2025,추석,2025-10-06,월,충남,서산시,1,0,0,3
2025,추석,2025-10-06,월,충남,서천군,0,0,0,0
2025,추석,2025-10-06,월,충남,소계,19,0,4,43
2025,추석,2025-10-06,월,충남,아산시,5,0,1,9
2025,추석,2025-10-06,월,충남,예산군,0,0,0,0
2025,추석,2025-10-06,월,충남,천안시,6,0,2,15
2025,추석,2025-10-06,월,충남,청양군,0,0,0,0
2025,추석,2025-10-06,월,충남,태안군,1,0,0,4
2025,추석,2025-10-06,월,충남,홍성군,0,0,0,0
2025,추석,2025-10-06,월,충북,괴산군,0,0,0,0
2025,추석,2025-10-06,월,충북,단양군,0,0,0,0
2025,추석,2025-10-06,월,충북,보은군,0,0,0,0
2025,추석,2025-10-06,월,충북,소계,13,0,2,22
2025,추석,2025-10-06,월,충북,영동군,2,0,0,2
2025,추석,2025-10-06,월,충북,옥천군,0,0,0,0
2025,추석,2025-10-06,월,충북,음성군,0,0,0,0
2025,추석,2025-10-06,월,충북,제천시,1,0,0,2
2025,추석,2025-10-06,월,충북,증평군,0,0,0,0
2025,추석,2025-10-06,월,충북,진천군,0,0,0,0
2025,추석,2025-10-06,월,충북,청주시,6,0,0,10
2025,추석,2025-10-06,월,충북,충주시,4,0,2,8
2025,추석,2025-10-07,화,강원,강릉시,5,0,3,8
2025,추석,2025-10-07,화,강원,고성군,0,0,0,0
2025,추석,2025-10-07,화,강원,동해시,0,0,0,0
2025,추석,2025-10-07,화,강원,삼척시,1,0,0,3
2025,추석,2025-10-07,화,강원,소계,16,3,10,32
2025,추석,2025-10-07,화,강원,속초시,0,0,0,0
2025,추석,2025-10-07,화,강원,양구군,0,0,0,0
2025,추석,2025-10-07,화,강원,양양군,0,0,0,0
2025,추석,2025-10-07,화,강원,영월군,0,0,0,0
2025,추석,2025-10-07,화,강원,원주시,6,0,6,17
2025,추석,2025-10-07,화,강원,인제군,0,0,0,0
2025,추석,2025-10-07,화,강원,정선군,0,0,0,0
2025,추석,2025-10-07,화,강원,철원군,0,0,0,0
2025,추석,2025-10-07,화,강원,춘천시,2,0,1,4
2025,추석,2025-10-07,화,강원,태백시,0,0,0,0
2025,추석,2025-10-07,화,강원,평창군,0,0,0,0
2025,추석,2025-10-07,화,강원,홍천군,1,2,0,0
2025,추석,2025-10-07,화,강원,화천군,0,0,0,0
2025,추석,2025-10-07,화,강원,횡성군,1,1,0,0
2025,추석,2025-10-07,화,경기,가평군,1,0,0,3
2025,추석,2025-10-07,화,경기,고양시,5,0,1,5
2025,추석,2025-10-07,화,경기,과천시,0,0,0,0
2025,추석,2025-10-07,화,경기,광명시,3,0,0,11
2025,추석,2025-10-07,화,경기,광주시,6,0,1,10
2025,추석,2025-10-07,화,경기,구리시,0,0,0,0
2025,추석,2025-10-07,화,경기,군포시,0,0,0,0
2025,추석,2025-10-07,화,경기,김포시,3,0,0,3
2025,추석,2025-10-07,화,경기,남양주시,6,0,5,13
2025,추석,2025-10-07,화,경기,동두천시,1,0,0,1
2025,추석,2025-10-07,화,경기,부천시,12,0,4,20
2025,추석,2025-10-07,화,경기,성남시,10,0,7,20
2025,추석,2025-10-07,화,경기,소계,115,1,31,204
2025,추석,2025-10-07,화,경기,수원시,13,0,2,19
2025,추석,2025-10-07,화,경기,시흥시,5,0,0,9
2025,추석,2025-10-07,화,경기,안산시,11,0,1,23
2025,추석,2025-10-07,화,경기,안성시,2,0,1,3
2025,추석,2025-10-07,화,경기,안양시,3,0,1,3
2025,추석,2025-10-07,화,경기,양주시,2,1,0,1
2025,추석,2025-10-07,화,경기,양평군,0,0,0,0
2025,추석,2025-10-07,화,경기,여주시,1,0,0,1
2025,추석,2025-10-07,화,경기,연천군,0,0,0,0
2025,추석,2025-10-07,화,경기,오산시,1,0,1,1
2025,추석,2025-10-07,화,경기,용인시,5,0,1,9
2025,추석,2025-10-07,화,경기,의왕시,1,0,0,1
2025,추석,2025-10-07,화,경기,의정부시,3,0,0,5
2025,추석,2025-10-07,화,경기,이천시,4,0,2,7
2025,추석,2025-10-07,화,경기,파주시,1,0,0,1
2025,추석,2025-10-07,화,경기,평택시,6,0,2,16
2025,추석,2025-10-07,화,경기,포천시,1,0,0,4
2025,추석,2025-10-07,화,경기,하남시,0,0,0,0
2025,추석,2025-10-07,화,경기,화성시,9,0,2,15
2025,추석,2025-10-07,화,경남,거제시,1,0,1,1
2025,추석,2025-10-07,화,경남,거창군,0,0,0,0
2025,추석,2025-10-07,화,경남,고성군,0,0,0,0
2025,추석,2025-10-07,화,경남,김해시,2,0,0,2
2025,추석,2025-10-07,화,경남,남해군,0,0,0,0
2025,추석,2025-10-07,화,경남,밀양시,0,0,0,0
2025,추석,2025-10-07,화,경남,사천시,2,0,0,2
2025,추석,2025-10-07,화,경남,산청군,0,0,0,0
2025,추석,2025-10-07,화,경남,소계,15,0,6,24
2025,추석,2025-10-07,화,경남,양산시,3,0,3,9
2025,추석,2025-10-07,화,경남,의령군,0,0,0,0
2025,추석,2025-10-07,화,경남,진주시,2,0,2,2
2025,추석,2025-10-07,화,경남,창녕군,0,0,0,0
2025,추석,2025-10-07,화,경남,창원시,1,0,0,1
2025,추석,2025-10-07,화,경남,통영시,1,0,0,2
2025,추석,2025-10-07,화,경남,하동군,0,0,0,0
2025,추석,2025-10-07,화,경남,함안군,0,0,0,0
2025,추석,2025-10-07,화,경남,함양군,2,0,0,4
2025,추석,2025-10-07,화,경남,합천군,1,0,0,1
2025,추석,2025-10-07,화,경북,경산시,1,0,1,1
2025,추석,2025-10-07,화,경북,경주시,0,0,0,0
2025,추석,2025-10-07,화,경북,고령군,0,0,0,0
2025,추석,2025-10-07,화,경북,구미시,2,0,0,4
2025,추석,2025-10-07,화,경북,김천시,2,0,0,2
2025,추석,2025-10-07,화,경북,문경시,1,0,1,1
2025,추석,2025-10-07,화,경북,봉화군,0,0,0,0
2025,추석,2025-10-07,화,경북,상주시,0,0,0,0
2025,추석,2025-10-07,화,경북,성주군,0,0,0,0
2025,추석,2025-10-07,화,경북,소계,23,0,10,41
2025,추석,2025-10-07,화,경북,안동시,3,0,0,8
2025,추석,2025-10-07,화,경북,영덕군,3,0,0,9
2025,추석,2025-10-07,화,경북,영양군,0,0,0,0
2025,추석,2025-10-07,화,경북,영주시,0,0,0,0
2025,추석,2025-10-07,화,경북,영천시,0,0,0,0
2025,추석,2025-10-07,화,경북,예천군,0,0,0,0
2025,추석,2025-10-07,화,경북,울릉군,0,0,0,0
2025,추석,2025-10-07,화,경북,울진군,1,0,2,2
2025,추석,2025-10-07,화,경북,의성군,1,0,1,2
2025,추석,2025-10-07,화,경북,청도군,0,0,0,0
2025,추석,2025-10-07,화,경북,청송군,0,0,0,0
2025,추석,2025-10-07,화,경북,칠곡군,2,0,0,2
2025,추석,2025-10-07,화,경북,포항시,7,0,5,10
2025,추석,2025-10-07,화,광주,광산구,2,0,1,3
2025,추석,2025-10-07,화,광주,남구,2,0,0,2
2025,추석,2025-10-07,화,광주,동구,1,0,1,2
2025,추석,2025-10-07,화,광주,북구,4,0,0,5
2025,추석,2025-10-07,화,광주,서구,1,0,0,4
2025,추석,2025-10-07,화,광주,소계,10,0,2,16
2025,추석,2025-10-07,화,대구,군위군,0,0,0,0
2025,추석,2025-10-07,화,대구,남구,1,0,0,1
2025,추석,2025-10-07,화,대구,달서구,5,0,0,9
2025,추석,2025-10-07,화,대구,달성군,1,0,0,5
2025,추석,2025-10-07,화,대구,동구,3,0,0,5
2025,추석,2025-10-07,화,대구,북구,1,0,1,1
2025,추석,2025-10-07,화,대구,서구,2,0,0,9
2025,추석,2025-10-07,화,대구,소계,18,0,2,36
2025,추석,2025-10-07,화,대구,수성구,2,0,1,2
2025,추석,2025-10-07,화,대구,중구,3,0,0,4
2025,추석,2025-10-07,화,대전,대덕구,1,0,0,1
2025,추석,2025-10-07,화,대전,동구,4,0,1,4
2025,추석,2025-10-07,화,대전,서구,7,0,4,13
2025,추석,2025-10-07,화,대전,소계,18,0,7,28
2025,추석,2025-10-07,화,대전,유성구,4,0,0,8
2025,추석,2025-10-07,화,대전,중구,2,0,2,2
2025,추석,2025-10-07,화,부산,강서구,1,0,0,1
2025,추석,2025-10-07,화,부산,금정구,2,0,2,8
2025,추석,2025-10-07,화,부산,기장군,0,0,0,0
2025,추석,2025-10-07,화,부산,남구,1,0,0,1
2025,추석,2025-10-07,화,부산,동구,0,0,0,0
2025,추석,2025-10-07,화,부산,동래구,0,0,0,0
2025,추석,2025-10-07,화,부산,북구,1,0,1,1
2025,추석,2025-10-07,화,부산,사상구,0,0,0,0
2025,추석,2025-10-07,화,부산,사하구,2,0,0,3
2025,추석,2025-10-07,화,부산,서구,2,0,1,2
2025,추석,2025-10-07,화,부산,소계,22,0,8,37
2025,추석,2025-10-07,화,부산,수영구,2,0,1,3
2025,추석,2025-10-07,화,부산,연제구,0,0,0,0
2025,추석,2025-10-07,화,부산,영도구,0,0,0,0
2025,추석,2025-10-07,화,부산,중구,0,0,0,0
2025,추석,2025-10-07,화,부산,진구,10,0,3,17
2025,추석,2025-10-07,화,부산,해운대구,1,0,0,1
2025,추석,2025-10-07,화,서울,강남구,4,0,0,5
2025,추석,2025-10-07,화,서울,강동구,2,0,0,2
2025,추석,2025-10-07,화,서울,강북구,0,0,0,0
2025,추석,2025-10-07,화,서울,강서구,3,0,0,4
2025,추석,2025-10-07,화,서울,관악구,3,0,0,3
2025,추석,2025-10-07,화,서울,광진구,0,0,0,0
2025,추석,2025-10-07,화,서울,구로구,2,0,0,3
2025,추석,2025-10-07,화,서울,금천구,3,0,1,3
2025,추석,2025-10-07,화,서울,노원구,5,0,1,7
2025,추석,2025-10-07,화,서울,도봉구,1,0,0,1
2025,추석,2025-10-07,화,서울,동대문구,3,0,0,8
2025,추석,2025-10-07,화,서울,동작구,4,0,1,4
2025,추석,2025-10-07,화,서울,마포구,0,0,0,0
2025,추석,2025-10-07,화,서울,서대문구,1,0,0,1
2025,추석,2025-10-07,화,서울,서초구,1,0,0,1
2025,추석,2025-10-07,화,서울,성동구,2,0,0,2
2025,추석,2025-10-07,화,서울,성북구,3,0,0,4
2025,추석,2025-10-07,화,서울,소계,53,0,5,74
2025,추석,2025-10-07,화,서울,송파구,2,0,0,2
2025,추석,2025-10-07,화,서울,양천구,2,0,0,4
2025,추석,2025-10-07,화,서울,영등포구,2,0,0,3
2025,추석,2025-10-07,화,서울,용산구,2,0,1,2
2025,추석,2025-10-07,화,서울,은평구,1,0,0,1
2025,추석,2025-10-07,화,서울,종로구,1,0,0,6
2025,추석,2025-10-07,화,서울,중구,3,0,1,5
2025,추석,2025-10-07,화,서울,중랑구,3,0,0,3
2025,추석,2025-10-07,화,세종,세종시,1,0,0,2
2025,추석,2025-10-07,화,세종,소계,1,0,0,2
2025,추석,2025-10-07,화,울산,남구,4,0,3,7
2025,추석,2025-10-07,화,울산,동구,1,0,0,1
2025,추석,2025-10-07,화,울산,북구,2,0,1,5
2025,추석,2025-10-07,화,울산,소계,9,0,4,17
2025,추석,2025-10-07,화,울산,울주군,1,0,0,2
2025,추석,2025-10-07,화,울산,중구,1,0,0,2
2025,추석,2025-10-07,화,인천,강화군,0,0,0,0
2025,추석,2025-10-07,화,인천,계양구,0,0,0,0
2025,추석,2025-10-07,화,인천,남동구,4,1,2,4
2025,추석,2025-10-07,화,인천,동구,0,0,0,0
2025,추석,2025-10-07,화,인천,미추홀구,3,0,0,4
2025,추석,2025-10-07,화,인천,부평구,1,0,0,1
2025,추석,2025-10-07,화,인천,서구,3,0,0,4
2025,추석,2025-10-07,화,인천,소계,17,1,2,25
2025,추석,2025-10-07,화,인천,연수구,2,0,0,4
2025,추석,2025-10-07,화,인천,옹진군,0,0,0,0
2025,추석,2025-10-07,화,인천,중구,4,0,0,8
2025,추석,2025-10-07,화,전국,전국,415,7,107,740
2025,추석,2025-10-07,화,전남,강진군,0,0,0,0
2025,추석,2025-10-07,화,전남,고흥군,0,0,0,0
2025,추석,2025-10-07,화,전남,곡성군,0,0,0,0
2025,추석,2025-10-07,화,전남,광양시,0,0,0,0
2025,추석,2025-10-07,화,전남,구례군,1,1,1,1
2025,추석,2025-10-07,화,전남,나주시,1,0,0,3
2025,추석,2025-10-07,화,전남,담양군,1,0,0,1
2025,추석,2025-10-07,화,전남,목포시,5,0,0,6
2025,추석,2025-10-07,화,전남,무안군,0,0,0,0
2025,추석,2025-10-07,화,전남,보성군,1,0,0,7
2025,추석,2025-10-07,화,전남,소계,22,1,2,54
2025,추석,2025-10-07,화,전남,순천시,2,0,0,3
2025,추석,2025-10-07,화,전남,신안군,1,0,0,4
2025,추석,2025-10-07,화,전남,여수시,7,0,0,18
2025,추석,2025-10-07,화,전남,영광군,0,0,0,0
2025,추석,2025-10-07,화,전남,영암군,0,0,0,0
2025,추석,2025-10-07,화,전남,완도군,0,0,0,0
2025,추석,2025-10-07,화,전남,장성군,2,0,1,4
2025,추석,2025-10-07,화,전남,장흥군,0,0,0,0
2025,추석,2025-10-07,화,전남,진도군,0,0,0,0
2025,추석,2025-10-07,화,전남,함평군,0,0,0,0
2025,추석,2025-10-07,화,전남,해남군,1,0,0,7
2025,추석,2025-10-07,화,전남,화순군,0,0,0,0
2025,추석,2025-10-07,화,전북,고창군,2,0,1,2
2025,추석,2025-10-07,화,전북,군산시,4,0,0,18
2025,추석,2025-10-07,화,전북,김제시,1,0,0,7
2025,추석,2025-10-07,화,전북,남원시,1,0,1,1
2025,추석,2025-10-07,화,전북,무주군,0,0,0,0
2025,추석,2025-10-07,화,전북,부안군,1,0,0,1
2025,추석,2025-10-07,화,전북,소계,17,0,6,41
2025,추석,2025-10-07,화,전북,순창군,0,0,0,0
2025,추석,2025-10-07,화,전북,완주군,2,0,1,4
2025,추석,2025-10-07,화,전북,익산시,2,0,1,4
2025,추석,2025-10-07,화,전북,임실군,0,0,0,0
2025,추석,2025-10-07,화,전북,장수군,0,0,0,0
2025,추석,2025-10-07,화,전북,전주시,4,0,2,4
2025,추석,2025-10-07,화,전북,정읍시,0,0,0,0
2025,추석,2025-10-07,화,전북,진안군,0,0,0,0
2025,추석,2025-10-07,화,제주,서귀포시,2,0,2,24
2025,추석,2025-10-07,화,제주,소계,13,0,4,39
2025,추석,2025-10-07,화,제주,제주시,11,0,2,15
2025,추석,2025-10-07,화,충남,계룡시,0,0,0,0
2025,추석,2025-10-07,화,충남,공주시,3,1,2,3
2025,추석,2025-10-07,화,충남,금산군,1,0,1,1
2025,추석,2025-10-07,화,충남,논산시,2,0,2,5
2025,추석,2025-10-07,화,충남,당진시,2,0,1,3
2025,추석,2025-10-07,화,충남,보령시,4,0,0,5
2025,추석,2025-10-07,화,충남,부여군,0,0,0,0
2025,추석,2025-10-07,화,충남,서산시,1,0,0,1
2025,추석,2025-10-07,화,충남,서천군,0,0,0,0
2025,추석,2025-10-07,화,충남,소계,28,1,7,40
2025,추석,2025-10-07,화,충남,아산시,3,0,0,3
2025,추석,2025-10-07,화,충남,예산군,1,0,0,3
2025,추석,2025-10-07,화,충남,천안시,7,0,1,10
2025,추석,2025-10-07,화,충남,청양군,0,0,0,0
2025,추석,2025-10-07,화,충남,태안군,3,0,0,5
2025,추석,2025-10-07,화,충남,홍성군,1,0,0,1
2025,추석,2025-10-07,화,충북,괴산군,0,0,0,0
2025,추석,2025-10-07,화,충북,단양군,0,0,0,0
2025,추석,2025-10-07,화,충북,보은군,0,0,0,0
2025,추석,2025-10-07,화,충북,소계,18,0,1,30
2025,추석,2025-10-07,화,충북,영동군,0,0,0,0
2025,추석,2025-10-07,화,충북,옥천군,0,0,0,0
2025,추석,2025-10-07,화,충북,음성군,1,0,0,1
2025,추석,2025-10-07,화,충북,제천시,2,0,0,2
2025,추석,2025-10-07,화,충북,증평군,1,0,0,2
2025,추석,2025-10-07,화,충북,진천군,0,0,0,0
2025,추석,2025-10-07,화,충북,청주시,11,0,0,21
2025,추석,2025-10-07,화,충북,충주시,3,0,1,4
2025,추석,2025-10-08,수,강원,강릉시,3,0,3,6
2025,추석,2025-10-08,수,강원,고성군,0,0,0,0
2025,추석,2025-10-08,수,강원,동해시,0,0,0,0
2025,추석,2025-10-08,수,강원,삼척시,1,0,1,1
2025,추석,2025-10-08,수,강원,소계,15,0,14,42
2025,추석,2025-10-08,수,강원,속초시,3,0,2,10
2025,추석,2025-10-08,수,강원,양구군,0,0,0,0
2025,추석,2025-10-08,수,강원,양양군,0,0,0,0
2025,추석,2025-10-08,수,강원,영월군,0,0,0,0
2025,추석,2025-10-08,수,강원,원주시,2,0,1,3
2025,추석,2025-10-08,수,강원,인제군,0,0,0,0
2025,추석,2025-10-08,수,강원,정선군,0,0,0,0
2025,추석,2025-10-08,수,강원,철원군,1,0,1,1
2025,추석,2025-10-08,수,강원,춘천시,0,0,0,0
2025,추석,2025-10-08,수,강원,태백시,0,0,0,0
2025,추석,2025-10-08,수,강원,평창군,0,0,0,0
2025,추석,2025-10-08,수,강원,홍천군,4,0,4,19
2025,추석,2025-10-08,수,강원,화천군,0,0,0,0
2025,추석,2025-10-08,수,강원,횡성군,1,0,2,2
2025,추석,2025-10-08,수,경기,가평군,4,0,1,7
2025,추석,2025-10-08,수,경기,고양시,7,0,0,11
2025,추석,2025-10-08,수,경기,과천시,1,0,0,1
2025,추석,2025-10-08,수,경기,광명시,2,0,0,2
2025,추석,2025-10-08,수,경기,광주시,4,0,0,6
2025,추석,2025-10-08,수,경기,구리시,1,0,1,1
2025,추석,2025-10-08,수,경기,군포시,1,0,0,1
2025,추석,2025-10-08,수,경기,김포시,9,0,4,17
2025,추석,2025-10-08,수,경기,남양주시,8,0,1,18
2025,추석,2025-10-08,수,경기,동두천시,0,0,0,0
2025,추석,2025-10-08,수,경기,부천시,7,0,2,8
2025,추석,2025-10-08,수,경기,성남시,12,0,7,25
2025,추석,2025-10-08,수,경기,소계,130,0,36,218
2025,추석,2025-10-08,수,경기,수원시,12,0,1,23
2025,추석,2025-10-08,수,경기,시흥시,4,0,2,8
2025,추석,2025-10-08,수,경기,안산시,8,0,0,14
2025,추석,2025-10-08,수,경기,안성시,3,0,1,4
2025,추석,2025-10-08,수,경기,안양시,0,0,0,0
2025,추석,2025-10-08,수,경기,양주시,3,0,0,8
2025,추석,2025-10-08,수,경기,양평군,1,0,0,3
2025,추석,2025-10-08,수,경기,여주시,2,0,0,2
2025,추석,2025-10-08,수,경기,연천군,0,0,0,0
2025,추석,2025-10-08,수,경기,오산시,4,0,1,8
2025,추석,2025-10-08,수,경기,용인시,9,0,1,12
2025,추석,2025-10-08,수,경기,의왕시,0,0,0,0
2025,추석,2025-10-08,수,경기,의정부시,5,0,1,8
2025,추석,2025-10-08,수,경기,이천시,2,0,2,2
2025,추석,2025-10-08,수,경기,파주시,3,0,2,3
2025,추석,2025-10-08,수,경기,평택시,8,0,3,13
2025,추석,2025-10-08,수,경기,포천시,0,0,0,0
2025,추석,2025-10-08,수,경기,하남시,1,0,1,1
2025,추석,2025-10-08,수,경기,화성시,9,0,5,12
2025,추석,2025-10-08,수,경남,거제시,4,0,2,7
2025,추석,2025-10-08,수,경남,거창군,0,0,0,0
2025,추석,2025-10-08,수,경남,고성군,1,0,2,2
2025,추석,2025-10-08,수,경남,김해시,6,0,3,7
2025,추석,2025-10-08,수,경남,남해군,0,0,0,0
2025,추석,2025-10-08,수,경남,밀양시,0,0,0,0
2025,추석,2025-10-08,수,경남,사천시,0,0,0,0
2025,추석,2025-10-08,수,경남,산청군,0,0,0,0
2025,추석,2025-10-08,수,경남,소계,27,1,14,43
2025,추석,2025-10-08,수,경남,양산시,2,0,1,5
2025,추석,2025-10-08,수,경남,의령군,0,0,0,0
2025,추석,2025-10-08,수,경남,진주시,2,1,1,1
2025,추석,2025-10-08,수,경남,창녕군,1,0,0,1
2025,추석,2025-10-08,수,경남,창원시,6,0,3,9
2025,추석,2025-10-08,수,경남,통영시,2,0,1,5
2025,추석,2025-10-08,수,경남,하동군,0,0,0,0
2025,추석,2025-10-08,수,경남,함안군,1,0,1,1
2025,추석,2025-10-08,수,경남,함양군,1,0,0,1
2025,추석,2025-10-08,수,경남,합천군,1,0,0,4
2025,추석,2025-10-08,수,경북,경산시,1,1,0,0
2025,추석,2025-10-08,수,경북,경주시,3,0,1,4
2025,추석,2025-10-08,수,경북,고령군,0,0,0,0
2025,추석,2025-10-08,수,경북,구미시,3,0,1,5
2025,추석,2025-10-08,수,경북,김천시,0,0,0,0
2025,추석,2025-10-08,수,경북,문경시,0,0,0,0
2025,추석,2025-10-08,수,경북,봉화군,0,0,0,0
2025,추석,2025-10-08,수,경북,상주시,1,0,2,2
2025,추석,2025-10-08,수,경북,성주군,0,0,0,0
2025,추석,2025-10-08,수,경북,소계,14,1,5,18
2025,추석,2025-10-08,수,경북,안동시,0,0,0,0
2025,추석,2025-10-08,수,경북,영덕군,0,0,0,0
2025,추석,2025-10-08,수,경북,영양군,0,0,0,0
2025,추석,2025-10-08,수,경북,영주시,1,0,0,1
2025,추석,2025-10-08,수,경북,영천시,0,0,0,0
2025,추석,2025-10-08,수,경북,예천군,0,0,0,0
2025,추석,2025-10-08,수,경북,울릉군,0,0,0,0
2025,추석,2025-10-08,수,경북,울진군,0,0,0,0
2025,추석,2025-10-08,수,경북,의성군,0,0,0,0
2025,추석,2025-10-08,수,경북,청도군,0,0,0,0
2025,추석,2025-10-08,수,경북,청송군,1,0,0,1
2025,추석,2025-10-08,수,경북,칠곡군,0,0,0,0
2025,추석,2025-10-08,수,경북,포항시,4,0,1,5
2025,추석,2025-10-08,수,광주,광산구,2,0,0,2
2025,추석,2025-10-08,수,광주,남구,3,1,1,2
2025,추석,2025-10-08,수,광주,동구,0,0,0,0
2025,추석,2025-10-08,수,광주,북구,5,0,0,9
2025,추석,2025-10-08,수,광주,서구,4,0,0,6
2025,추석,2025-10-08,수,광주,소계,14,1,1,19
2025,추석,2025-10-08,수,대구,군위군,1,0,0,1
2025,추석,2025-10-08,수,대구,남구,1,0,1,2
2025,추석,2025-10-08,수,대구,달서구,3,0,1,9
2025,추석,2025-10-08,수,대구,달성군,1,0,1,1
2025,추석,2025-10-08,수,대구,동구,5,0,0,5
2025,추석,2025-10-08,수,대구,북구,2,0,1,3
2025,추석,2025-10-08,수,대구,서구,2,0,2,5
2025,추석,2025-10-08,수,대구,소계,20,0,8,33
2025,추석,2025-10-08,수,대구,수성구,2,0,1,3
2025,추석,2025-10-08,수,대구,중구,3,0,1,4
2025,추석,2025-10-08,수,대전,대덕구,2,0,0,3
2025,추석,2025-10-08,수,대전,동구,2,0,0,3
2025,추석,2025-10-08,수,대전,서구,7,0,2,9
2025,추석,2025-10-08,수,대전,소계,18,0,4,22
2025,추석,2025-10-08,수,대전,유성구,2,0,1,2
2025,추석,2025-10-08,수,대전,중구,5,0,1,5
2025,추석,2025-10-08,수,부산,강서구,0,0,0,0
2025,추석,2025-10-08,수,부산,금정구,1,0,0,1
2025,추석,2025-10-08,수,부산,기장군,1,0,1,1
2025,추석,2025-10-08,수,부산,남구,2,0,0,5
2025,추석,2025-10-08,수,부산,동구,2,0,1,4
2025,추석,2025-10-08,수,부산,동래구,1,0,2,7
2025,추석,2025-10-08,수,부산,북구,2,0,0,2
2025,추석,2025-10-08,수,부산,사상구,2,0,1,5
2025,추석,2025-10-08,수,부산,사하구,1,0,1,1
2025,추석,2025-10-08,수,부산,서구,0,0,0,0
2025,추석,2025-10-08,수,부산,소계,23,0,9,44
2025,추석,2025-10-08,수,부산,수영구,4,0,2,5
2025,추석,2025-10-08,수,부산,연제구,0,0,0,0
2025,추석,2025-10-08,수,부산,영도구,0,0,0,0
2025,추석,2025-10-08,수,부산,중구,0,0,0,0
2025,추석,2025-10-08,수,부산,진구,3,0,0,5
2025,추석,2025-10-08,수,부산,해운대구,4,0,1,8
2025,추석,2025-10-08,수,서울,강남구,2,0,0,3
2025,추석,2025-10-08,수,서울,강동구,3,0,4,7
2025,추석,2025-10-08,수,서울,강북구,3,0,2,7
2025,추석,2025-10-08,수,서울,강서구,3,0,0,3
2025,추석,2025-10-08,수,서울,관악구,3,0,0,4
2025,추석,2025-10-08,수,서울,광진구,1,0,1,1
2025,추석,2025-10-08,수,서울,구로구,2,0,1,2
2025,추석,2025-10-08,수,서울,금천구,0,0,0,0
2025,추석,2025-10-08,수,서울,노원구,1,0,0,1
2025,추석,2025-10-08,수,서울,도봉구,1,0,1,1
2025,추석,2025-10-08,수,서울,동대문구,2,0,0,4
2025,추석,2025-10-08,수,서울,동작구,4,0,1,4
2025,추석,2025-10-08,수,서울,마포구,3,0,0,4
2025,추석,2025-10-08,수,서울,서대문구,2,0,0,2
2025,추석,2025-10-08,수,서울,서초구,3,0,0,6
2025,추석,2025-10-08,수,서울,성동구,3,0,0,4
2025,추석,2025-10-08,수,서울,성북구,1,0,0,1
2025,추석,2025-10-08,수,서울,소계,59,0,15,86
2025,추석,2025-10-08,수,서울,송파구,2,0,1,2
2025,추석,2025-10-08,수,서울,양천구,3,0,0,3
2025,추석,2025-10-08,수,서울,영등포구,6,0,2,8
2025,추석,2025-10-08,수,서울,용산구,3,0,0,5
2025,추석,2025-10-08,수,서울,은평구,4,0,1,5
2025,추석,2025-10-08,수,서울,종로구,1,0,0,4
2025,추석,2025-10-08,수,서울,중구,2,0,0,4
2025,추석,2025-10-08,수,서울,중랑구,1,0,1,1
2025,추석,2025-10-08,수,세종,세종시,4,0,3,5
2025,추석,2025-10-08,수,세종,소계,4,0,3,5
2025,추석,2025-10-08,수,울산,남구,1,0,0,2
2025,추석,2025-10-08,수,울산,동구,1,0,0,1
2025,추석,2025-10-08,수,울산,북구,0,0,0,0
2025,추석,2025-10-08,수,울산,소계,4,0,0,6
2025,추석,2025-10-08,수,울산,울주군,1,0,0,2
2025,추석,2025-10-08,수,울산,중구,1,0,0,1
2025,추석,2025-10-08,수,인천,강화군,0,0,0,0
2025,추석,2025-10-08,수,인천,계양구,3,0,0,3
2025,추석,2025-10-08,수,인천,남동구,4,0,2,4
2025,추석,2025-10-08,수,인천,동구,2,0,1,2
2025,추석,2025-10-08,수,인천,미추홀구,5,0,0,8
2025,추석,2025-10-08,수,인천,부평구,2,0,0,3
2025,추석,2025-10-08,수,인천,서구,5,0,0,6
2025,추석,2025-10-08,수,인천,소계,27,0,4,41
2025,추석,2025-10-08,수,인천,연수구,3,0,1,6
2025,추석,2025-10-08,수,인천,옹진군,0,0,0,0
2025,추석,2025-10-08,수,인천,중구,3,0,0,9
2025,추석,2025-10-08,수,전국,전국,444,6,148,722
2025,추석,2025-10-08,수,전남,강진군,0,0,0,0
2025,추석,2025-10-08,수,전남,고흥군,0,0,0,0
2025,추석,2025-10-08,수,전남,곡성군,0,0,0,0
2025,추석,2025-10-08,수,전남,광양시,0,0,0,0
2025,추석,2025-10-08,수,전남,구례군,1,0,0,1
2025,추석,2025-10-08,수,전남,나주시,1,0,1,1
2025,추석,2025-10-08,수,전남,담양군,1,0,2,2
2025,추석,2025-10-08,수,전남,목포시,1,0,0,1
2025,추석,2025-10-08,수,전남,무안군,2,0,2,2
2025,추석,2025-10-08,수,전남,보성군,1,0,1,1
2025,추석,2025-10-08,수,전남,소계,15,0,10,25
2025,추석,2025-10-08,수,전남,순천시,2,0,0,2
2025,추석,2025-10-08,수,전남,신안군,0,0,0,0
2025,추석,2025-10-08,수,전남,여수시,3,0,2,4
2025,추석,2025-10-08,수,전남,영광군,0,0,0,0
2025,추석,2025-10-08,수,전남,영암군,0,0,0,0
2025,추석,2025-10-08,수,전남,완도군,1,0,0,1
2025,추석,2025-10-08,수,전남,장성군,0,0,0,0
2025,추석,2025-10-08,수,전남,장흥군,0,0,0,0
2025,추석,2025-10-08,수,전남,진도군,1,0,2,8
2025,추석,2025-10-08,수,전남,함평군,0,0,0,0
2025,추석,2025-10-08,수,전남,해남군,0,0,0,0
2025,추석,2025-10-08,수,전남,화순군,1,0,0,2
2025,추석,2025-10-08,수,전북,고창군,0,0,0,0
2025,추석,2025-10-08,수,전북,군산시,2,2,0,1
2025,추석,2025-10-08,수,전북,김제시,1,0,0,1
2025,추석,2025-10-08,수,전북,남원시,2,0,1,2
2025,추석,2025-10-08,수,전북,무주군,0,0,0,0
2025,추석,2025-10-08,수,전북,부안군,1,0,0,1
2025,추석,2025-10-08,수,전북,소계,15,2,7,20
2025,추석,2025-10-08,수,전북,순창군,0,0,0,0
2025,추석,2025-10-08,수,전북,완주군,1,0,0,1
2025,추석,2025-10-08,수,전북,익산시,4,0,3,4
2025,추석,2025-10-08,수,전북,임실군,0,0,0,0
2025,추석,2025-10-08,수,전북,장수군,0,0,0,0
2025,추석,2025-10-08,수,전북,전주시,2,0,1,4
2025,추석,2025-10-08,수,전북,정읍시,1,0,0,1
2025,추석,2025-10-08,수,전북,진안군,1,0,2,5
2025,추석,2025-10-08,수,제주,서귀포시,2,0,0,2
2025,추석,2025-10-08,수,제주,소계,7,0,4,10
2025,추석,2025-10-08,수,제주,제주시,5,0,4,8
2025,추석,2025-10-08,수,충남,계룡시,0,0,0,0
2025,추석,2025-10-08,수,충남,공주시,2,0,2,3
2025,추석,2025-10-08,수,충남,금산군,0,0,0,0
2025,추석,2025-10-08,수,충남,논산시,2,0,3,5
2025,추석,2025-10-08,수,충남,당진시,3,0,0,3
2025,추석,2025-10-08,수,충남,보령시,0,0,0,0
2025,추석,2025-10-08,수,충남,부여군,1,0,0,2
2025,추석,2025-10-08,수,충남,서산시,2,0,1,2
2025,추석,2025-10-08,수,충남,서천군,0,0,0,0
2025,추석,2025-10-08,수,충남,소계,26,0,9,46
2025,추석,2025-10-08,수,충남,아산시,4,0,0,9
2025,추석,2025-10-08,수,충남,예산군,1,0,0,1
2025,추석,2025-10-08,수,충남,천안시,8,0,1,18
2025,추석,2025-10-08,수,충남,청양군,1,0,1,1
2025,추석,2025-10-08,수,충남,태안군,2,0,1,2
2025,추석,2025-10-08,수,충남,홍성군,0,0,0,0
2025,추석,2025-10-08,수,충북,괴산군,1,0,0,4
2025,추석,2025-10-08,수,충북,단양군,1,0,0,1
2025,추석,2025-10-08,수,충북,보은군,1,0,0,1
2025,추석,2025-10-08,수,충북,소계,26,1,5,44
2025,추석,2025-10-08,수,충북,영동군,1,0,0,1
2025,추석,2025-10-08,수,충북,옥천군,0,0,0,0
2025,추석,2025-10-08,수,충북,음성군,1,0,0,1
2025,추석,2025-10-08,수,충북,제천시,1,0,0,1
2025,추석,2025-10-08,수,충북,증평군,0,0,0,0
2025,추석,2025-10-08,수,충북,진천군,2,0,0,5
2025,추석,2025-10-08,수,충북,청주시,17,1,5,29
2025,추석,2025-10-08,수,충북,충주시,1,0,0,1
